CustomerID,gender,SeniorCitizen,Dependents,tenure,PhoneService,MultipleLines,InternetService,Contract,MonthlyCharges,Churn,Churn_Binary,Cluster
1,Female,0,No,1,No,No,DSL,Month-to-month,25,Yes,1,1
2,Male,0,No,41,Yes,No,DSL,One year,25,No,0,1
3,Female,0,Yes,52,Yes,No,DSL,Month-to-month,19,No,0,1
4,Female,0,No,1,Yes,No,DSL,One year,76,Yes,1,0
5,Male,0,No,67,Yes,No,Fiber optic,Month-to-month,51,No,0,2
6,Female,1,No,68,Yes,Yes,Fiber optic,Month-to-month,90,Yes,1,3
7,Female,0,Yes,23,Yes,Yes,Fiber optic,Month-to-month,77,No,0,0
8,Male,0,Yes,72,Yes,No,DSL,Month-to-month,72,No,0,2
9,Male,0,No,70,Yes,Yes,Fiber optic,Month-to-month,104,Yes,1,2
10,Male,0,No,1,Yes,No,DSL,One year,19,Yes,1,1
11,Male,0,No,1,Yes,No,DSL,Month-to-month,20,No,0,1
12,Male,0,Yes,34,Yes,No,DSL,Two year,84,No,0,2
13,Male,1,Yes,28,Yes,Yes,Fiber optic,One year,51,No,0,3
14,Female,1,No,18,Yes,Yes,Fiber optic,Month-to-month,85,Yes,1,3
15,Female,0,No,15,Yes,No,Fiber optic,Month-to-month,20,No,0,1
16,Female,1,No,11,Yes,Yes,Fiber optic,Two year,95,Yes,1,3
17,Male,0,No,11,Yes,No,DSL,One year,54,Yes,1,0
18,Male,0,Yes,1,Yes,Yes,Fiber optic,Two year,70,Yes,1,0
19,Female,0,Yes,37,Yes,No,DSL,Month-to-month,89,No,0,2
20,Male,0,Yes,22,Yes,No,Fiber optic,Month-to-month,89,Yes,1,0
21,Female,0,No,1,Yes,No,DSL,Month-to-month,70,No,0,0
22,Female,0,Yes,1,Yes,No,DSL,One year,19,No,0,1
23,Male,0,Yes,46,Yes,No,DSL,Month-to-month,80,No,0,2
24,Female,0,No,51,Yes,Yes,DSL,Two year,107,No,0,2
25,Female,0,No,41,Yes,No,DSL,Month-to-month,104,No,0,2
26,Female,0,No,5,Yes,No,DSL,Month-to-month,68,Yes,1,0
27,Female,0,No,45,Yes,Yes,Fiber optic,Month-to-month,89,Yes,1,2
28,Male,0,Yes,29,Yes,No,DSL,Month-to-month,60,No,0,1
29,Female,1,No,15,Yes,Yes,DSL,Two year,92,No,0,3
30,Male,0,No,72,No,No,DSL,Month-to-month,64,No,0,2
31,Male,0,No,50,Yes,Yes,Fiber optic,Two year,104,No,0,2
32,Male,0,Yes,27,Yes,No,Fiber optic,Month-to-month,21,No,0,1
33,Male,0,No,72,Yes,No,DSL,One year,85,No,0,2
34,Female,0,Yes,51,Yes,No,DSL,Month-to-month,70,No,0,2
35,Female,0,No,60,Yes,No,DSL,Month-to-month,94,No,0,2
36,Male,0,No,17,Yes,Yes,Fiber optic,Two year,19,No,0,1
37,Female,0,No,72,Yes,No,Fiber optic,Month-to-month,21,No,0,1
38,Female,0,No,33,Yes,No,Fiber optic,Month-to-month,104,Yes,1,2
39,Female,1,Yes,66,Yes,Yes,Fiber optic,Month-to-month,105,No,0,3
40,Female,0,Yes,69,Yes,Yes,Fiber optic,Month-to-month,104,Yes,1,2
41,Male,0,No,5,Yes,No,DSL,One year,70,Yes,1,0
42,Female,0,No,57,Yes,Yes,DSL,Two year,101,No,0,2
43,Female,1,No,8,Yes,No,DSL,One year,76,Yes,1,3
44,Female,0,No,14,Yes,Yes,DSL,Two year,51,No,0,0
45,Male,0,No,25,Yes,Yes,DSL,Month-to-month,95,Yes,1,0
46,Female,0,Yes,52,Yes,Yes,Fiber optic,Month-to-month,20,No,0,1
47,Female,1,No,7,Yes,No,DSL,Month-to-month,76,Yes,1,3
48,Male,0,No,13,Yes,No,Fiber optic,Month-to-month,80,Yes,1,0
49,Female,1,No,15,Yes,Yes,DSL,Two year,90,Yes,1,3
50,Male,0,No,22,Yes,Yes,DSL,Two year,55,Yes,1,0
51,Female,0,No,19,Yes,Yes,Fiber optic,Month-to-month,20,No,0,1
52,Male,0,Yes,23,No,No,Fiber optic,Month-to-month,30,No,0,1
53,Female,0,No,72,Yes,Yes,DSL,Month-to-month,114,No,0,2
54,Male,1,No,72,Yes,Yes,Fiber optic,Month-to-month,98,No,0,3
55,Female,0,Yes,59,Yes,No,DSL,One year,97,No,0,2
56,Female,0,Yes,70,Yes,Yes,Fiber optic,Month-to-month,75,No,0,2
57,Male,0,Yes,70,Yes,Yes,Fiber optic,One year,101,No,0,2
58,Male,0,Yes,9,Yes,Yes,Fiber optic,One year,103,No,0,0
59,Female,0,No,3,Yes,Yes,DSL,Two year,25,No,0,1
60,Male,1,No,17,Yes,Yes,Fiber optic,Two year,102,No,0,3
61,Female,0,Yes,28,Yes,Yes,Fiber optic,Month-to-month,70,No,0,0
62,Female,0,No,10,Yes,Yes,Fiber optic,Month-to-month,54,No,0,0
63,Male,0,Yes,11,Yes,No,DSL,Two year,21,No,0,1
64,Male,1,No,72,Yes,No,DSL,One year,103,No,0,3
65,Male,0,No,8,Yes,Yes,Fiber optic,Month-to-month,70,Yes,1,0
66,Male,1,No,69,Yes,No,DSL,Month-to-month,20,No,0,3
67,Female,0,Yes,39,Yes,Yes,Fiber optic,One year,20,No,0,1
68,Male,0,Yes,67,No,No,DSL,Two year,51,No,0,2
69,Male,0,No,39,Yes,No,DSL,Two year,20,No,0,1
70,Male,0,Yes,54,Yes,No,Fiber optic,Month-to-month,66,No,0,2
71,Female,0,No,1,Yes,No,DSL,Month-to-month,74,Yes,1,0
72,Female,0,Yes,72,No,No,DSL,One year,60,No,0,2
73,Male,0,No,10,Yes,Yes,Fiber optic,Two year,99,Yes,1,0
74,Male,0,Yes,13,Yes,Yes,DSL,Two year,97,Yes,1,0
75,Female,0,No,35,Yes,No,DSL,Month-to-month,99,No,0,2
76,Male,0,Yes,12,No,Yes,Fiber optic,One year,36,No,0,1
77,Male,0,No,31,Yes,No,DSL,One year,91,No,0,0
78,Female,0,Yes,53,Yes,No,DSL,Month-to-month,108,No,0,2
79,Male,0,No,1,Yes,No,DSL,Month-to-month,20,No,0,1
80,Male,0,No,30,Yes,Yes,DSL,One year,20,No,0,1
81,Female,0,No,46,Yes,No,Fiber optic,Month-to-month,75,No,0,2
82,Female,0,No,19,Yes,No,DSL,Month-to-month,90,Yes,1,0
83,Female,0,No,23,Yes,No,Fiber optic,Month-to-month,54,No,0,0
84,Female,1,No,15,Yes,No,Fiber optic,Month-to-month,55,Yes,1,3
85,Male,0,No,48,Yes,No,DSL,Two year,20,No,0,1
86,Male,0,Yes,25,Yes,Yes,Fiber optic,Month-to-month,96,Yes,1,0
87,Male,0,No,52,Yes,No,DSL,One year,105,Yes,1,2
88,Male,0,No,12,Yes,No,DSL,Two year,82,Yes,1,0
89,Female,0,No,48,Yes,No,DSL,Two year,25,No,0,1
90,Female,0,No,38,Yes,No,DSL,Month-to-month,20,No,0,1
91,Female,0,No,18,No,No,Fiber optic,Month-to-month,35,No,0,1
92,Female,0,No,45,Yes,No,Fiber optic,Month-to-month,50,No,0,1
93,Male,0,No,12,Yes,Yes,DSL,Two year,90,No,0,0
94,Female,1,No,66,Yes,Yes,Fiber optic,Month-to-month,102,No,0,3
95,Female,0,No,72,Yes,Yes,Fiber optic,Two year,20,No,0,1
96,Female,0,No,70,No,Yes,Fiber optic,Month-to-month,45,No,0,2
97,Female,0,No,27,Yes,Yes,DSL,One year,90,No,0,0
98,Male,0,No,1,Yes,No,DSL,Month-to-month,20,No,0,1
99,Male,1,No,13,Yes,No,DSL,Two year,95,Yes,1,3
100,Female,0,Yes,65,Yes,No,Fiber optic,Month-to-month,90,No,0,2
101,Female,0,Yes,14,Yes,No,DSL,Month-to-month,70,No,0,0
102,Female,0,Yes,17,Yes,No,DSL,Month-to-month,85,Yes,1,0
103,Female,0,No,31,Yes,Yes,Fiber optic,One year,21,No,0,1
104,Male,0,Yes,24,Yes,No,DSL,One year,24,No,0,1
105,Female,0,No,3,Yes,Yes,Fiber optic,Two year,20,No,0,1
106,Male,0,No,17,Yes,No,DSL,Month-to-month,77,Yes,1,0
107,Male,0,No,66,Yes,Yes,Fiber optic,One year,69,No,0,2
108,Male,0,No,45,Yes,No,DSL,One year,53,No,0,1
109,Male,0,No,35,Yes,Yes,Fiber optic,One year,92,No,0,2
110,Male,0,Yes,40,No,No,DSL,Two year,40,No,0,1
111,Female,0,No,10,Yes,Yes,Fiber optic,Month-to-month,85,Yes,1,0
112,Female,0,No,52,Yes,No,DSL,One year,64,No,0,2
113,Female,0,No,13,Yes,No,Fiber optic,Month-to-month,19,No,0,1
114,Female,1,No,43,Yes,Yes,Fiber optic,Month-to-month,90,No,0,3
115,Female,0,No,41,Yes,No,DSL,Two year,20,No,0,1
116,Female,1,No,52,No,No,Fiber optic,Month-to-month,50,No,0,3
117,Female,0,No,71,Yes,No,DSL,Two year,93,No,0,2
118,Male,0,No,61,Yes,Yes,Fiber optic,Month-to-month,106,No,0,2
119,Female,0,No,26,No,No,DSL,Two year,44,No,0,1
120,Male,0,Yes,72,Yes,Yes,Fiber optic,Month-to-month,68,No,0,2
121,Female,0,No,42,Yes,Yes,Fiber optic,One year,78,No,0,2
122,Female,0,Yes,57,Yes,No,DSL,Month-to-month,65,No,0,2
123,Male,0,Yes,9,Yes,Yes,Fiber optic,Month-to-month,20,No,0,1
124,Female,0,No,9,Yes,No,DSL,Month-to-month,71,Yes,1,0
125,Male,0,No,33,Yes,No,DSL,Month-to-month,45,No,0,1
126,Male,0,No,1,Yes,No,Fiber optic,Two year,19,No,0,1
127,Female,0,No,7,Yes,Yes,Fiber optic,Month-to-month,79,Yes,1,0
128,Male,0,No,1,Yes,Yes,DSL,Two year,72,Yes,1,0
129,Male,0,Yes,65,Yes,No,DSL,Month-to-month,20,No,0,1
130,Male,0,No,10,Yes,No,DSL,One year,86,Yes,1,0
131,Male,0,No,70,Yes,Yes,Fiber optic,Month-to-month,95,No,0,2
132,Female,0,No,29,Yes,No,DSL,Month-to-month,99,Yes,1,0
133,Male,0,Yes,21,Yes,No,DSL,Two year,104,Yes,1,0
134,Male,0,No,1,Yes,No,DSL,Month-to-month,91,Yes,1,0
135,Male,0,No,5,Yes,No,DSL,Month-to-month,20,No,0,1
136,Male,0,No,56,Yes,Yes,DSL,Two year,90,No,0,2
137,Male,0,Yes,35,Yes,No,Fiber optic,Month-to-month,85,Yes,1,2
138,Male,0,Yes,10,Yes,No,DSL,Two year,20,No,0,1
139,Female,0,No,31,No,No,DSL,Two year,50,No,0,1
140,Male,1,No,37,Yes,No,Fiber optic,Month-to-month,86,Yes,1,3
141,Male,1,No,57,Yes,Yes,DSL,Two year,95,Yes,1,3
142,Female,0,Yes,34,Yes,Yes,DSL,Month-to-month,26,No,0,1
143,Female,0,No,3,Yes,Yes,Fiber optic,Two year,99,Yes,1,0
144,Female,0,No,4,Yes,Yes,Fiber optic,One year,83,No,0,0
145,Female,0,No,54,Yes,Yes,DSL,Two year,20,No,0,1
146,Male,0,Yes,6,Yes,Yes,Fiber optic,Two year,20,No,0,1
147,Male,0,No,22,Yes,No,DSL,One year,60,No,0,0
148,Male,0,No,23,Yes,No,DSL,Month-to-month,97,No,0,0
149,Female,0,No,68,Yes,No,DSL,One year,58,No,0,2
150,Female,0,Yes,48,Yes,No,DSL,Month-to-month,20,No,0,1
151,Male,0,Yes,34,Yes,No,DSL,Month-to-month,21,No,0,1
152,Female,0,No,41,Yes,Yes,Fiber optic,Month-to-month,80,No,0,2
153,Male,0,No,9,Yes,Yes,Fiber optic,One year,76,No,0,0
154,Female,1,No,18,Yes,No,DSL,Two year,104,No,0,3
155,Male,0,No,35,Yes,No,DSL,Month-to-month,96,No,0,2
156,Male,0,Yes,55,Yes,No,Fiber optic,Month-to-month,79,No,0,2
157,Male,0,No,54,Yes,Yes,Fiber optic,Month-to-month,108,No,0,2
158,Female,1,No,2,Yes,No,DSL,One year,79,Yes,1,3
159,Male,0,No,52,Yes,No,DSL,Two year,106,No,0,2
160,Male,0,No,72,Yes,Yes,DSL,Two year,70,No,0,2
161,Male,0,No,9,Yes,No,DSL,Month-to-month,70,No,0,0
162,Female,0,Yes,3,Yes,Yes,Fiber optic,Month-to-month,70,No,0,0
163,Male,1,No,4,Yes,No,Fiber optic,Month-to-month,75,No,0,3
164,Male,0,Yes,69,Yes,Yes,DSL,Two year,76,No,0,2
165,Female,0,Yes,67,No,No,DSL,One year,36,No,0,1
166,Male,0,No,4,Yes,No,DSL,Two year,80,Yes,1,0
167,Male,0,No,13,No,No,Fiber optic,Month-to-month,46,Yes,1,1
168,Female,0,Yes,45,Yes,Yes,DSL,Two year,81,No,0,2
169,Male,0,No,68,Yes,No,DSL,Month-to-month,101,No,0,2
170,Female,0,Yes,69,Yes,No,DSL,Month-to-month,74,No,0,2
171,Female,0,No,70,No,No,Fiber optic,One year,58,No,0,2
172,Female,0,No,1,Yes,Yes,Fiber optic,Month-to-month,20,Yes,1,1
173,Female,0,Yes,45,Yes,No,DSL,Two year,26,No,0,1
174,Female,0,Yes,37,Yes,No,Fiber optic,One year,20,No,0,1
175,Female,0,Yes,10,No,No,DSL,One year,40,No,0,1
176,Female,0,Yes,1,Yes,Yes,DSL,Month-to-month,89,No,0,0
177,Male,0,Yes,29,Yes,Yes,Fiber optic,Month-to-month,69,No,0,0
178,Male,1,Yes,72,Yes,No,Fiber optic,Month-to-month,104,No,0,3
179,Female,0,No,2,Yes,Yes,Fiber optic,Month-to-month,76,Yes,1,0
180,Male,0,No,24,Yes,No,DSL,One year,54,No,0,0
181,Female,0,No,4,Yes,No,DSL,Month-to-month,79,Yes,1,0
182,Male,0,No,72,Yes,No,DSL,Month-to-month,19,No,0,1
183,Female,0,No,11,Yes,Yes,Fiber optic,Month-to-month,79,No,0,0
184,Female,0,Yes,44,Yes,No,DSL,One year,20,No,0,1
185,Male,0,Yes,62,Yes,No,Fiber optic,Month-to-month,20,No,0,1
186,Male,0,Yes,70,Yes,No,DSL,Month-to-month,25,No,0,1
187,Female,1,No,1,No,No,DSL,Month-to-month,25,Yes,1,3
188,Female,0,No,4,Yes,No,DSL,Month-to-month,106,Yes,1,0
189,Female,1,No,2,Yes,No,DSL,One year,86,Yes,1,3
190,Female,0,No,41,Yes,Yes,DSL,Month-to-month,56,No,0,0
191,Female,1,No,1,Yes,Yes,DSL,One year,19,Yes,1,3
192,Male,1,No,72,Yes,No,Fiber optic,Month-to-month,84,No,0,3
193,Female,0,No,63,Yes,No,DSL,Two year,109,No,0,2
194,Male,0,No,68,Yes,Yes,Fiber optic,Two year,80,No,0,2
195,Female,1,No,59,Yes,No,DSL,Two year,100,No,0,3
196,Male,1,No,52,No,No,Fiber optic,Month-to-month,49,No,0,3
197,Male,1,Yes,26,Yes,Yes,DSL,Two year,106,Yes,1,3
198,Male,0,No,66,No,Yes,Fiber optic,Month-to-month,57,No,0,2
199,Female,1,No,56,Yes,Yes,Fiber optic,Two year,96,No,0,3
200,Female,0,No,72,Yes,No,DSL,Month-to-month,79,No,0,2
201,Male,1,No,2,Yes,No,Fiber optic,One year,70,No,0,3
202,Male,0,No,68,Yes,No,Fiber optic,Month-to-month,117,No,0,2
203,Male,0,Yes,61,Yes,Yes,Fiber optic,Two year,85,No,0,2
204,Male,0,No,1,Yes,No,Fiber optic,Month-to-month,20,No,0,1
205,Male,0,No,2,Yes,No,Fiber optic,Month-to-month,20,No,0,1
206,Female,0,No,2,Yes,No,Fiber optic,One year,20,Yes,1,1
207,Male,1,Yes,68,Yes,No,DSL,Two year,85,No,0,3
208,Male,0,No,9,Yes,No,Fiber optic,Month-to-month,68,No,0,0
209,Male,0,No,13,Yes,No,Fiber optic,Month-to-month,83,Yes,1,0
210,Female,0,No,22,Yes,No,Fiber optic,One year,20,No,0,1
211,Male,0,Yes,66,Yes,No,DSL,Month-to-month,25,No,0,1
212,Male,0,Yes,8,Yes,No,DSL,Month-to-month,20,No,0,1
213,Male,0,Yes,2,Yes,No,DSL,Two year,70,No,0,0
214,Male,0,No,3,Yes,No,DSL,One year,56,No,0,0
215,Male,0,No,5,Yes,Yes,Fiber optic,Month-to-month,92,Yes,1,0
216,Male,0,No,13,Yes,No,DSL,Month-to-month,20,No,0,1
217,Male,0,Yes,53,Yes,No,DSL,Two year,65,No,0,2
218,Male,0,No,3,Yes,No,DSL,Two year,20,No,0,1
219,Male,0,No,46,Yes,Yes,DSL,Two year,95,No,0,2
220,Female,0,No,39,No,No,Fiber optic,Month-to-month,40,No,0,1
221,Female,0,Yes,30,Yes,No,Fiber optic,Month-to-month,108,No,0,2
222,Female,0,No,23,Yes,Yes,DSL,Two year,99,No,0,0
223,Male,0,Yes,40,Yes,No,DSL,One year,20,No,0,1
224,Female,0,No,45,Yes,No,DSL,Month-to-month,63,No,0,2
225,Male,0,No,53,Yes,No,DSL,One year,20,No,0,1
226,Female,1,No,72,Yes,No,DSL,One year,112,No,0,3
227,Male,0,Yes,28,Yes,No,DSL,One year,20,No,0,1
228,Female,0,No,49,Yes,No,DSL,Month-to-month,67,No,0,2
229,Male,0,No,1,Yes,Yes,Fiber optic,Month-to-month,75,Yes,1,0
230,Female,0,No,20,Yes,Yes,DSL,Two year,81,No,0,0
231,Female,0,Yes,53,Yes,Yes,Fiber optic,Two year,61,No,0,2
232,Male,0,No,67,Yes,No,Fiber optic,Month-to-month,69,No,0,2
233,Male,0,No,11,Yes,No,Fiber optic,Month-to-month,74,Yes,1,0
234,Female,0,Yes,52,Yes,No,DSL,Two year,86,No,0,2
235,Female,0,No,1,Yes,Yes,DSL,Month-to-month,91,Yes,1,0
236,Female,0,No,48,Yes,Yes,DSL,Month-to-month,56,No,0,2
237,Female,0,No,7,Yes,No,DSL,Two year,75,Yes,1,0
238,Male,0,Yes,7,Yes,Yes,Fiber optic,Month-to-month,71,No,0,0
239,Female,0,Yes,12,Yes,No,Fiber optic,Month-to-month,84,No,0,0
240,Male,0,No,40,Yes,No,DSL,Two year,25,No,0,1
241,Male,0,No,55,Yes,Yes,DSL,Two year,78,No,0,2
242,Female,0,No,20,Yes,Yes,Fiber optic,Two year,20,No,0,1
243,Male,0,No,1,No,No,DSL,One year,36,Yes,1,1
244,Female,0,Yes,72,Yes,No,Fiber optic,Month-to-month,84,No,0,2
245,Male,0,No,63,Yes,No,DSL,Month-to-month,110,No,0,2
246,Female,0,No,70,No,No,Fiber optic,Month-to-month,65,No,0,2
247,Female,0,No,8,Yes,Yes,DSL,One year,64,No,0,0
248,Female,0,No,1,Yes,No,Fiber optic,Month-to-month,46,Yes,1,0
249,Male,0,No,16,Yes,No,DSL,Month-to-month,20,No,0,1
250,Female,0,Yes,11,No,Yes,Fiber optic,One year,25,No,0,1
251,Male,0,No,11,Yes,No,Fiber optic,One year,75,Yes,1,0
252,Female,0,Yes,41,Yes,No,Fiber optic,Month-to-month,88,No,0,2
253,Male,0,Yes,14,Yes,No,DSL,Month-to-month,76,No,0,0
254,Female,0,No,61,Yes,Yes,DSL,One year,89,No,0,2
255,Female,0,No,20,Yes,No,DSL,Month-to-month,89,No,0,0
256,Female,0,No,47,Yes,No,DSL,Two year,106,Yes,1,2
257,Male,0,Yes,2,Yes,Yes,Fiber optic,Two year,60,No,0,0
258,Male,0,Yes,41,Yes,Yes,Fiber optic,One year,60,No,0,2
259,Female,0,No,72,Yes,No,DSL,Month-to-month,25,No,0,1
260,Female,0,Yes,72,Yes,No,DSL,Month-to-month,80,No,0,2
261,Female,0,No,46,Yes,No,DSL,Month-to-month,96,No,0,2
262,Male,0,No,1,Yes,Yes,Fiber optic,Month-to-month,20,Yes,1,1
263,Male,0,Yes,29,No,Yes,Fiber optic,Month-to-month,45,No,0,1
264,Female,0,No,37,Yes,No,DSL,Two year,100,No,0,2
265,Male,0,No,19,Yes,Yes,Fiber optic,One year,62,No,0,0
266,Female,0,Yes,49,Yes,Yes,DSL,Two year,78,No,0,2
267,Male,0,Yes,13,Yes,Yes,DSL,Two year,44,No,0,1
268,Female,0,No,22,Yes,No,Fiber optic,Month-to-month,50,No,0,0
269,Female,1,No,53,Yes,No,DSL,Two year,97,No,0,3
270,Male,0,No,24,Yes,Yes,DSL,Two year,50,Yes,1,0
271,Female,0,No,37,Yes,No,Fiber optic,Month-to-month,20,No,0,1
272,Male,0,Yes,6,Yes,No,DSL,Two year,55,Yes,1,0
273,Female,0,No,7,Yes,No,DSL,Month-to-month,80,Yes,1,0
274,Female,0,Yes,12,Yes,Yes,Fiber optic,Month-to-month,20,Yes,1,1
275,Female,0,No,71,Yes,No,Fiber optic,Month-to-month,25,No,0,1
276,Male,0,Yes,26,Yes,Yes,Fiber optic,Month-to-month,82,No,0,0
277,Female,0,No,6,Yes,Yes,Fiber optic,Month-to-month,46,No,0,0
278,Male,0,No,32,Yes,No,DSL,Month-to-month,88,No,0,0
279,Female,0,No,47,Yes,No,DSL,Month-to-month,59,No,0,2
280,Female,0,Yes,31,Yes,No,DSL,Month-to-month,21,No,0,1
281,Female,0,Yes,52,Yes,No,DSL,Month-to-month,84,No,0,2
282,Female,0,No,60,No,No,DSL,Month-to-month,61,No,0,2
283,Female,0,No,48,Yes,Yes,DSL,Month-to-month,66,No,0,2
284,Male,0,No,45,Yes,Yes,DSL,Month-to-month,19,No,0,1
285,Female,0,No,39,Yes,No,Fiber optic,Month-to-month,80,Yes,1,2
286,Female,1,No,1,Yes,Yes,Fiber optic,One year,86,Yes,1,3
287,Male,0,No,1,Yes,No,DSL,Month-to-month,70,Yes,1,0
288,Female,0,No,6,Yes,No,Fiber optic,Month-to-month,79,Yes,1,0
289,Male,0,No,9,Yes,No,Fiber optic,Month-to-month,76,No,0,0
290,Male,0,Yes,72,Yes,No,DSL,Month-to-month,114,No,0,2
291,Male,1,No,71,No,Yes,Fiber optic,Month-to-month,52,No,0,3
292,Male,0,Yes,71,Yes,No,DSL,One year,20,No,0,1
293,Female,0,No,64,Yes,No,Fiber optic,One year,95,No,0,2
294,Female,0,Yes,28,Yes,No,Fiber optic,Month-to-month,20,No,0,1
295,Female,0,Yes,70,Yes,No,DSL,Month-to-month,115,No,0,2
296,Male,1,No,39,Yes,No,DSL,Month-to-month,96,Yes,1,3
297,Female,0,Yes,16,Yes,No,Fiber optic,Two year,20,No,0,1
298,Male,1,No,66,Yes,Yes,Fiber optic,Month-to-month,111,Yes,1,3
299,Female,1,No,21,Yes,Yes,DSL,Month-to-month,95,No,0,3
300,Female,0,No,44,Yes,No,Fiber optic,Month-to-month,85,Yes,1,2
301,Female,1,No,54,Yes,No,DSL,One year,99,No,0,3
302,Male,0,No,4,Yes,Yes,Fiber optic,Month-to-month,57,No,0,0
303,Female,1,No,60,Yes,No,Fiber optic,Month-to-month,110,No,0,3
304,Male,0,No,26,Yes,No,DSL,Two year,92,No,0,0
305,Female,0,Yes,24,Yes,Yes,Fiber optic,Month-to-month,79,No,0,0
306,Male,0,Yes,53,Yes,Yes,DSL,Two year,19,No,0,1
307,Female,0,Yes,46,Yes,Yes,Fiber optic,Month-to-month,19,No,0,1
308,Female,0,Yes,56,Yes,No,DSL,Two year,89,No,0,2
309,Female,0,No,7,Yes,Yes,Fiber optic,Month-to-month,59,No,0,0
310,Female,0,No,1,Yes,Yes,DSL,One year,86,Yes,1,0
311,Male,0,No,1,Yes,No,DSL,Month-to-month,46,No,0,0
312,Male,0,No,60,Yes,No,Fiber optic,Month-to-month,20,No,0,1
313,Male,0,No,61,Yes,Yes,Fiber optic,Two year,21,No,0,1
314,Female,0,No,42,No,No,Fiber optic,Month-to-month,34,Yes,1,1
315,Male,0,No,27,Yes,No,Fiber optic,Month-to-month,20,No,0,1
316,Female,0,Yes,9,Yes,Yes,Fiber optic,One year,85,Yes,1,0
317,Female,0,No,72,Yes,No,DSL,Two year,20,No,0,1
318,Female,0,No,23,Yes,No,DSL,One year,20,No,0,1
319,Female,1,No,47,Yes,No,Fiber optic,Month-to-month,95,Yes,1,3
320,Female,1,No,54,Yes,Yes,Fiber optic,Month-to-month,19,No,0,3
321,Male,1,No,2,Yes,Yes,DSL,One year,96,No,0,3
322,Male,0,No,38,No,No,DSL,Two year,60,No,0,1
323,Female,1,No,47,Yes,No,DSL,Month-to-month,100,No,0,3
324,Male,0,No,22,Yes,No,DSL,One year,56,No,0,0
325,Male,0,No,2,Yes,No,DSL,Two year,91,No,0,0
326,Female,0,Yes,72,Yes,Yes,Fiber optic,Month-to-month,79,No,0,2
327,Male,1,No,58,No,No,Fiber optic,Month-to-month,45,Yes,1,3
328,Male,0,Yes,69,Yes,No,Fiber optic,Month-to-month,79,No,0,2
329,Male,0,No,18,Yes,No,DSL,Month-to-month,70,No,0,0
330,Female,0,Yes,55,Yes,Yes,Fiber optic,Month-to-month,20,No,0,1
331,Female,0,No,46,Yes,No,DSL,Two year,101,No,0,2
332,Male,0,No,5,Yes,No,DSL,One year,19,No,0,1
333,Female,0,No,4,No,Yes,Fiber optic,One year,34,Yes,1,1
334,Male,1,No,5,Yes,Yes,Fiber optic,Month-to-month,90,Yes,1,3
335,Female,0,Yes,65,Yes,Yes,Fiber optic,Month-to-month,61,No,0,2
336,Male,0,No,35,Yes,Yes,DSL,One year,21,No,0,1
337,Female,1,No,45,Yes,Yes,Fiber optic,Two year,97,No,0,3
338,Female,0,No,2,Yes,Yes,DSL,Two year,20,No,0,1
339,Female,0,Yes,22,Yes,No,Fiber optic,Month-to-month,80,No,0,0
340,Male,0,Yes,70,Yes,Yes,Fiber optic,Month-to-month,69,No,0,2
341,Female,0,Yes,30,Yes,No,DSL,Month-to-month,66,No,0,0
342,Male,0,No,61,Yes,Yes,DSL,Two year,108,No,0,2
343,Female,0,No,29,Yes,Yes,DSL,Month-to-month,20,No,0,1
344,Male,0,No,61,Yes,No,DSL,One year,106,Yes,1,2
345,Male,0,Yes,25,Yes,No,DSL,One year,90,Yes,1,0
346,Male,0,No,71,Yes,Yes,Fiber optic,Month-to-month,113,No,0,2
347,Female,0,No,1,No,No,Fiber optic,Month-to-month,35,No,0,1
348,Female,0,Yes,62,Yes,No,DSL,Two year,70,No,0,2
349,Male,0,No,64,Yes,No,DSL,Month-to-month,74,No,0,2
350,Female,0,Yes,64,Yes,No,Fiber optic,One year,91,No,0,2
351,Male,1,No,29,Yes,Yes,DSL,Two year,84,No,0,3
352,Female,0,No,2,Yes,No,DSL,One year,71,Yes,1,0
353,Male,0,No,1,Yes,No,Fiber optic,Month-to-month,20,No,0,1
354,Male,0,No,1,Yes,Yes,Fiber optic,Month-to-month,51,Yes,1,0
355,Female,0,Yes,45,Yes,No,DSL,Month-to-month,25,No,0,1
356,Male,0,No,66,Yes,No,Fiber optic,Month-to-month,114,No,0,2
357,Female,0,No,54,Yes,Yes,DSL,Month-to-month,107,Yes,1,2
358,Female,0,Yes,70,Yes,Yes,Fiber optic,Two year,80,No,0,2
359,Male,1,No,37,Yes,No,DSL,Month-to-month,92,Yes,1,3
360,Male,1,No,3,Yes,Yes,Fiber optic,One year,80,Yes,1,3
361,Male,0,Yes,23,Yes,No,DSL,Month-to-month,55,No,0,1
362,Female,1,No,60,Yes,No,Fiber optic,Two year,100,No,0,3
363,Female,0,No,35,No,No,DSL,One year,33,No,0,1
364,Female,0,Yes,27,Yes,No,DSL,Two year,74,No,0,0
365,Female,0,Yes,24,No,No,Fiber optic,Month-to-month,52,No,0,1
366,Female,1,No,2,Yes,No,Fiber optic,Month-to-month,94,Yes,1,3
367,Male,0,No,67,Yes,No,DSL,Month-to-month,91,Yes,1,2
368,Male,0,No,2,Yes,No,DSL,Month-to-month,48,Yes,1,0
369,Female,0,No,1,Yes,Yes,Fiber optic,One year,20,Yes,1,1
370,Female,0,Yes,1,Yes,Yes,Fiber optic,Two year,79,Yes,1,0
371,Female,0,No,14,Yes,No,DSL,One year,54,No,0,0
372,Male,1,No,38,Yes,Yes,Fiber optic,Month-to-month,95,No,0,3
373,Female,0,No,1,Yes,No,DSL,Two year,70,Yes,1,0
374,Female,0,No,2,Yes,Yes,Fiber optic,One year,70,No,0,0
375,Female,0,No,12,Yes,No,Fiber optic,Month-to-month,79,Yes,1,0
376,Male,0,Yes,31,Yes,Yes,DSL,One year,98,No,0,2
377,Male,0,Yes,35,Yes,No,DSL,Month-to-month,72,No,0,2
378,Male,1,No,72,Yes,Yes,Fiber optic,Month-to-month,110,No,0,3
379,Female,0,Yes,8,Yes,Yes,DSL,Two year,94,Yes,1,0
380,Male,0,No,10,Yes,Yes,Fiber optic,One year,98,Yes,1,0
381,Female,1,No,5,Yes,No,Fiber optic,One year,69,Yes,1,3
382,Male,0,Yes,63,Yes,No,DSL,Month-to-month,84,No,0,2
383,Female,0,No,71,Yes,No,DSL,Two year,26,No,0,1
384,Female,1,No,46,Yes,Yes,Fiber optic,Month-to-month,104,No,0,3
385,Female,0,Yes,52,Yes,Yes,Fiber optic,Two year,23,No,0,1
386,Male,0,No,1,Yes,No,DSL,Month-to-month,46,Yes,1,0
387,Male,0,No,1,Yes,Yes,Fiber optic,Month-to-month,80,Yes,1,0
388,Female,0,No,72,Yes,No,DSL,One year,113,No,0,2
389,Female,0,No,3,Yes,Yes,Fiber optic,Month-to-month,84,Yes,1,0
390,Male,0,No,28,Yes,No,DSL,Month-to-month,61,No,0,0
391,Female,0,Yes,39,Yes,Yes,Fiber optic,Month-to-month,51,No,0,1
392,Female,0,No,33,Yes,Yes,DSL,Month-to-month,26,No,0,1
393,Female,0,No,12,No,No,DSL,Month-to-month,61,No,0,0
394,Male,0,Yes,1,Yes,No,DSL,Month-to-month,74,Yes,1,0
395,Male,0,No,6,Yes,Yes,Fiber optic,Month-to-month,79,No,0,0
396,Male,0,No,3,Yes,Yes,DSL,Two year,86,No,0,0
397,Male,0,No,4,Yes,Yes,Fiber optic,Month-to-month,88,Yes,1,0
398,Male,0,Yes,34,Yes,No,Fiber optic,Month-to-month,90,No,0,2
399,Male,0,No,1,Yes,No,DSL,Month-to-month,20,No,0,1
400,Female,1,No,15,Yes,No,DSL,One year,96,Yes,1,3
401,Male,0,Yes,1,No,No,DSL,One year,25,Yes,1,1
402,Female,0,No,3,Yes,No,DSL,One year,51,Yes,1,0
403,Male,0,No,1,Yes,Yes,Fiber optic,Month-to-month,20,Yes,1,1
404,Female,0,No,3,Yes,No,DSL,One year,20,No,0,1
405,Female,0,Yes,30,Yes,No,DSL,Two year,81,No,0,0
406,Female,0,No,5,Yes,No,DSL,Two year,54,Yes,1,0
407,Male,1,No,68,Yes,Yes,Fiber optic,One year,20,No,0,3
408,Female,0,No,1,Yes,No,Fiber optic,Month-to-month,20,No,0,1
409,Female,0,No,5,Yes,No,DSL,Month-to-month,80,Yes,1,0
410,Female,0,No,1,Yes,No,DSL,Month-to-month,71,Yes,1,0
411,Male,0,Yes,13,Yes,Yes,Fiber optic,Month-to-month,20,No,0,1
412,Female,0,No,35,Yes,Yes,DSL,One year,80,No,0,0
413,Male,0,Yes,4,Yes,Yes,Fiber optic,Month-to-month,70,No,0,0
414,Male,0,No,9,No,Yes,Fiber optic,Month-to-month,25,No,0,1
415,Female,1,No,45,Yes,No,Fiber optic,Month-to-month,86,No,0,3
416,Female,0,No,21,No,No,Fiber optic,Month-to-month,28,No,0,1
417,Female,0,No,26,Yes,Yes,Fiber optic,Two year,89,Yes,1,0
418,Female,0,No,1,Yes,Yes,DSL,Two year,85,Yes,1,0
419,Female,1,No,2,Yes,No,Fiber optic,Month-to-month,89,Yes,1,3
420,Female,0,No,11,Yes,No,Fiber optic,Month-to-month,70,No,0,0
421,Female,0,No,59,Yes,Yes,DSL,Month-to-month,109,No,0,2
422,Female,0,No,31,Yes,No,Fiber optic,Month-to-month,84,No,0,0
423,Female,0,Yes,54,Yes,Yes,Fiber optic,One year,25,No,0,1
424,Female,0,Yes,16,Yes,Yes,DSL,One year,19,No,0,1
425,Male,1,No,9,Yes,No,DSL,Month-to-month,55,Yes,1,3
426,Female,0,No,21,Yes,Yes,DSL,Month-to-month,97,Yes,1,0
427,Male,0,No,1,Yes,Yes,Fiber optic,One year,21,No,0,1
428,Female,0,No,23,Yes,Yes,Fiber optic,Month-to-month,54,No,0,0
429,Male,1,No,7,Yes,Yes,Fiber optic,Month-to-month,74,Yes,1,3
430,Male,0,No,21,Yes,Yes,DSL,One year,104,No,0,0
431,Female,0,No,65,Yes,No,DSL,Month-to-month,108,No,0,2
432,Male,0,No,4,No,No,DSL,Two year,45,Yes,1,1
433,Male,0,Yes,72,Yes,No,DSL,Month-to-month,112,No,0,2
434,Male,1,No,68,No,No,DSL,Month-to-month,42,No,0,3
435,Female,0,Yes,67,Yes,No,DSL,Two year,85,No,0,2
436,Male,0,No,1,Yes,No,DSL,Month-to-month,79,Yes,1,0
437,Female,0,No,69,Yes,No,DSL,One year,96,No,0,2
438,Male,0,No,60,Yes,Yes,Fiber optic,Two year,90,No,0,2
439,Male,0,No,3,Yes,Yes,Fiber optic,Month-to-month,88,Yes,1,0
440,Male,0,Yes,63,No,No,DSL,Month-to-month,59,No,0,2
441,Male,0,Yes,71,Yes,Yes,Fiber optic,Month-to-month,91,No,0,2
442,Female,0,No,35,Yes,Yes,Fiber optic,Month-to-month,86,Yes,1,0
443,Female,0,No,34,Yes,Yes,Fiber optic,One year,70,Yes,1,0
444,Male,0,Yes,53,Yes,Yes,DSL,Month-to-month,70,No,0,2
445,Male,0,No,17,No,No,Fiber optic,Month-to-month,34,No,0,1
446,Female,0,Yes,1,Yes,Yes,Fiber optic,Month-to-month,60,Yes,1,0
447,Male,0,No,56,Yes,No,Fiber optic,Month-to-month,81,No,0,2
448,Male,0,Yes,7,Yes,Yes,DSL,Two year,50,Yes,1,0
449,Male,0,No,67,Yes,No,Fiber optic,Month-to-month,111,No,0,2
450,Male,0,No,11,Yes,No,Fiber optic,Two year,61,No,0,0
451,Male,0,Yes,1,Yes,Yes,DSL,One year,20,No,0,1
452,Male,0,No,2,Yes,No,DSL,Month-to-month,25,No,0,1
453,Female,0,No,69,Yes,No,DSL,Month-to-month,105,No,0,2
454,Male,0,No,1,Yes,No,Fiber optic,Month-to-month,80,Yes,1,0
455,Female,0,No,21,Yes,Yes,DSL,Two year,90,No,0,0
456,Male,1,No,72,Yes,Yes,Fiber optic,Month-to-month,97,No,0,3
457,Female,1,No,2,Yes,No,Fiber optic,One year,84,No,0,3
458,Male,0,No,57,Yes,No,DSL,Two year,21,No,0,1
459,Male,0,No,1,Yes,No,DSL,Month-to-month,90,Yes,1,0
460,Male,0,No,4,Yes,Yes,Fiber optic,Month-to-month,81,Yes,1,0
461,Female,0,No,2,Yes,No,DSL,Month-to-month,19,No,0,1
462,Female,0,No,9,Yes,No,DSL,Month-to-month,77,No,0,0
463,Female,0,No,71,Yes,Yes,Fiber optic,Month-to-month,111,No,0,2
464,Female,0,Yes,13,Yes,Yes,Fiber optic,Month-to-month,19,No,0,1
465,Male,0,Yes,50,Yes,Yes,Fiber optic,Two year,45,No,0,1
466,Male,1,No,10,Yes,No,DSL,Two year,90,Yes,1,3
467,Male,1,No,64,Yes,Yes,Fiber optic,Two year,94,No,0,3
468,Female,0,Yes,1,Yes,Yes,Fiber optic,One year,70,Yes,1,0
469,Male,0,No,2,No,No,DSL,Two year,25,No,0,1
470,Female,0,No,30,Yes,No,DSL,Month-to-month,110,No,0,0
471,Male,0,No,7,Yes,No,DSL,One year,90,Yes,1,0
472,Male,0,No,26,Yes,No,DSL,Month-to-month,19,No,0,1
473,Male,0,No,20,Yes,No,DSL,Month-to-month,50,No,0,0
474,Female,0,No,72,Yes,No,DSL,Month-to-month,26,No,0,1
475,Female,0,Yes,13,Yes,No,Fiber optic,Month-to-month,56,Yes,1,0
476,Male,0,No,70,Yes,Yes,Fiber optic,Month-to-month,85,No,0,2
477,Male,0,No,3,No,No,DSL,Month-to-month,30,No,0,1
478,Male,0,No,2,Yes,No,DSL,Month-to-month,76,Yes,1,0
479,Female,1,No,72,Yes,No,Fiber optic,Month-to-month,116,No,0,3
480,Male,1,No,33,Yes,No,Fiber optic,Month-to-month,84,Yes,1,3
481,Male,1,No,15,Yes,No,DSL,Two year,74,Yes,1,3
482,Male,0,No,1,No,No,DSL,Month-to-month,29,No,0,1
483,Male,1,No,55,Yes,No,Fiber optic,Month-to-month,99,Yes,1,3
484,Male,0,Yes,5,Yes,Yes,Fiber optic,One year,64,No,0,0
485,Male,0,No,3,Yes,No,Fiber optic,Month-to-month,80,Yes,1,0
486,Female,0,No,65,Yes,Yes,Fiber optic,Two year,90,No,0,2
487,Male,0,Yes,39,Yes,Yes,Fiber optic,Month-to-month,60,No,0,2
488,Male,0,No,70,Yes,Yes,DSL,Two year,25,No,0,1
489,Male,0,No,34,Yes,No,DSL,Two year,116,No,0,2
490,Male,0,No,30,Yes,Yes,Fiber optic,Month-to-month,50,No,0,1
491,Female,0,No,12,No,Yes,Fiber optic,Two year,50,No,0,0
492,Male,0,Yes,9,Yes,No,DSL,Month-to-month,20,No,0,1
493,Female,0,No,49,No,No,Fiber optic,Month-to-month,56,No,0,1
494,Female,0,No,7,Yes,Yes,DSL,One year,44,No,0,0
495,Female,1,No,38,Yes,No,DSL,Month-to-month,83,No,0,3
496,Male,0,No,63,Yes,No,DSL,One year,109,No,0,2
497,Male,1,No,1,Yes,No,DSL,Month-to-month,72,Yes,1,3
498,Male,0,No,30,Yes,No,DSL,Two year,90,No,0,0
499,Female,0,No,23,Yes,No,DSL,Month-to-month,74,No,0,0
500,Female,0,No,57,Yes,Yes,Fiber optic,Month-to-month,70,No,0,2
501,Female,1,No,70,Yes,Yes,Fiber optic,One year,76,No,0,3
502,Male,0,Yes,71,Yes,Yes,Fiber optic,Two year,107,No,0,2
503,Male,0,Yes,20,Yes,Yes,DSL,One year,50,No,0,1
504,Female,0,Yes,72,Yes,No,Fiber optic,Month-to-month,25,No,0,1
505,Male,0,No,22,Yes,Yes,DSL,Two year,70,No,0,0
506,Male,0,No,15,Yes,Yes,Fiber optic,Month-to-month,26,No,0,1
507,Female,0,No,9,No,Yes,Fiber optic,Month-to-month,49,Yes,1,0
508,Female,0,No,38,Yes,No,Fiber optic,Month-to-month,105,Yes,1,2
509,Male,1,No,7,No,Yes,Fiber optic,Month-to-month,30,No,0,3
510,Female,0,No,26,Yes,No,DSL,Month-to-month,73,No,0,0
511,Female,0,No,56,Yes,No,Fiber optic,One year,60,No,0,2
512,Female,0,No,49,Yes,Yes,Fiber optic,Month-to-month,20,No,0,1
513,Female,0,No,3,Yes,Yes,Fiber optic,Month-to-month,70,No,0,0
514,Male,1,No,1,Yes,Yes,Fiber optic,Month-to-month,74,Yes,1,3
515,Female,1,No,70,Yes,Yes,Fiber optic,Month-to-month,20,No,0,3
516,Female,0,No,23,Yes,Yes,Fiber optic,Month-to-month,56,No,0,0
517,Female,0,No,65,Yes,No,DSL,One year,60,No,0,2
518,Male,1,No,69,Yes,No,Fiber optic,Month-to-month,108,Yes,1,3
519,Female,0,No,1,Yes,No,Fiber optic,Month-to-month,55,Yes,1,0
520,Male,0,No,24,Yes,No,DSL,Month-to-month,90,Yes,1,0
521,Female,0,No,25,Yes,Yes,Fiber optic,One year,95,No,0,0
522,Female,0,No,17,Yes,Yes,DSL,Month-to-month,20,No,0,1
523,Male,0,No,32,Yes,Yes,Fiber optic,Month-to-month,70,No,0,0
524,Male,0,Yes,68,Yes,Yes,Fiber optic,Month-to-month,20,No,0,1
525,Female,0,Yes,70,Yes,Yes,Fiber optic,Month-to-month,20,No,0,1
526,Male,0,Yes,54,Yes,No,Fiber optic,One year,105,No,0,2
527,Female,0,No,15,Yes,Yes,Fiber optic,Two year,19,Yes,1,1
528,Male,0,Yes,71,Yes,Yes,Fiber optic,One year,67,No,0,2
529,Male,0,No,70,Yes,No,DSL,Two year,20,No,0,1
530,Female,1,No,53,Yes,Yes,Fiber optic,Two year,96,No,0,3
531,Female,0,No,2,Yes,No,DSL,Two year,80,No,0,0
532,Female,1,No,59,Yes,No,DSL,Two year,79,No,0,3
533,Female,0,No,22,Yes,No,Fiber optic,Month-to-month,84,No,0,0
534,Female,0,Yes,22,Yes,Yes,Fiber optic,One year,76,No,0,0
535,Female,0,No,57,No,Yes,Fiber optic,Month-to-month,50,No,0,1
536,Female,0,No,1,Yes,Yes,Fiber optic,Month-to-month,71,Yes,1,0
537,Female,0,Yes,10,Yes,Yes,Fiber optic,Month-to-month,102,Yes,1,0
538,Female,1,No,55,Yes,No,DSL,One year,52,No,0,3
539,Female,0,Yes,43,Yes,No,Fiber optic,One year,24,No,0,1
540,Female,1,No,18,No,No,DSL,Two year,48,Yes,1,3
541,Female,0,Yes,2,Yes,Yes,Fiber optic,Two year,81,No,0,0
542,Female,0,Yes,52,Yes,Yes,DSL,Month-to-month,25,No,0,1
543,Male,0,No,60,Yes,No,DSL,Month-to-month,61,No,0,2
544,Female,0,No,59,Yes,Yes,Fiber optic,Month-to-month,83,No,0,2
545,Female,0,No,69,Yes,No,DSL,Month-to-month,104,No,0,2
546,Male,0,No,14,Yes,No,Fiber optic,One year,101,Yes,1,0
547,Female,0,Yes,43,No,No,Fiber optic,Month-to-month,60,No,0,1
548,Female,0,Yes,12,Yes,Yes,Fiber optic,One year,19,No,0,1
549,Female,0,Yes,8,Yes,Yes,Fiber optic,One year,20,No,0,1
550,Female,0,Yes,3,Yes,No,DSL,Month-to-month,69,No,0,0
551,Male,0,Yes,58,Yes,Yes,Fiber optic,Two year,105,No,0,2
552,Female,0,Yes,13,Yes,Yes,Fiber optic,Two year,63,No,0,0
553,Male,0,No,23,Yes,No,DSL,Two year,20,No,0,1
554,Female,0,No,17,Yes,Yes,DSL,Two year,79,No,0,0
555,Male,0,No,52,Yes,Yes,Fiber optic,Month-to-month,109,No,0,2
556,Male,0,No,32,Yes,Yes,DSL,One year,79,Yes,1,0
557,Female,0,No,36,No,No,DSL,Month-to-month,35,No,0,1
558,Male,1,No,67,Yes,No,DSL,One year,25,No,0,3
559,Male,1,Yes,29,Yes,No,Fiber optic,Month-to-month,104,No,0,3
560,Female,0,No,65,Yes,No,DSL,Month-to-month,111,No,0,2
561,Male,1,No,41,Yes,Yes,Fiber optic,One year,84,Yes,1,3
562,Male,0,Yes,60,Yes,Yes,DSL,Month-to-month,66,No,0,2
563,Female,0,No,53,Yes,No,DSL,Month-to-month,20,No,0,1
564,Female,0,No,68,Yes,Yes,Fiber optic,Two year,25,No,0,1
565,Male,1,No,2,Yes,No,DSL,Month-to-month,75,Yes,1,3
566,Male,0,Yes,61,No,No,DSL,Two year,34,No,0,1
567,Male,0,Yes,41,Yes,No,Fiber optic,One year,20,No,0,1
568,Male,1,No,69,Yes,Yes,DSL,Two year,74,No,0,3
569,Male,1,Yes,35,Yes,Yes,Fiber optic,Month-to-month,76,No,0,3
570,Male,0,No,7,Yes,No,DSL,One year,51,Yes,1,0
571,Female,1,No,50,Yes,No,DSL,Two year,25,No,0,3
572,Male,0,Yes,36,Yes,Yes,DSL,Two year,64,No,0,2
573,Female,0,No,48,Yes,No,DSL,One year,100,No,0,2
574,Female,0,No,71,Yes,Yes,Fiber optic,One year,82,No,0,2
575,Male,1,No,65,Yes,Yes,Fiber optic,Month-to-month,109,No,0,3
576,Female,0,No,23,Yes,No,DSL,Two year,94,No,0,0
577,Female,1,No,66,Yes,Yes,Fiber optic,One year,64,No,0,3
578,Female,0,Yes,5,No,No,Fiber optic,Month-to-month,25,No,0,1
579,Male,1,No,72,Yes,Yes,Fiber optic,Month-to-month,113,No,0,3
580,Female,0,No,2,Yes,No,DSL,Month-to-month,20,No,0,1
581,Female,0,No,12,Yes,No,DSL,Month-to-month,19,No,0,1
582,Male,0,Yes,3,Yes,No,Fiber optic,Month-to-month,92,Yes,1,0
583,Male,0,No,72,Yes,Yes,Fiber optic,Month-to-month,89,No,0,2
584,Male,1,No,18,Yes,No,DSL,Month-to-month,59,No,0,3
585,Male,0,No,39,Yes,No,DSL,Month-to-month,54,No,0,1
586,Female,1,No,26,Yes,Yes,Fiber optic,Month-to-month,86,No,0,3
587,Female,0,No,72,Yes,No,DSL,Two year,65,No,0,2
588,Male,0,No,3,Yes,No,DSL,One year,24,No,0,1
589,Male,0,No,1,Yes,Yes,Fiber optic,Two year,60,Yes,1,0
590,Female,0,Yes,34,Yes,Yes,DSL,Two year,87,Yes,1,2
591,Female,0,No,11,Yes,Yes,Fiber optic,Two year,76,No,0,0
592,Male,0,No,66,Yes,Yes,DSL,One year,20,No,0,1
593,Female,0,No,2,Yes,Yes,DSL,Two year,81,Yes,1,0
594,Female,0,No,8,Yes,No,Fiber optic,Month-to-month,66,No,0,0
595,Female,0,No,33,Yes,No,DSL,Month-to-month,70,No,0,0
596,Female,0,No,72,Yes,Yes,DSL,Month-to-month,26,No,0,1
597,Female,0,No,58,Yes,No,DSL,Two year,60,No,0,2
598,Male,0,Yes,30,Yes,Yes,DSL,Month-to-month,84,No,0,0
599,Male,0,No,5,No,Yes,Fiber optic,One year,25,Yes,1,1
600,Female,1,Yes,46,Yes,No,DSL,Two year,110,No,0,3
601,Male,0,No,4,Yes,No,Fiber optic,Month-to-month,70,No,0,0
602,Female,0,No,40,Yes,No,DSL,One year,65,No,0,0
603,Male,0,No,72,Yes,Yes,Fiber optic,One year,84,No,0,2
604,Male,0,Yes,49,Yes,Yes,Fiber optic,Two year,100,Yes,1,2
605,Female,0,No,1,Yes,Yes,Fiber optic,One year,55,Yes,1,0
606,Male,0,No,52,Yes,Yes,DSL,Two year,85,Yes,1,2
607,Female,0,Yes,72,Yes,No,DSL,Two year,20,No,0,1
608,Female,1,Yes,28,No,No,DSL,One year,39,No,0,3
609,Male,0,No,33,Yes,Yes,Fiber optic,Two year,91,No,0,0
610,Female,0,Yes,10,Yes,Yes,Fiber optic,Month-to-month,74,No,0,0
611,Female,0,No,16,Yes,No,DSL,Month-to-month,93,Yes,1,0
612,Female,0,Yes,22,Yes,No,DSL,Month-to-month,70,Yes,1,0
613,Female,0,No,58,Yes,No,DSL,Two year,25,No,0,1
614,Male,0,No,72,Yes,Yes,Fiber optic,One year,110,No,0,2
615,Male,0,No,10,Yes,Yes,DSL,Two year,54,No,0,0
616,Female,0,No,5,Yes,Yes,DSL,Month-to-month,20,No,0,1
617,Female,0,No,2,Yes,No,DSL,Month-to-month,71,Yes,1,0
618,Female,0,No,2,Yes,Yes,Fiber optic,One year,71,Yes,1,0
619,Female,0,No,2,Yes,Yes,Fiber optic,Month-to-month,54,No,0,0
620,Female,0,Yes,53,Yes,Yes,Fiber optic,Month-to-month,104,No,0,2
621,Male,1,No,25,Yes,No,DSL,Month-to-month,89,Yes,1,3
622,Female,0,Yes,64,Yes,Yes,Fiber optic,One year,113,No,0,2
623,Female,0,No,2,Yes,No,Fiber optic,One year,46,No,0,0
624,Male,0,Yes,16,Yes,No,DSL,Two year,69,No,0,0
625,Female,0,No,39,Yes,No,DSL,Month-to-month,48,No,0,1
626,Male,0,No,35,Yes,No,Fiber optic,Month-to-month,26,No,0,1
627,Female,0,No,31,Yes,Yes,Fiber optic,Month-to-month,76,No,0,0
628,Female,0,No,5,Yes,Yes,Fiber optic,One year,54,Yes,1,0
629,Male,1,No,72,Yes,Yes,Fiber optic,Two year,112,No,0,3
630,Male,0,No,2,Yes,Yes,Fiber optic,Month-to-month,91,No,0,0
631,Female,0,No,61,Yes,Yes,Fiber optic,Month-to-month,90,No,0,2
632,Female,0,No,31,Yes,Yes,DSL,Month-to-month,65,Yes,1,0
633,Male,0,No,2,No,Yes,DSL,Two year,40,Yes,1,1
634,Male,0,Yes,1,Yes,No,DSL,One year,21,No,0,1
635,Female,0,Yes,1,Yes,No,DSL,One year,20,No,0,1
636,Male,0,No,59,Yes,Yes,Fiber optic,Month-to-month,20,No,0,1
637,Female,0,No,1,Yes,No,Fiber optic,Two year,96,Yes,1,0
638,Female,0,No,9,Yes,Yes,DSL,Two year,45,Yes,1,0
639,Female,0,Yes,14,Yes,Yes,Fiber optic,One year,92,Yes,1,0
640,Female,0,No,12,Yes,Yes,Fiber optic,Month-to-month,87,No,0,0
641,Female,0,No,47,Yes,Yes,DSL,Two year,74,No,0,2
642,Female,0,Yes,7,Yes,No,DSL,Month-to-month,49,No,0,0
643,Female,0,Yes,28,Yes,No,Fiber optic,Month-to-month,90,No,0,0
644,Female,0,Yes,70,Yes,No,Fiber optic,One year,20,No,0,1
645,Female,0,Yes,26,Yes,Yes,DSL,Month-to-month,20,No,0,1
646,Female,0,Yes,61,Yes,Yes,Fiber optic,Month-to-month,99,Yes,1,2
647,Female,0,No,70,Yes,No,DSL,Month-to-month,102,No,0,2
648,Female,0,No,1,Yes,Yes,DSL,One year,20,No,0,1
649,Female,1,No,37,Yes,Yes,Fiber optic,Month-to-month,97,Yes,1,3
650,Male,0,Yes,60,Yes,No,Fiber optic,Month-to-month,91,Yes,1,2
651,Male,1,Yes,71,Yes,No,Fiber optic,Month-to-month,105,Yes,1,3
652,Male,0,No,31,Yes,No,Fiber optic,Month-to-month,101,No,0,0
653,Male,0,Yes,14,Yes,No,DSL,Two year,20,No,0,1
654,Male,0,Yes,50,Yes,Yes,DSL,Month-to-month,103,No,0,2
655,Male,0,Yes,1,Yes,No,DSL,Month-to-month,20,No,0,1
656,Male,1,No,41,Yes,No,Fiber optic,Month-to-month,100,Yes,1,3
657,Male,1,No,30,Yes,Yes,DSL,Two year,50,Yes,1,3
658,Male,1,Yes,64,Yes,No,DSL,One year,24,No,0,3
659,Male,1,No,7,Yes,No,DSL,One year,64,No,0,3
660,Male,0,Yes,1,Yes,No,DSL,Month-to-month,75,No,0,0
661,Male,0,No,51,Yes,No,DSL,Month-to-month,84,No,0,2
662,Female,0,Yes,50,Yes,No,DSL,Month-to-month,80,No,0,2
663,Male,0,Yes,44,Yes,No,DSL,Month-to-month,20,No,0,1
664,Female,0,No,65,Yes,Yes,DSL,Two year,105,No,0,2
665,Female,1,No,1,No,No,DSL,Two year,26,Yes,1,3
666,Male,0,No,2,Yes,No,Fiber optic,Month-to-month,45,Yes,1,0
667,Female,0,No,48,Yes,No,Fiber optic,Month-to-month,102,No,0,2
668,Female,0,No,6,Yes,No,DSL,Month-to-month,110,Yes,1,0
669,Female,0,No,35,Yes,No,DSL,Month-to-month,62,No,0,0
670,Female,0,No,22,No,No,DSL,Two year,50,No,0,1
671,Male,0,Yes,72,No,No,DSL,One year,61,No,0,2
672,Female,1,Yes,55,Yes,Yes,DSL,Two year,76,No,0,3
673,Male,0,Yes,69,Yes,Yes,Fiber optic,Month-to-month,106,No,0,2
674,Male,1,No,72,Yes,Yes,DSL,Month-to-month,73,No,0,3
675,Female,1,No,1,Yes,No,DSL,Month-to-month,91,Yes,1,3
676,Female,0,Yes,26,Yes,Yes,Fiber optic,Two year,105,No,0,0
677,Male,0,Yes,23,Yes,Yes,DSL,One year,21,No,0,1
678,Female,0,No,2,Yes,No,DSL,Month-to-month,20,No,0,1
679,Male,0,No,2,Yes,Yes,Fiber optic,Month-to-month,76,Yes,1,0
680,Female,1,No,40,Yes,Yes,Fiber optic,Month-to-month,104,No,0,3
681,Female,0,No,1,Yes,No,Fiber optic,Month-to-month,95,Yes,1,0
682,Female,1,No,27,Yes,No,DSL,Two year,75,Yes,1,3
683,Female,0,Yes,9,Yes,No,DSL,Month-to-month,65,Yes,1,0
684,Female,1,No,50,Yes,Yes,Fiber optic,One year,88,Yes,1,3
685,Male,0,Yes,46,Yes,No,Fiber optic,Month-to-month,20,No,0,1
686,Female,0,No,15,Yes,No,DSL,Month-to-month,25,No,0,1
687,Female,0,No,23,Yes,Yes,DSL,One year,79,No,0,0
688,Female,0,No,2,Yes,No,DSL,Month-to-month,59,No,0,0
689,Male,0,No,18,Yes,No,DSL,One year,91,Yes,1,0
690,Female,1,No,70,Yes,Yes,Fiber optic,Month-to-month,76,No,0,3
691,Female,0,Yes,9,Yes,No,DSL,Month-to-month,49,No,0,0
692,Male,0,Yes,30,Yes,Yes,DSL,One year,68,No,0,0
693,Male,0,Yes,15,Yes,No,DSL,One year,75,No,0,0
694,Male,1,No,39,Yes,Yes,Fiber optic,Month-to-month,91,No,0,3
695,Female,0,No,12,Yes,No,DSL,One year,49,No,0,0
696,Male,0,No,19,Yes,No,DSL,Month-to-month,90,No,0,0
697,Male,1,No,24,Yes,Yes,DSL,Two year,55,No,0,3
698,Female,0,No,67,Yes,No,DSL,Month-to-month,103,Yes,1,2
699,Male,0,No,69,No,No,Fiber optic,One year,60,No,0,2
700,Female,0,Yes,55,Yes,Yes,DSL,Two year,85,No,0,2
701,Male,0,No,52,Yes,Yes,DSL,Two year,63,No,0,2
702,Female,0,No,17,Yes,Yes,Fiber optic,Month-to-month,94,Yes,1,0
703,Female,0,Yes,19,Yes,Yes,Fiber optic,Month-to-month,49,No,0,1
704,Male,0,No,39,Yes,No,DSL,Month-to-month,75,Yes,1,2
705,Male,0,No,40,Yes,No,DSL,Month-to-month,62,No,0,0
706,Male,0,No,26,Yes,No,Fiber optic,Month-to-month,21,No,0,1
707,Female,0,No,1,Yes,No,DSL,Two year,20,No,0,1
708,Male,1,No,18,Yes,Yes,Fiber optic,One year,79,Yes,1,3
709,Female,1,No,15,Yes,No,Fiber optic,Month-to-month,75,Yes,1,3
710,Female,0,No,2,Yes,Yes,DSL,Month-to-month,20,No,0,1
711,Female,0,No,1,Yes,No,DSL,Month-to-month,79,Yes,1,0
712,Male,0,No,23,Yes,No,Fiber optic,Month-to-month,95,No,0,0
713,Female,0,Yes,72,Yes,Yes,DSL,Two year,67,No,0,2
714,Female,0,No,2,Yes,Yes,Fiber optic,Month-to-month,20,No,0,1
715,Male,1,No,70,Yes,Yes,DSL,Two year,89,No,0,3
716,Female,0,Yes,46,Yes,Yes,Fiber optic,Month-to-month,20,No,0,1
717,Female,0,No,36,Yes,No,DSL,Two year,20,No,0,1
718,Female,0,No,72,Yes,Yes,Fiber optic,Month-to-month,110,No,0,2
719,Female,0,Yes,6,Yes,No,DSL,Month-to-month,49,No,0,0
720,Female,0,Yes,4,Yes,Yes,Fiber optic,Month-to-month,20,No,0,1
721,Female,0,No,1,Yes,No,DSL,One year,85,Yes,1,0
722,Female,0,No,1,Yes,No,DSL,Two year,83,No,0,0
723,Female,0,No,13,Yes,Yes,Fiber optic,Month-to-month,100,Yes,1,0
724,Female,0,No,64,No,No,DSL,Month-to-month,48,Yes,1,2
725,Male,0,Yes,8,No,Yes,Fiber optic,Month-to-month,45,No,0,1
726,Male,0,Yes,72,Yes,No,DSL,Month-to-month,112,No,0,2
727,Male,0,No,1,Yes,Yes,DSL,Two year,75,Yes,1,0
728,Female,0,No,4,Yes,No,Fiber optic,Month-to-month,101,No,0,0
729,Male,0,Yes,1,Yes,Yes,Fiber optic,Month-to-month,50,No,0,0
730,Male,0,Yes,62,Yes,Yes,DSL,Two year,24,No,0,1
731,Female,1,No,34,Yes,Yes,Fiber optic,Month-to-month,96,No,0,3
732,Male,0,Yes,1,Yes,No,DSL,Month-to-month,44,Yes,1,1
733,Male,0,No,24,Yes,No,Fiber optic,Month-to-month,101,Yes,1,0
734,Male,0,Yes,72,Yes,Yes,Fiber optic,Two year,105,No,0,2
735,Female,0,No,1,Yes,Yes,Fiber optic,Month-to-month,20,No,0,1
736,Female,1,No,63,Yes,No,DSL,Month-to-month,104,No,0,3
737,Female,0,Yes,66,Yes,Yes,Fiber optic,One year,109,No,0,2
738,Male,0,No,61,Yes,No,Fiber optic,Two year,80,No,0,2
739,Male,0,No,67,Yes,Yes,Fiber optic,Month-to-month,20,No,0,1
740,Female,0,No,12,Yes,Yes,DSL,Two year,96,Yes,1,0
741,Male,0,Yes,19,No,Yes,DSL,Two year,35,No,0,1
742,Male,0,No,67,Yes,No,Fiber optic,Month-to-month,20,No,0,1
743,Female,0,No,13,Yes,Yes,Fiber optic,Month-to-month,80,No,0,0
744,Female,0,No,1,Yes,Yes,DSL,Two year,45,No,0,0
745,Female,0,Yes,3,Yes,No,DSL,Month-to-month,85,Yes,1,0
746,Male,0,Yes,3,Yes,Yes,Fiber optic,Two year,20,No,0,1
747,Female,0,Yes,17,Yes,Yes,Fiber optic,Two year,104,Yes,1,0
748,Male,0,No,52,Yes,No,Fiber optic,Month-to-month,54,No,0,2
749,Male,0,Yes,51,Yes,No,DSL,Two year,19,No,0,1
750,Female,1,No,5,Yes,No,Fiber optic,One year,85,Yes,1,3
751,Female,1,Yes,29,No,No,DSL,Month-to-month,36,No,0,3
752,Female,0,Yes,1,Yes,No,DSL,Two year,20,Yes,1,1
753,Female,0,No,1,Yes,No,DSL,Month-to-month,20,Yes,1,1
754,Female,0,Yes,42,Yes,No,DSL,Two year,94,No,0,2
755,Male,0,No,1,Yes,No,Fiber optic,Month-to-month,20,No,0,1
756,Female,0,No,16,Yes,Yes,Fiber optic,Month-to-month,88,Yes,1,0
757,Male,0,No,11,Yes,No,DSL,Two year,45,No,0,0
758,Female,1,No,26,Yes,No,DSL,Month-to-month,94,Yes,1,3
759,Male,0,Yes,54,Yes,No,Fiber optic,Month-to-month,61,No,0,2
760,Male,0,No,30,Yes,Yes,Fiber optic,Two year,94,Yes,1,0
761,Male,1,Yes,66,Yes,No,DSL,Month-to-month,79,Yes,1,3
762,Female,0,Yes,72,Yes,No,Fiber optic,Month-to-month,109,No,0,2
763,Male,0,Yes,12,Yes,No,Fiber optic,Month-to-month,24,No,0,1
764,Female,0,No,19,Yes,Yes,DSL,Two year,107,Yes,1,0
765,Male,0,No,9,Yes,No,DSL,Two year,69,No,0,0
766,Female,0,Yes,0,Yes,No,DSL,Month-to-month,73,No,0,0
767,Male,0,No,66,Yes,Yes,Fiber optic,Month-to-month,25,No,0,1
768,Male,1,Yes,10,No,No,DSL,One year,35,No,0,3
769,Female,0,Yes,56,Yes,No,Fiber optic,Month-to-month,24,No,0,1
770,Female,0,Yes,67,Yes,No,DSL,One year,19,No,0,1
771,Male,0,Yes,64,No,No,DSL,Month-to-month,60,No,0,2
772,Female,0,No,64,Yes,Yes,Fiber optic,Month-to-month,81,No,0,2
773,Male,1,No,13,Yes,No,DSL,Month-to-month,70,No,0,3
774,Male,0,No,5,Yes,No,Fiber optic,Month-to-month,96,Yes,1,0
775,Female,0,No,4,No,No,Fiber optic,One year,35,No,0,1
776,Female,0,Yes,45,Yes,Yes,Fiber optic,Two year,20,No,0,1
777,Male,0,No,18,Yes,No,DSL,Month-to-month,95,No,0,0
778,Female,0,No,3,Yes,Yes,Fiber optic,Month-to-month,58,No,0,0
779,Male,0,No,1,Yes,Yes,Fiber optic,One year,21,Yes,1,1
780,Male,0,No,29,No,No,DSL,Month-to-month,46,No,0,1
781,Female,0,No,69,Yes,No,DSL,Two year,25,No,0,1
782,Female,0,No,21,Yes,No,DSL,Month-to-month,100,No,0,0
783,Female,0,No,20,Yes,No,DSL,Month-to-month,44,No,0,1
784,Male,0,Yes,72,Yes,No,DSL,Month-to-month,110,No,0,2
785,Male,0,No,7,No,No,DSL,One year,24,No,0,1
786,Male,0,No,5,Yes,Yes,Fiber optic,One year,20,No,0,1
787,Female,0,No,6,Yes,Yes,DSL,Two year,50,No,0,0
788,Male,0,Yes,13,Yes,Yes,DSL,Month-to-month,66,No,0,0
789,Female,0,Yes,1,Yes,Yes,DSL,One year,20,No,0,1
790,Female,0,No,3,Yes,Yes,DSL,Two year,79,Yes,1,0
791,Male,0,No,7,Yes,No,DSL,Two year,96,No,0,0
792,Male,0,No,6,Yes,Yes,DSL,One year,85,Yes,1,0
793,Male,0,No,1,Yes,No,DSL,Two year,20,Yes,1,1
794,Female,0,No,11,Yes,No,DSL,Two year,20,No,0,1
795,Female,0,No,63,Yes,No,DSL,Month-to-month,100,Yes,1,2
796,Female,1,No,3,Yes,No,DSL,Month-to-month,75,No,0,3
797,Male,0,No,6,Yes,Yes,Fiber optic,One year,19,No,0,1
798,Female,0,Yes,70,Yes,Yes,DSL,Month-to-month,69,No,0,2
799,Male,0,No,37,Yes,No,DSL,Month-to-month,90,No,0,2
800,Female,1,No,38,Yes,Yes,Fiber optic,One year,20,No,0,3
801,Female,1,No,29,Yes,Yes,Fiber optic,Two year,59,No,0,3
802,Male,0,No,9,Yes,Yes,Fiber optic,Month-to-month,20,No,0,1
803,Male,1,No,23,Yes,Yes,DSL,Two year,21,No,0,3
804,Female,1,No,20,Yes,No,DSL,Two year,91,Yes,1,3
805,Female,0,Yes,70,Yes,No,Fiber optic,Month-to-month,24,No,0,1
806,Male,0,No,70,Yes,Yes,DSL,Two year,101,No,0,2
807,Female,1,No,5,Yes,No,DSL,Month-to-month,85,No,0,3
808,Male,0,Yes,72,Yes,Yes,Fiber optic,Two year,81,No,0,2
809,Female,0,Yes,72,No,Yes,Fiber optic,Month-to-month,56,No,0,2
810,Male,0,No,4,Yes,No,Fiber optic,Month-to-month,95,No,0,0
811,Female,0,No,7,Yes,Yes,Fiber optic,One year,20,Yes,1,1
812,Female,0,Yes,23,Yes,Yes,Fiber optic,Two year,82,No,0,0
813,Female,0,No,11,Yes,Yes,DSL,Two year,65,No,0,0
814,Male,0,Yes,23,Yes,No,DSL,One year,20,No,0,1
815,Female,0,No,12,Yes,No,DSL,Month-to-month,54,No,0,0
816,Male,0,Yes,49,Yes,Yes,Fiber optic,Month-to-month,94,No,0,2
817,Male,0,No,14,Yes,No,Fiber optic,Month-to-month,85,Yes,1,0
818,Male,0,Yes,56,No,No,Fiber optic,One year,36,No,0,1
819,Female,0,No,3,Yes,Yes,Fiber optic,Month-to-month,20,No,0,1
820,Female,0,No,69,Yes,Yes,Fiber optic,Two year,110,No,0,2
821,Male,1,No,6,Yes,Yes,Fiber optic,Month-to-month,81,No,0,3
822,Female,0,No,49,Yes,No,DSL,Two year,21,No,0,1
823,Male,0,No,18,Yes,Yes,Fiber optic,One year,95,Yes,1,0
824,Male,1,No,1,Yes,No,DSL,Month-to-month,70,Yes,1,3
825,Female,0,No,3,No,Yes,DSL,Two year,35,Yes,1,1
826,Male,0,No,2,Yes,No,Fiber optic,Month-to-month,86,Yes,1,0
827,Male,0,No,54,Yes,Yes,Fiber optic,Month-to-month,20,No,0,1
828,Male,0,No,24,Yes,Yes,DSL,Month-to-month,51,No,0,0
829,Female,0,Yes,54,Yes,No,Fiber optic,One year,60,No,0,2
830,Male,0,No,15,Yes,No,DSL,Month-to-month,20,No,0,1
831,Female,0,No,45,Yes,Yes,Fiber optic,One year,82,No,0,2
832,Male,0,No,46,No,Yes,DSL,Two year,38,No,0,1
833,Female,0,No,12,Yes,No,DSL,One year,54,No,0,0
834,Female,0,Yes,71,Yes,Yes,Fiber optic,Month-to-month,76,No,0,2
835,Female,0,No,13,No,No,Fiber optic,Month-to-month,32,No,0,1
836,Female,1,No,1,Yes,Yes,Fiber optic,Month-to-month,73,Yes,1,3
837,Female,0,Yes,58,Yes,No,DSL,One year,92,No,0,2
838,Female,0,No,7,Yes,No,DSL,Month-to-month,75,Yes,1,0
839,Male,0,Yes,48,Yes,No,DSL,Month-to-month,24,No,0,1
840,Male,0,No,71,Yes,No,DSL,Two year,98,No,0,2
841,Male,0,Yes,9,Yes,Yes,Fiber optic,One year,20,No,0,1
842,Female,0,Yes,18,Yes,Yes,Fiber optic,Two year,56,No,0,0
843,Male,0,No,1,Yes,No,DSL,One year,20,No,0,1
844,Female,1,No,67,Yes,No,DSL,Month-to-month,20,No,0,3
845,Male,0,No,1,Yes,No,Fiber optic,Month-to-month,85,No,0,0
846,Female,0,No,56,Yes,No,DSL,One year,98,No,0,2
847,Male,0,No,54,No,No,DSL,Two year,46,No,0,1
848,Female,0,Yes,14,Yes,No,DSL,One year,20,No,0,1
849,Female,1,No,14,No,Yes,DSL,Two year,46,No,0,3
850,Male,0,No,54,Yes,Yes,DSL,Two year,70,No,0,2
851,Male,0,No,72,Yes,Yes,Fiber optic,Two year,68,No,0,2
852,Male,0,No,17,Yes,Yes,DSL,Two year,56,No,0,0
853,Female,0,Yes,1,Yes,Yes,DSL,Month-to-month,20,No,0,1
854,Female,0,No,30,Yes,No,DSL,Month-to-month,85,Yes,1,0
855,Female,0,Yes,50,Yes,No,DSL,Two year,20,No,0,1
856,Male,0,Yes,3,Yes,Yes,Fiber optic,One year,20,No,0,1
857,Male,0,No,12,Yes,Yes,DSL,Two year,74,No,0,0
858,Female,0,No,13,Yes,No,DSL,Month-to-month,81,Yes,1,0
859,Female,1,No,25,Yes,Yes,Fiber optic,One year,69,No,0,3
860,Female,0,No,2,Yes,No,DSL,Two year,90,Yes,1,0
861,Female,0,No,36,Yes,No,DSL,One year,71,No,0,0
862,Male,0,No,3,Yes,Yes,Fiber optic,Two year,50,No,0,0
863,Male,0,No,66,Yes,No,Fiber optic,Month-to-month,64,No,0,2
864,Male,0,No,15,Yes,No,Fiber optic,Month-to-month,101,Yes,1,0
865,Female,0,Yes,61,Yes,Yes,Fiber optic,Month-to-month,74,No,0,2
866,Male,0,No,70,Yes,No,Fiber optic,Month-to-month,115,No,0,2
867,Female,1,No,35,No,No,DSL,Two year,40,No,0,3
868,Female,0,No,1,Yes,No,DSL,Month-to-month,49,Yes,1,0
869,Female,0,Yes,48,Yes,Yes,Fiber optic,One year,21,No,0,1
870,Male,0,No,70,No,Yes,DSL,Two year,40,No,0,1
871,Female,0,Yes,12,Yes,Yes,Fiber optic,Two year,105,No,0,0
872,Male,0,No,61,Yes,No,Fiber optic,One year,114,No,0,2
873,Female,0,No,38,Yes,No,DSL,Two year,84,Yes,1,2
874,Male,0,No,1,Yes,No,DSL,Month-to-month,71,Yes,1,0
875,Female,0,Yes,56,Yes,Yes,Fiber optic,Two year,65,No,0,2
876,Female,0,No,5,Yes,No,DSL,Month-to-month,85,Yes,1,0
877,Male,0,No,11,Yes,No,Fiber optic,Month-to-month,46,No,0,0
878,Female,0,Yes,59,Yes,No,DSL,One year,106,No,0,2
879,Female,0,No,1,Yes,Yes,DSL,One year,45,No,0,0
880,Male,1,No,72,Yes,Yes,DSL,Month-to-month,104,Yes,1,3
881,Male,0,Yes,22,Yes,No,Fiber optic,Month-to-month,20,No,0,1
882,Male,0,Yes,17,Yes,No,DSL,One year,45,No,0,1
883,Male,0,No,50,No,No,Fiber optic,Month-to-month,44,No,0,1
884,Male,0,No,8,Yes,Yes,Fiber optic,One year,67,No,0,0
885,Male,0,Yes,56,Yes,No,DSL,One year,60,No,0,2
886,Female,0,Yes,3,Yes,No,DSL,Month-to-month,80,Yes,1,0
887,Male,0,Yes,40,Yes,No,Fiber optic,Month-to-month,20,No,0,1
888,Male,1,No,67,Yes,Yes,Fiber optic,One year,101,No,0,3
889,Female,0,No,4,Yes,No,Fiber optic,One year,92,Yes,1,0
890,Female,0,No,67,Yes,Yes,Fiber optic,Month-to-month,21,No,0,1
891,Female,0,Yes,4,Yes,Yes,Fiber optic,Month-to-month,50,No,0,0
892,Female,0,Yes,61,Yes,Yes,Fiber optic,Month-to-month,24,No,0,1
893,Female,0,No,69,Yes,Yes,Fiber optic,Month-to-month,26,No,0,1
894,Female,0,No,49,Yes,No,DSL,Month-to-month,20,No,0,1
895,Male,0,No,49,Yes,Yes,Fiber optic,One year,85,No,0,2
896,Female,0,No,35,Yes,Yes,Fiber optic,Month-to-month,113,No,0,2
897,Male,0,Yes,69,Yes,Yes,Fiber optic,Two year,24,No,0,1
898,Female,0,No,60,Yes,Yes,Fiber optic,Two year,60,No,0,2
899,Female,0,Yes,1,No,No,Fiber optic,Month-to-month,40,Yes,1,1
900,Female,0,Yes,17,Yes,Yes,Fiber optic,Month-to-month,56,Yes,1,0
901,Female,0,No,1,Yes,No,DSL,Month-to-month,45,No,0,0
902,Male,0,Yes,5,Yes,Yes,Fiber optic,Month-to-month,21,No,0,1
903,Female,0,No,13,Yes,No,Fiber optic,Month-to-month,20,No,0,1
904,Male,0,No,4,Yes,No,Fiber optic,One year,74,Yes,1,0
905,Male,0,Yes,53,Yes,No,DSL,Two year,79,No,0,2
906,Female,0,Yes,72,No,Yes,Fiber optic,Month-to-month,64,No,0,2
907,Male,0,No,24,Yes,No,DSL,Month-to-month,21,No,0,1
908,Female,0,No,19,Yes,No,DSL,One year,25,No,0,1
909,Male,0,Yes,1,Yes,No,DSL,Month-to-month,20,No,0,1
910,Female,0,No,5,Yes,Yes,Fiber optic,Two year,76,No,0,0
911,Male,1,Yes,71,Yes,No,Fiber optic,Month-to-month,87,No,0,3
912,Male,0,No,72,Yes,Yes,Fiber optic,Month-to-month,89,No,0,2
913,Female,0,No,42,Yes,Yes,Fiber optic,One year,60,No,0,2
914,Male,0,No,14,Yes,No,DSL,One year,56,No,0,0
915,Male,0,No,1,Yes,Yes,DSL,Two year,51,No,0,0
916,Female,1,No,2,Yes,Yes,Fiber optic,Month-to-month,71,Yes,1,3
917,Female,1,Yes,72,Yes,No,Fiber optic,Month-to-month,92,Yes,1,3
918,Female,0,Yes,13,Yes,No,DSL,Two year,88,Yes,1,0
919,Female,0,No,18,Yes,Yes,Fiber optic,Month-to-month,78,No,0,0
920,Female,0,No,45,Yes,No,Fiber optic,One year,97,No,0,2
921,Female,1,No,55,Yes,Yes,DSL,One year,100,No,0,3
922,Male,0,Yes,1,Yes,No,DSL,Month-to-month,50,No,0,0
923,Male,0,No,1,Yes,Yes,Fiber optic,Month-to-month,21,No,0,1
924,Male,0,No,65,Yes,Yes,DSL,One year,25,No,0,1
925,Female,0,No,46,Yes,No,Fiber optic,Month-to-month,69,No,0,2
926,Female,0,Yes,21,Yes,No,DSL,Month-to-month,21,No,0,1
927,Male,1,No,24,Yes,Yes,Fiber optic,Month-to-month,101,Yes,1,3
928,Female,0,Yes,34,No,No,Fiber optic,Month-to-month,61,No,0,1
929,Female,0,No,13,Yes,Yes,Fiber optic,Two year,75,No,0,0
930,Female,0,Yes,48,Yes,No,Fiber optic,One year,70,No,0,2
931,Female,0,No,56,Yes,No,Fiber optic,Month-to-month,107,No,0,2
932,Female,0,Yes,42,Yes,No,Fiber optic,Two year,100,No,0,2
933,Female,0,No,4,Yes,No,DSL,Two year,55,No,0,0
934,Female,0,No,65,Yes,Yes,Fiber optic,Month-to-month,55,No,0,2
935,Male,0,No,3,No,No,DSL,One year,25,No,0,1
936,Female,0,Yes,70,Yes,Yes,Fiber optic,Month-to-month,81,No,0,2
937,Male,1,No,1,Yes,No,DSL,Two year,89,Yes,1,3
938,Male,0,No,66,Yes,Yes,Fiber optic,Month-to-month,55,No,0,2
939,Male,0,No,19,Yes,Yes,Fiber optic,One year,55,Yes,1,0
940,Male,0,No,70,Yes,No,DSL,Month-to-month,24,No,0,1
941,Male,0,No,41,Yes,No,DSL,One year,100,No,0,2
942,Male,0,Yes,45,Yes,No,DSL,Month-to-month,110,No,0,2
943,Female,0,No,49,Yes,No,Fiber optic,Month-to-month,20,No,0,1
944,Male,1,No,22,Yes,No,DSL,Two year,90,Yes,1,3
945,Female,0,Yes,56,Yes,Yes,Fiber optic,Month-to-month,100,No,0,2
946,Female,0,No,15,Yes,Yes,Fiber optic,Month-to-month,56,Yes,1,0
947,Female,0,Yes,67,Yes,No,DSL,Month-to-month,100,No,0,2
948,Male,0,Yes,1,Yes,Yes,Fiber optic,Month-to-month,20,No,0,1
949,Male,1,Yes,38,Yes,Yes,Fiber optic,Month-to-month,101,No,0,3
950,Female,0,No,52,Yes,No,DSL,Two year,74,No,0,2
951,Female,0,Yes,34,Yes,No,DSL,Month-to-month,20,No,0,1
952,Male,0,Yes,69,Yes,No,Fiber optic,Month-to-month,20,No,0,1
953,Male,0,Yes,4,Yes,No,DSL,Month-to-month,102,Yes,1,0
954,Female,0,No,63,Yes,No,DSL,Month-to-month,59,No,0,2
955,Male,0,No,24,Yes,Yes,Fiber optic,Month-to-month,20,No,0,1
956,Male,0,No,62,Yes,No,DSL,Month-to-month,91,No,0,2
957,Female,0,No,36,Yes,Yes,DSL,Two year,19,No,0,1
958,Female,0,No,38,Yes,No,DSL,Month-to-month,68,No,0,0
959,Female,1,No,47,Yes,Yes,DSL,Month-to-month,80,Yes,1,3
960,Male,0,No,38,Yes,No,Fiber optic,Month-to-month,79,Yes,1,2
961,Female,0,Yes,42,Yes,No,DSL,Month-to-month,92,No,0,2
962,Female,0,No,42,Yes,No,DSL,One year,25,No,0,1
963,Female,0,No,3,Yes,No,DSL,Month-to-month,75,No,0,0
964,Male,1,No,8,Yes,Yes,DSL,Two year,100,Yes,1,3
965,Male,1,No,9,Yes,No,DSL,Month-to-month,84,Yes,1,3
966,Female,0,No,58,Yes,No,Fiber optic,Month-to-month,68,No,0,2
967,Male,1,No,21,Yes,No,DSL,Month-to-month,60,Yes,1,3
968,Female,0,No,10,Yes,No,DSL,Month-to-month,21,No,0,1
969,Female,0,No,70,Yes,No,DSL,Two year,99,No,0,2
970,Male,0,No,26,Yes,Yes,Fiber optic,Month-to-month,75,No,0,0
971,Male,1,No,36,Yes,No,Fiber optic,Month-to-month,96,Yes,1,3
972,Male,0,No,72,Yes,Yes,Fiber optic,Month-to-month,68,No,0,2
973,Female,0,No,9,Yes,No,DSL,Two year,74,Yes,1,0
974,Female,0,No,15,Yes,No,DSL,Month-to-month,100,No,0,0
975,Female,1,No,63,Yes,No,DSL,Two year,83,No,0,3
976,Male,0,No,4,Yes,Yes,Fiber optic,Two year,64,No,0,0
977,Male,0,No,25,Yes,No,Fiber optic,Month-to-month,21,No,0,1
978,Male,0,No,46,Yes,Yes,Fiber optic,Month-to-month,20,No,0,1
979,Female,1,No,44,Yes,Yes,Fiber optic,One year,104,No,0,3
980,Male,0,No,12,Yes,No,DSL,One year,20,No,0,1
981,Male,0,No,1,Yes,No,DSL,Month-to-month,45,No,0,0
982,Male,0,No,1,Yes,No,DSL,Two year,49,Yes,1,0
983,Female,1,No,20,Yes,No,DSL,One year,62,Yes,1,3
984,Female,0,Yes,72,Yes,Yes,Fiber optic,Month-to-month,118,No,0,2
985,Male,0,No,53,No,Yes,DSL,Two year,60,Yes,1,2
986,Male,0,Yes,52,Yes,Yes,Fiber optic,Month-to-month,19,No,0,1
987,Male,1,No,2,Yes,No,DSL,Month-to-month,74,No,0,3
988,Male,0,No,50,Yes,No,DSL,Month-to-month,94,No,0,2
989,Male,0,Yes,17,Yes,No,DSL,Month-to-month,69,Yes,1,0
990,Male,1,No,51,No,No,DSL,One year,29,No,0,3
991,Male,1,No,16,Yes,No,Fiber optic,Two year,79,No,0,3
992,Female,0,No,18,Yes,Yes,DSL,Two year,95,No,0,0
993,Male,0,Yes,71,Yes,Yes,DSL,Two year,85,No,0,2
994,Male,0,Yes,68,No,Yes,DSL,Two year,45,No,0,2
995,Male,1,No,1,Yes,No,DSL,Two year,75,No,0,3
996,Female,0,Yes,25,Yes,Yes,Fiber optic,Month-to-month,19,No,0,1
997,Male,1,No,24,Yes,No,Fiber optic,Month-to-month,93,Yes,1,3
998,Male,0,No,14,No,Yes,Fiber optic,Month-to-month,51,Yes,1,0
999,Male,0,No,55,Yes,No,DSL,Two year,59,No,0,2
1000,Female,0,No,25,No,No,DSL,Month-to-month,61,No,0,0
1001,Male,0,Yes,10,Yes,No,Fiber optic,Month-to-month,60,No,0,0
1002,Male,0,Yes,61,Yes,Yes,Fiber optic,Month-to-month,104,No,0,2
1003,Male,0,No,6,Yes,No,Fiber optic,Month-to-month,59,No,0,0
1004,Male,0,No,13,Yes,No,DSL,Two year,20,No,0,1
1005,Female,0,No,2,Yes,No,DSL,Month-to-month,19,No,0,1
1006,Female,0,No,1,Yes,Yes,Fiber optic,One year,45,No,0,0
1007,Female,0,No,2,Yes,Yes,Fiber optic,Month-to-month,70,No,0,0
1008,Male,1,No,49,Yes,No,Fiber optic,Month-to-month,96,Yes,1,3
1009,Female,0,No,1,Yes,Yes,Fiber optic,Month-to-month,45,Yes,1,0
1010,Male,0,No,37,Yes,No,DSL,One year,94,No,0,2
1011,Female,0,Yes,40,Yes,No,DSL,Month-to-month,20,No,0,1
1012,Female,1,No,23,Yes,No,DSL,Two year,95,Yes,1,3
1013,Female,1,No,66,Yes,No,Fiber optic,Month-to-month,108,No,0,3
1014,Male,0,Yes,17,Yes,No,DSL,Month-to-month,93,Yes,1,0
1015,Male,1,No,9,Yes,No,DSL,Month-to-month,85,Yes,1,3
1016,Female,1,No,39,Yes,No,DSL,One year,101,No,0,3
1017,Male,0,Yes,23,No,Yes,DSL,Two year,40,No,0,1
1018,Male,0,No,50,Yes,Yes,DSL,One year,20,No,0,1
1019,Female,0,No,3,Yes,No,DSL,Month-to-month,98,Yes,1,0
1020,Female,0,No,61,Yes,No,DSL,Month-to-month,19,No,0,1
1021,Female,0,No,24,Yes,No,DSL,Month-to-month,89,No,0,0
1022,Female,0,Yes,14,Yes,No,DSL,One year,85,No,0,0
1023,Male,0,Yes,52,Yes,No,Fiber optic,Month-to-month,26,No,0,1
1024,Female,0,No,15,Yes,No,Fiber optic,Month-to-month,84,Yes,1,0
1025,Female,0,No,33,Yes,No,Fiber optic,Month-to-month,59,No,0,0
1026,Male,1,No,69,Yes,No,Fiber optic,Two year,95,No,0,3
1027,Female,0,Yes,61,Yes,Yes,Fiber optic,Month-to-month,88,No,0,2
1028,Male,0,Yes,71,Yes,Yes,Fiber optic,One year,116,No,0,2
1029,Female,0,No,53,Yes,Yes,Fiber optic,Month-to-month,91,No,0,2
1030,Female,1,No,42,Yes,No,Fiber optic,Month-to-month,56,No,0,3
1031,Male,0,No,36,Yes,No,Fiber optic,Month-to-month,79,No,0,0
1032,Male,0,No,25,Yes,Yes,DSL,Month-to-month,106,No,0,0
1033,Female,0,No,8,Yes,No,Fiber optic,Month-to-month,21,No,0,1
1034,Female,0,No,16,Yes,Yes,DSL,Two year,96,Yes,1,0
1035,Female,0,No,12,Yes,No,DSL,Two year,90,Yes,1,0
1036,Female,0,No,28,Yes,Yes,DSL,Two year,105,Yes,1,0
1037,Male,0,No,7,Yes,Yes,Fiber optic,Two year,94,No,0,0
1038,Male,1,No,32,Yes,No,DSL,Month-to-month,105,Yes,1,3
1039,Female,0,Yes,1,Yes,No,Fiber optic,One year,79,Yes,1,0
1040,Male,0,No,8,No,No,Fiber optic,Month-to-month,30,Yes,1,1
1041,Male,0,No,63,Yes,No,Fiber optic,Month-to-month,103,Yes,1,2
1042,Female,0,No,1,No,No,DSL,One year,35,Yes,1,1
1043,Male,0,No,60,Yes,No,Fiber optic,Month-to-month,102,No,0,2
1044,Female,0,No,16,Yes,No,Fiber optic,Month-to-month,86,No,0,0
1045,Male,1,No,71,Yes,No,DSL,One year,92,No,0,3
1046,Male,0,Yes,40,Yes,Yes,Fiber optic,Month-to-month,85,No,0,2
1047,Female,1,No,18,Yes,Yes,DSL,One year,100,Yes,1,3
1048,Male,0,No,5,Yes,No,DSL,Month-to-month,79,No,0,0
1049,Male,0,No,33,Yes,No,DSL,One year,79,No,0,0
1050,Female,0,Yes,13,Yes,No,DSL,Month-to-month,20,No,0,1
1051,Female,0,No,40,Yes,No,DSL,Month-to-month,50,No,0,1
1052,Male,1,No,67,Yes,No,DSL,Month-to-month,116,No,0,3
1053,Female,0,No,16,Yes,Yes,DSL,One year,50,Yes,1,0
1054,Male,0,No,59,Yes,No,DSL,Month-to-month,66,No,0,2
1055,Male,1,No,8,Yes,Yes,Fiber optic,Month-to-month,70,No,0,3
1056,Male,0,Yes,24,Yes,No,DSL,One year,24,No,0,1
1057,Male,0,Yes,7,Yes,No,Fiber optic,Month-to-month,20,No,0,1
1058,Male,0,Yes,72,Yes,No,Fiber optic,Month-to-month,24,No,0,1
1059,Female,0,No,44,Yes,No,Fiber optic,Month-to-month,88,No,0,2
1060,Female,1,No,38,Yes,Yes,Fiber optic,Month-to-month,75,Yes,1,3
1061,Male,0,No,4,Yes,No,DSL,One year,56,No,0,0
1062,Male,0,No,2,Yes,Yes,Fiber optic,Two year,53,No,0,0
1063,Female,0,No,70,No,No,DSL,Month-to-month,50,No,0,2
1064,Female,0,No,33,Yes,No,DSL,Month-to-month,91,No,0,0
1065,Female,0,No,1,No,No,DSL,One year,25,No,0,1
1066,Male,0,No,39,No,Yes,Fiber optic,Month-to-month,36,No,0,1
1067,Male,1,No,55,Yes,No,DSL,Two year,116,No,0,3
1068,Male,0,Yes,52,Yes,No,Fiber optic,Month-to-month,69,No,0,2
1069,Female,0,Yes,30,No,Yes,Fiber optic,Month-to-month,51,Yes,1,1
1070,Male,1,No,60,Yes,No,DSL,One year,99,No,0,3
1071,Male,0,Yes,50,Yes,No,Fiber optic,Month-to-month,55,No,0,2
1072,Female,0,No,32,Yes,No,DSL,Month-to-month,110,No,0,2
1073,Male,0,No,51,Yes,No,DSL,Two year,107,No,0,2
1074,Male,0,No,1,Yes,Yes,Fiber optic,Month-to-month,74,No,0,0
1075,Female,0,Yes,69,Yes,No,DSL,Month-to-month,26,No,0,1
1076,Female,0,Yes,42,Yes,Yes,Fiber optic,Month-to-month,94,Yes,1,2
1077,Male,0,No,14,No,Yes,DSL,One year,46,Yes,1,1
1078,Male,0,Yes,52,Yes,Yes,Fiber optic,Month-to-month,26,No,0,1
1079,Male,0,No,62,Yes,Yes,Fiber optic,Two year,108,No,0,2
1080,Female,0,Yes,72,Yes,No,Fiber optic,Month-to-month,20,No,0,1
1081,Male,0,No,32,Yes,No,DSL,Two year,96,Yes,1,0
1082,Female,1,No,1,Yes,Yes,Fiber optic,Month-to-month,70,Yes,1,3
1083,Female,1,No,72,Yes,Yes,DSL,Two year,78,No,0,3
1084,Female,1,No,1,Yes,No,Fiber optic,Month-to-month,45,Yes,1,3
1085,Female,0,No,1,Yes,No,DSL,One year,26,No,0,1
1086,Male,0,No,5,Yes,No,Fiber optic,Month-to-month,104,Yes,1,0
1087,Male,0,No,63,Yes,No,Fiber optic,Month-to-month,105,No,0,2
1088,Male,0,Yes,67,Yes,Yes,Fiber optic,Month-to-month,81,No,0,2
1089,Female,0,Yes,40,Yes,Yes,Fiber optic,Month-to-month,96,No,0,2
1090,Male,0,No,65,Yes,Yes,Fiber optic,Month-to-month,94,No,0,2
1091,Female,0,Yes,16,Yes,Yes,Fiber optic,One year,20,No,0,1
1092,Female,1,No,46,Yes,No,DSL,One year,69,No,0,3
1093,Male,0,No,11,No,No,DSL,Two year,36,No,0,1
1094,Female,0,No,49,Yes,Yes,Fiber optic,Two year,99,No,0,2
1095,Female,0,No,68,No,Yes,DSL,One year,54,No,0,2
1096,Female,0,No,10,Yes,No,Fiber optic,Month-to-month,19,No,0,1
1097,Female,1,No,2,Yes,No,DSL,Month-to-month,84,No,0,3
1098,Female,0,No,5,Yes,No,Fiber optic,One year,69,No,0,0
1099,Male,0,Yes,53,Yes,Yes,Fiber optic,One year,63,No,0,2
1100,Male,1,No,54,Yes,Yes,DSL,Month-to-month,110,No,0,3
1101,Female,0,No,4,Yes,Yes,DSL,Month-to-month,45,Yes,1,0
1102,Male,1,No,15,Yes,No,DSL,Month-to-month,76,Yes,1,3
1103,Male,0,No,10,Yes,No,DSL,Month-to-month,20,No,0,1
1104,Female,0,No,3,Yes,Yes,Fiber optic,One year,55,Yes,1,0
1105,Female,0,No,71,Yes,No,DSL,One year,25,No,0,1
1106,Male,0,No,8,Yes,No,Fiber optic,Month-to-month,55,No,0,0
1107,Male,1,No,1,Yes,Yes,Fiber optic,Two year,94,Yes,1,3
1108,Female,0,Yes,64,Yes,Yes,DSL,Two year,110,No,0,2
1109,Male,0,No,57,Yes,Yes,DSL,Two year,19,No,0,1
1110,Female,1,No,1,Yes,No,DSL,Month-to-month,101,Yes,1,3
1111,Female,1,No,20,Yes,No,DSL,Two year,60,No,0,3
1112,Female,1,No,26,Yes,No,Fiber optic,Month-to-month,66,No,0,3
1113,Female,1,No,2,Yes,Yes,DSL,Two year,80,Yes,1,3
1114,Male,0,Yes,32,Yes,Yes,Fiber optic,Month-to-month,95,No,0,2
1115,Female,0,No,5,Yes,Yes,Fiber optic,Month-to-month,25,No,0,1
1116,Female,0,No,70,Yes,Yes,DSL,Two year,111,No,0,2
1117,Male,0,No,31,Yes,Yes,DSL,One year,55,Yes,1,0
1118,Female,0,No,7,Yes,Yes,Fiber optic,Two year,60,Yes,1,0
1119,Male,0,No,1,No,Yes,Fiber optic,Month-to-month,25,No,0,1
1120,Male,1,No,20,Yes,No,DSL,Two year,99,Yes,1,3
1121,Male,0,No,35,Yes,No,Fiber optic,Month-to-month,61,No,0,0
1122,Male,0,No,6,Yes,Yes,DSL,One year,61,No,0,0
1123,Female,0,Yes,72,Yes,No,DSL,One year,75,No,0,2
1124,Female,0,No,13,Yes,No,DSL,One year,20,No,0,1
1125,Female,1,No,4,Yes,No,DSL,Month-to-month,49,No,0,3
1126,Male,0,Yes,63,Yes,Yes,Fiber optic,Month-to-month,19,No,0,1
1127,Male,0,No,69,Yes,No,Fiber optic,Month-to-month,85,No,0,2
1128,Female,0,No,3,No,No,DSL,One year,34,Yes,1,1
1129,Female,1,No,71,Yes,No,DSL,Month-to-month,81,No,0,3
1130,Male,0,No,15,Yes,Yes,Fiber optic,Month-to-month,19,No,0,1
1131,Female,0,Yes,30,Yes,No,DSL,Two year,20,No,0,1
1132,Female,0,No,23,Yes,Yes,DSL,Month-to-month,83,No,0,0
1133,Male,1,No,9,Yes,Yes,Fiber optic,Month-to-month,20,No,0,3
1134,Male,0,No,35,Yes,No,DSL,Month-to-month,19,No,0,1
1135,Female,0,Yes,6,Yes,No,Fiber optic,Month-to-month,55,No,0,0
1136,Female,0,No,1,Yes,Yes,Fiber optic,Two year,75,Yes,1,0
1137,Female,0,Yes,72,Yes,No,DSL,Two year,25,No,0,1
1138,Male,0,Yes,45,Yes,No,DSL,Two year,84,No,0,2
1139,Male,0,Yes,7,Yes,Yes,DSL,Month-to-month,90,Yes,1,0
1140,Male,0,No,70,No,No,DSL,One year,48,No,0,2
1141,Male,0,No,53,Yes,Yes,DSL,Two year,20,No,0,1
1142,Male,0,No,4,Yes,No,DSL,Month-to-month,52,Yes,1,0
1143,Female,0,No,72,Yes,Yes,Fiber optic,Month-to-month,92,No,0,2
1144,Male,0,Yes,72,No,Yes,DSL,Month-to-month,45,No,0,2
1145,Male,1,No,17,Yes,No,DSL,Month-to-month,95,No,0,3
1146,Female,0,No,7,Yes,No,Fiber optic,Month-to-month,70,No,0,0
1147,Female,0,Yes,11,Yes,No,DSL,One year,20,Yes,1,1
1148,Female,0,No,2,Yes,Yes,DSL,Month-to-month,75,Yes,1,0
1149,Female,0,No,72,Yes,Yes,Fiber optic,Month-to-month,110,No,0,2
1150,Male,0,Yes,11,Yes,No,Fiber optic,Month-to-month,78,No,0,0
1151,Male,1,No,5,Yes,No,DSL,Month-to-month,91,Yes,1,3
1152,Male,1,No,4,Yes,No,DSL,Month-to-month,75,Yes,1,3
1153,Male,0,No,30,Yes,No,DSL,Month-to-month,50,No,0,1
1154,Female,0,Yes,11,Yes,No,DSL,One year,21,No,0,1
1155,Male,0,No,17,No,Yes,DSL,Two year,50,No,0,1
1156,Female,1,No,34,No,Yes,DSL,Two year,56,No,0,3
1157,Female,1,No,2,No,No,DSL,Two year,30,Yes,1,3
1158,Male,0,Yes,55,Yes,Yes,Fiber optic,One year,19,No,0,1
1159,Female,1,No,5,Yes,Yes,Fiber optic,Month-to-month,60,No,0,3
1160,Female,0,Yes,11,Yes,No,Fiber optic,Month-to-month,20,No,0,1
1161,Female,0,Yes,1,Yes,No,Fiber optic,Month-to-month,80,Yes,1,0
1162,Female,0,No,70,Yes,No,DSL,Month-to-month,19,No,0,1
1163,Male,1,No,2,Yes,No,DSL,One year,75,Yes,1,3
1164,Female,0,No,7,Yes,Yes,Fiber optic,Month-to-month,74,Yes,1,0
1165,Male,0,No,35,Yes,Yes,DSL,Two year,20,No,0,1
1166,Female,0,No,58,Yes,No,DSL,One year,71,No,0,2
1167,Female,0,Yes,72,Yes,Yes,DSL,Month-to-month,109,No,0,2
1168,Male,0,Yes,68,Yes,Yes,DSL,One year,63,No,0,2
1169,Male,0,No,26,Yes,No,DSL,One year,59,No,0,0
1170,Female,0,No,12,Yes,No,DSL,One year,45,No,0,0
1171,Male,0,Yes,25,Yes,Yes,Fiber optic,Two year,60,No,0,0
1172,Male,1,Yes,72,Yes,No,Fiber optic,One year,115,No,0,3
1173,Male,0,Yes,70,Yes,Yes,Fiber optic,Month-to-month,115,No,0,2
1174,Male,1,Yes,1,Yes,No,DSL,Month-to-month,50,Yes,1,3
1175,Male,0,No,26,Yes,Yes,DSL,One year,87,No,0,0
1176,Female,0,Yes,2,Yes,Yes,Fiber optic,Month-to-month,66,Yes,1,0
1177,Female,0,Yes,28,Yes,Yes,Fiber optic,Month-to-month,20,No,0,1
1178,Female,0,Yes,6,Yes,Yes,DSL,Two year,20,No,0,1
1179,Female,0,Yes,58,No,No,Fiber optic,Month-to-month,60,No,0,2
1180,Female,1,No,29,No,Yes,Fiber optic,Month-to-month,45,No,0,3
1181,Male,0,No,16,Yes,No,DSL,Two year,71,No,0,0
1182,Male,1,No,43,Yes,No,DSL,Month-to-month,101,Yes,1,3
1183,Male,0,No,52,Yes,No,DSL,Month-to-month,75,No,0,2
1184,Female,0,Yes,72,Yes,No,Fiber optic,One year,119,No,0,2
1185,Male,0,Yes,71,Yes,No,Fiber optic,Month-to-month,19,No,0,1
1186,Male,0,No,65,Yes,Yes,DSL,Month-to-month,20,No,0,1
1187,Female,0,No,49,Yes,Yes,DSL,One year,84,No,0,2
1188,Male,0,No,52,Yes,Yes,Fiber optic,Two year,84,No,0,2
1189,Male,0,No,2,Yes,No,Fiber optic,One year,20,Yes,1,1
1190,Male,0,Yes,71,Yes,No,Fiber optic,Month-to-month,109,No,0,2
1191,Male,0,No,54,Yes,Yes,Fiber optic,One year,89,No,0,2
1192,Female,0,Yes,15,Yes,Yes,DSL,Two year,76,No,0,0
1193,Male,0,No,9,No,Yes,Fiber optic,Month-to-month,25,No,0,1
1194,Male,1,No,50,Yes,No,DSL,Two year,105,No,0,3
1195,Male,0,Yes,19,Yes,No,DSL,Month-to-month,84,Yes,1,0
1196,Female,1,No,70,Yes,No,DSL,Month-to-month,104,No,0,3
1197,Female,1,No,72,Yes,Yes,DSL,Two year,107,No,0,3
1198,Male,1,No,52,Yes,No,DSL,Month-to-month,105,No,0,3
1199,Female,0,Yes,15,Yes,No,DSL,Two year,46,No,0,1
1200,Female,0,Yes,72,Yes,Yes,Fiber optic,Month-to-month,77,No,0,2
1201,Male,1,No,3,Yes,Yes,Fiber optic,One year,81,Yes,1,3
1202,Male,0,No,58,Yes,No,DSL,Month-to-month,99,No,0,2
1203,Female,0,No,1,Yes,No,Fiber optic,One year,20,No,0,1
1204,Male,0,No,35,Yes,Yes,DSL,Two year,90,No,0,0
1205,Female,0,Yes,50,Yes,No,DSL,Month-to-month,84,Yes,1,2
1206,Male,0,No,41,Yes,Yes,Fiber optic,Month-to-month,20,No,0,1
1207,Male,0,Yes,72,Yes,No,Fiber optic,Month-to-month,64,No,0,2
1208,Female,0,No,30,Yes,No,DSL,Month-to-month,69,No,0,0
1209,Female,0,Yes,2,No,No,Fiber optic,Month-to-month,24,Yes,1,1
1210,Male,0,No,15,No,Yes,Fiber optic,One year,30,Yes,1,1
1211,Male,0,Yes,37,Yes,No,Fiber optic,Month-to-month,59,No,0,1
1212,Male,0,Yes,72,Yes,Yes,DSL,Month-to-month,75,No,0,2
1213,Male,0,Yes,72,Yes,No,Fiber optic,Month-to-month,25,No,0,1
1214,Male,0,No,70,Yes,No,DSL,Two year,114,No,0,2
1215,Female,0,No,1,Yes,Yes,Fiber optic,Month-to-month,20,Yes,1,1
1216,Male,0,No,23,Yes,No,Fiber optic,Month-to-month,84,No,0,0
1217,Female,0,No,8,Yes,No,DSL,Two year,75,No,0,0
1218,Male,0,No,2,Yes,Yes,DSL,One year,46,Yes,1,0
1219,Female,0,Yes,26,No,Yes,Fiber optic,Month-to-month,39,No,0,1
1220,Male,0,Yes,52,Yes,Yes,DSL,Month-to-month,20,No,0,1
1221,Female,0,Yes,23,No,Yes,DSL,Month-to-month,35,No,0,1
1222,Female,0,No,15,Yes,No,DSL,Month-to-month,99,Yes,1,0
1223,Male,0,No,40,Yes,No,DSL,Two year,50,No,0,1
1224,Male,0,No,27,Yes,Yes,Fiber optic,Month-to-month,59,No,0,0
1225,Female,0,No,37,Yes,No,DSL,Month-to-month,20,No,0,1
1226,Male,0,No,45,Yes,No,DSL,Month-to-month,112,No,0,2
1227,Female,0,No,5,Yes,Yes,DSL,Two year,70,Yes,1,0
1228,Female,0,No,71,Yes,Yes,Fiber optic,One year,24,No,0,1
1229,Male,0,No,4,Yes,Yes,Fiber optic,Month-to-month,54,Yes,1,0
1230,Female,0,Yes,38,Yes,Yes,DSL,Two year,20,No,0,1
1231,Male,0,Yes,3,Yes,Yes,Fiber optic,Month-to-month,56,No,0,0
1232,Male,0,No,17,Yes,No,DSL,Month-to-month,19,No,0,1
1233,Male,0,Yes,70,Yes,No,Fiber optic,Month-to-month,90,No,0,2
1234,Male,0,No,1,Yes,Yes,DSL,Two year,45,No,0,0
1235,Female,0,Yes,71,Yes,No,Fiber optic,One year,100,No,0,2
1236,Male,0,No,37,Yes,Yes,Fiber optic,One year,91,No,0,2
1237,Male,0,No,64,Yes,Yes,Fiber optic,Month-to-month,70,No,0,2
1238,Female,1,No,37,Yes,No,DSL,One year,90,No,0,3
1239,Male,0,Yes,65,Yes,Yes,Fiber optic,Month-to-month,109,Yes,1,2
1240,Female,0,Yes,23,Yes,No,DSL,Month-to-month,49,No,0,1
1241,Female,0,No,22,Yes,No,DSL,Month-to-month,79,Yes,1,0
1242,Female,1,No,26,Yes,Yes,DSL,Month-to-month,61,No,0,3
1243,Female,0,No,25,Yes,No,DSL,Month-to-month,80,Yes,1,0
1244,Female,0,No,60,Yes,No,DSL,Month-to-month,97,No,0,2
1245,Female,0,No,1,Yes,No,DSL,Month-to-month,96,Yes,1,0
1246,Female,0,No,71,Yes,No,Fiber optic,Month-to-month,89,No,0,2
1247,Female,1,No,27,Yes,Yes,Fiber optic,Month-to-month,85,Yes,1,3
1248,Female,0,No,3,Yes,Yes,Fiber optic,One year,89,Yes,1,0
1249,Male,0,Yes,58,Yes,Yes,Fiber optic,Month-to-month,95,No,0,2
1250,Female,0,No,14,Yes,No,DSL,Month-to-month,75,Yes,1,0
1251,Male,0,Yes,71,Yes,Yes,Fiber optic,Two year,71,No,0,2
1252,Female,0,Yes,2,No,No,Fiber optic,Month-to-month,29,No,0,1
1253,Female,0,No,40,Yes,No,DSL,Month-to-month,21,No,0,1
1254,Male,0,Yes,68,Yes,No,Fiber optic,Month-to-month,25,No,0,1
1255,Female,1,No,57,Yes,No,Fiber optic,Two year,101,No,0,3
1256,Female,0,No,45,Yes,No,DSL,Month-to-month,87,Yes,1,2
1257,Male,0,Yes,70,Yes,Yes,DSL,Two year,117,No,0,2
1258,Male,0,No,68,Yes,No,DSL,One year,108,No,0,2
1259,Female,0,No,52,Yes,No,DSL,Two year,103,No,0,2
1260,Female,0,No,72,Yes,No,Fiber optic,One year,115,No,0,2
1261,Male,1,No,24,Yes,No,DSL,Month-to-month,76,Yes,1,3
1262,Male,0,Yes,67,Yes,No,Fiber optic,Month-to-month,60,No,0,2
1263,Female,0,No,68,No,No,DSL,Month-to-month,64,No,0,2
1264,Male,0,Yes,23,Yes,Yes,Fiber optic,Month-to-month,20,No,0,1
1265,Male,0,No,71,No,No,Fiber optic,Two year,49,Yes,1,2
1266,Female,0,No,1,No,No,Fiber optic,One year,24,No,0,1
1267,Female,0,Yes,71,Yes,Yes,Fiber optic,Month-to-month,20,No,0,1
1268,Male,1,No,69,Yes,Yes,DSL,Two year,111,No,0,3
1269,Female,1,No,40,Yes,Yes,Fiber optic,One year,99,Yes,1,3
1270,Female,1,No,18,Yes,Yes,Fiber optic,Two year,85,No,0,3
1271,Male,0,No,22,Yes,Yes,DSL,Two year,95,Yes,1,0
1272,Male,0,Yes,69,No,No,DSL,One year,39,No,0,1
1273,Female,1,No,62,Yes,No,DSL,Month-to-month,84,No,0,3
1274,Female,0,No,56,Yes,Yes,Fiber optic,Month-to-month,20,No,0,1
1275,Female,0,No,7,Yes,Yes,Fiber optic,Two year,20,No,0,1
1276,Male,0,No,1,Yes,No,DSL,Two year,19,No,0,1
1277,Male,0,Yes,6,Yes,No,Fiber optic,Two year,20,No,0,1
1278,Male,0,No,2,Yes,No,DSL,Two year,86,Yes,1,0
1279,Male,1,No,16,Yes,No,DSL,One year,55,No,0,3
1280,Male,0,No,2,Yes,No,DSL,One year,20,No,0,1
1281,Female,0,No,72,Yes,Yes,Fiber optic,Two year,86,No,0,2
1282,Female,0,Yes,7,No,No,DSL,One year,35,No,0,1
1283,Female,0,Yes,19,No,No,DSL,Month-to-month,25,No,0,1
1284,Female,0,No,14,Yes,Yes,Fiber optic,Two year,78,No,0,0
1285,Male,0,No,64,Yes,No,DSL,Two year,106,Yes,1,2
1286,Female,0,No,25,Yes,No,Fiber optic,Month-to-month,78,No,0,0
1287,Male,0,Yes,70,Yes,No,DSL,One year,86,No,0,2
1288,Male,0,No,66,Yes,Yes,Fiber optic,Month-to-month,19,No,0,1
1289,Male,0,Yes,1,Yes,No,DSL,Two year,72,Yes,1,0
1290,Female,0,No,53,Yes,Yes,DSL,One year,91,No,0,2
1291,Female,0,No,6,Yes,Yes,DSL,Two year,56,Yes,1,0
1292,Female,0,No,59,Yes,No,Fiber optic,Month-to-month,96,No,0,2
1293,Male,0,No,31,Yes,Yes,DSL,Two year,78,Yes,1,0
1294,Male,0,No,3,Yes,Yes,Fiber optic,Two year,74,Yes,1,0
1295,Female,0,Yes,15,Yes,No,DSL,Month-to-month,69,Yes,1,0
1296,Male,0,No,48,Yes,Yes,DSL,Two year,106,Yes,1,2
1297,Male,0,Yes,2,Yes,No,Fiber optic,Month-to-month,57,Yes,1,0
1298,Male,1,No,70,Yes,Yes,Fiber optic,Month-to-month,103,Yes,1,3
1299,Female,0,No,2,Yes,No,DSL,One year,91,Yes,1,0
1300,Male,0,No,47,Yes,No,DSL,Month-to-month,111,Yes,1,2
1301,Female,0,Yes,24,Yes,Yes,Fiber optic,Two year,21,No,0,1
1302,Male,0,No,31,Yes,No,DSL,Two year,94,No,0,0
1303,Female,0,No,54,Yes,No,DSL,Two year,111,Yes,1,2
1304,Male,0,No,1,Yes,No,DSL,Two year,55,No,0,0
1305,Female,0,Yes,12,No,Yes,Fiber optic,Month-to-month,33,No,0,1
1306,Female,0,No,2,Yes,No,DSL,Month-to-month,19,No,0,1
1307,Male,0,No,48,Yes,Yes,Fiber optic,One year,71,No,0,2
1308,Female,1,No,1,Yes,No,DSL,One year,74,Yes,1,3
1309,Male,0,No,71,Yes,Yes,Fiber optic,Month-to-month,65,No,0,2
1310,Male,0,No,1,Yes,Yes,Fiber optic,Month-to-month,20,Yes,1,1
1311,Male,0,Yes,56,Yes,Yes,Fiber optic,Month-to-month,25,No,0,1
1312,Male,0,No,2,Yes,No,DSL,One year,20,No,0,1
1313,Female,1,No,66,Yes,Yes,DSL,One year,81,Yes,1,3
1314,Male,0,Yes,50,Yes,Yes,Fiber optic,Month-to-month,20,No,0,1
1315,Female,1,No,63,Yes,Yes,Fiber optic,One year,90,No,0,3
1316,Male,0,No,1,Yes,No,DSL,Two year,45,Yes,1,0
1317,Female,0,No,6,No,No,DSL,Month-to-month,49,No,0,0
1318,Female,0,No,5,Yes,Yes,DSL,Month-to-month,51,No,0,0
1319,Female,0,Yes,35,Yes,No,DSL,Month-to-month,72,Yes,1,2
1320,Female,0,No,71,Yes,No,DSL,Month-to-month,119,No,0,2
1321,Female,0,No,42,Yes,No,Fiber optic,One year,66,No,0,2
1322,Female,0,No,64,Yes,No,DSL,One year,19,No,0,1
1323,Male,0,No,1,Yes,No,DSL,Month-to-month,50,No,0,0
1324,Male,0,No,1,Yes,Yes,DSL,Two year,70,Yes,1,0
1325,Male,0,No,69,Yes,No,DSL,Month-to-month,107,No,0,2
1326,Male,0,No,33,Yes,No,Fiber optic,Month-to-month,93,No,0,0
1327,Female,0,Yes,20,Yes,No,DSL,One year,20,No,0,1
1328,Male,0,Yes,13,Yes,Yes,Fiber optic,One year,24,No,0,1
1329,Female,0,No,28,Yes,No,DSL,Month-to-month,56,No,0,0
1330,Female,0,Yes,72,Yes,No,DSL,Two year,81,No,0,2
1331,Male,0,No,9,Yes,No,DSL,One year,70,No,0,0
1332,Female,0,No,72,Yes,No,DSL,Month-to-month,108,No,0,2
1333,Female,1,No,52,Yes,Yes,DSL,Two year,60,No,0,3
1334,Female,0,No,34,Yes,No,DSL,One year,61,No,0,0
1335,Male,0,Yes,71,Yes,No,DSL,Month-to-month,100,No,0,2
1336,Female,0,No,6,Yes,No,DSL,Month-to-month,20,No,0,1
1337,Female,0,No,31,Yes,No,Fiber optic,Month-to-month,64,No,0,0
1338,Female,1,No,1,Yes,No,DSL,Two year,91,Yes,1,3
1339,Female,0,Yes,49,Yes,No,DSL,Month-to-month,25,No,0,1
1340,Female,0,No,27,Yes,Yes,Fiber optic,Month-to-month,20,No,0,1
1341,Female,0,No,53,Yes,No,DSL,Two year,93,No,0,2
1342,Female,1,No,35,Yes,No,DSL,Month-to-month,100,Yes,1,3
1343,Male,0,No,2,Yes,No,DSL,Two year,96,Yes,1,0
1344,Female,0,No,46,No,No,DSL,One year,44,No,0,1
1345,Female,0,No,35,Yes,No,DSL,Month-to-month,19,No,0,1
1346,Male,0,No,9,Yes,Yes,Fiber optic,One year,74,No,0,0
1347,Male,0,No,64,Yes,Yes,Fiber optic,Month-to-month,104,No,0,2
1348,Female,0,No,13,Yes,No,DSL,Two year,79,Yes,1,0
1349,Female,0,No,55,Yes,No,Fiber optic,Month-to-month,82,No,0,2
1350,Female,0,Yes,51,Yes,No,DSL,Month-to-month,94,No,0,2
1351,Female,0,Yes,5,Yes,Yes,DSL,Two year,24,No,0,1
1352,Male,0,Yes,20,Yes,No,DSL,Month-to-month,70,Yes,1,0
1353,Female,0,Yes,23,Yes,No,DSL,Two year,26,No,0,1
1354,Male,1,Yes,61,Yes,No,DSL,One year,99,No,0,3
1355,Female,0,Yes,54,Yes,Yes,Fiber optic,Month-to-month,70,No,0,2
1356,Male,0,No,15,Yes,No,DSL,Month-to-month,76,Yes,1,0
1357,Female,0,Yes,64,Yes,Yes,Fiber optic,Month-to-month,25,No,0,1
1358,Female,0,Yes,18,Yes,Yes,Fiber optic,Month-to-month,65,No,0,0
1359,Male,0,No,52,Yes,No,Fiber optic,Month-to-month,103,No,0,2
1360,Male,0,No,17,Yes,Yes,Fiber optic,Month-to-month,20,No,0,1
1361,Female,0,Yes,27,Yes,Yes,Fiber optic,Month-to-month,20,No,0,1
1362,Female,0,No,58,Yes,Yes,Fiber optic,Month-to-month,111,No,0,2
1363,Female,0,Yes,68,Yes,No,Fiber optic,Month-to-month,109,No,0,2
1364,Male,0,No,1,Yes,Yes,DSL,Two year,19,No,0,1
1365,Female,0,No,55,Yes,No,DSL,Two year,66,No,0,2
1366,Female,0,No,1,Yes,No,DSL,Month-to-month,45,No,0,0
1367,Female,0,No,72,Yes,Yes,Fiber optic,Month-to-month,84,No,0,2
1368,Female,0,No,6,No,Yes,Fiber optic,Month-to-month,45,No,0,1
1369,Female,0,No,60,Yes,No,Fiber optic,One year,100,No,0,2
1370,Male,0,Yes,61,Yes,Yes,DSL,Month-to-month,106,Yes,1,2
1371,Female,0,No,2,Yes,No,DSL,Two year,21,Yes,1,1
1372,Male,0,No,63,Yes,No,Fiber optic,Month-to-month,72,No,0,2
1373,Female,0,No,17,Yes,No,Fiber optic,Month-to-month,84,No,0,0
1374,Male,1,No,58,Yes,No,DSL,Month-to-month,99,Yes,1,3
1375,Female,0,Yes,26,Yes,No,DSL,Two year,50,No,0,1
1376,Female,0,Yes,53,No,No,DSL,Two year,49,No,0,1
1377,Female,0,No,25,Yes,No,DSL,One year,19,No,0,1
1378,Female,0,No,1,Yes,Yes,DSL,Two year,82,Yes,1,0
1379,Female,0,Yes,24,Yes,Yes,DSL,Month-to-month,21,No,0,1
1380,Female,0,No,2,Yes,No,DSL,Two year,69,No,0,0
1381,Male,0,No,1,Yes,No,Fiber optic,One year,20,Yes,1,1
1382,Female,0,No,67,Yes,No,Fiber optic,Month-to-month,75,No,0,2
1383,Male,0,No,17,No,Yes,DSL,One year,55,No,0,0
1384,Male,0,No,11,Yes,Yes,DSL,Month-to-month,70,No,0,0
1385,Male,0,No,51,Yes,No,Fiber optic,Month-to-month,25,No,0,1
1386,Female,0,No,3,Yes,No,Fiber optic,Two year,70,No,0,0
1387,Female,1,No,1,Yes,Yes,DSL,Two year,79,Yes,1,3
1388,Female,0,Yes,1,Yes,Yes,DSL,Two year,70,Yes,1,0
1389,Female,1,No,72,Yes,No,DSL,Month-to-month,84,No,0,3
1390,Male,0,No,19,Yes,Yes,Fiber optic,Month-to-month,65,No,0,0
1391,Male,0,No,65,Yes,No,DSL,Two year,26,No,0,1
1392,Female,0,No,45,Yes,Yes,Fiber optic,Month-to-month,100,No,0,2
1393,Male,0,No,5,Yes,No,DSL,One year,89,No,0,0
1394,Female,0,No,56,No,No,DSL,Month-to-month,45,No,0,1
1395,Female,1,No,4,Yes,Yes,Fiber optic,One year,74,No,0,3
1396,Female,0,No,64,Yes,Yes,DSL,One year,86,No,0,2
1397,Female,0,Yes,41,Yes,Yes,Fiber optic,One year,20,No,0,1
1398,Female,0,No,35,Yes,No,Fiber optic,Month-to-month,61,No,0,0
1399,Female,0,No,1,No,Yes,Fiber optic,Month-to-month,25,Yes,1,1
1400,Female,1,No,3,Yes,No,DSL,One year,79,Yes,1,3
1401,Male,1,No,61,Yes,No,DSL,Month-to-month,25,No,0,3
1402,Male,1,No,1,Yes,No,Fiber optic,Month-to-month,74,Yes,1,3
1403,Female,0,Yes,35,Yes,No,DSL,Month-to-month,56,No,0,1
1404,Female,0,Yes,69,Yes,No,DSL,Month-to-month,113,No,0,2
1405,Female,0,No,64,Yes,Yes,DSL,Two year,68,No,0,2
1406,Male,0,Yes,51,Yes,Yes,Fiber optic,Month-to-month,110,No,0,2
1407,Male,0,Yes,17,Yes,Yes,DSL,Two year,20,No,0,1
1408,Female,0,Yes,69,No,No,DSL,Two year,44,No,0,2
1409,Male,0,Yes,1,No,Yes,Fiber optic,One year,31,Yes,1,1
1410,Female,0,Yes,21,Yes,Yes,Fiber optic,Month-to-month,65,No,0,0
1411,Female,0,No,54,Yes,Yes,Fiber optic,Month-to-month,97,No,0,2
1412,Male,0,No,1,No,No,Fiber optic,Month-to-month,23,Yes,1,1
1413,Male,0,No,4,Yes,No,Fiber optic,Month-to-month,70,Yes,1,0
1414,Male,0,Yes,0,Yes,Yes,Fiber optic,Two year,62,No,0,0
1415,Male,0,No,7,Yes,Yes,Fiber optic,Month-to-month,70,No,0,0
1416,Male,0,Yes,32,Yes,No,Fiber optic,One year,19,No,0,1
1417,Male,0,Yes,72,Yes,No,DSL,Two year,20,No,0,1
1418,Male,0,No,19,No,No,DSL,Month-to-month,40,Yes,1,1
1419,Male,0,Yes,10,Yes,Yes,Fiber optic,Month-to-month,20,No,0,1
1420,Male,1,No,21,Yes,No,DSL,Two year,69,Yes,1,3
1421,Female,1,No,45,Yes,Yes,Fiber optic,Month-to-month,70,No,0,3
1422,Male,1,No,32,Yes,Yes,Fiber optic,Month-to-month,20,No,0,3
1423,Female,0,No,40,Yes,Yes,Fiber optic,Two year,106,No,0,2
1424,Female,0,No,47,No,Yes,Fiber optic,Month-to-month,42,No,0,1
1425,Female,0,No,36,No,No,DSL,One year,53,No,0,1
1426,Female,0,Yes,69,Yes,No,DSL,Month-to-month,105,No,0,2
1427,Female,0,No,71,Yes,Yes,Fiber optic,One year,81,No,0,2
1428,Female,0,No,71,Yes,No,Fiber optic,Month-to-month,25,No,0,1
1429,Male,0,No,35,No,Yes,DSL,Month-to-month,53,No,0,1
1430,Male,0,No,3,Yes,Yes,DSL,Two year,55,No,0,0
1431,Male,1,No,72,Yes,Yes,DSL,One year,110,No,0,3
1432,Male,0,Yes,72,Yes,Yes,DSL,One year,91,No,0,2
1433,Female,0,Yes,68,Yes,No,DSL,Month-to-month,73,No,0,2
1434,Female,0,No,42,No,No,DSL,Month-to-month,55,No,0,1
1435,Male,1,No,21,Yes,Yes,Fiber optic,Month-to-month,20,No,0,3
1436,Female,1,No,8,Yes,Yes,Fiber optic,Month-to-month,92,Yes,1,3
1437,Male,1,No,10,Yes,Yes,Fiber optic,Month-to-month,75,No,0,3
1438,Female,0,No,71,Yes,Yes,DSL,Month-to-month,107,No,0,2
1439,Female,1,No,46,Yes,No,DSL,One year,91,No,0,3
1440,Female,0,Yes,3,Yes,No,Fiber optic,Month-to-month,80,No,0,0
1441,Female,1,No,12,Yes,No,DSL,One year,91,Yes,1,3
1442,Female,0,No,26,No,Yes,Fiber optic,One year,48,No,0,1
1443,Male,0,No,3,Yes,No,Fiber optic,One year,50,No,0,0
1444,Female,0,No,49,Yes,No,DSL,Month-to-month,74,No,0,2
1445,Male,0,No,33,Yes,No,Fiber optic,Two year,81,No,0,0
1446,Male,0,No,42,Yes,Yes,Fiber optic,Month-to-month,94,No,0,2
1447,Male,0,Yes,31,Yes,Yes,DSL,Month-to-month,75,No,0,0
1448,Male,1,Yes,68,Yes,Yes,Fiber optic,Month-to-month,107,No,0,3
1449,Male,1,Yes,66,Yes,No,DSL,Month-to-month,116,No,0,3
1450,Male,0,Yes,58,Yes,No,DSL,Month-to-month,20,No,0,1
1451,Male,0,Yes,35,Yes,No,DSL,Month-to-month,20,No,0,1
1452,Male,0,No,1,Yes,Yes,DSL,Month-to-month,20,No,0,1
1453,Female,0,No,40,Yes,No,DSL,Month-to-month,75,No,0,2
1454,Female,0,No,13,Yes,No,Fiber optic,Month-to-month,76,No,0,0
1455,Male,0,No,57,Yes,No,DSL,Month-to-month,56,No,0,2
1456,Female,0,No,1,Yes,Yes,Fiber optic,Two year,75,Yes,1,0
1457,Male,0,No,1,Yes,Yes,Fiber optic,Month-to-month,46,Yes,1,0
1458,Female,0,No,46,Yes,Yes,Fiber optic,One year,54,Yes,1,1
1459,Female,1,Yes,40,Yes,No,DSL,Month-to-month,95,Yes,1,3
1460,Male,0,Yes,21,Yes,No,Fiber optic,Two year,78,Yes,1,0
1461,Female,0,No,6,Yes,Yes,Fiber optic,Month-to-month,98,Yes,1,0
1462,Male,0,Yes,59,Yes,Yes,Fiber optic,Month-to-month,111,No,0,2
1463,Male,0,No,15,Yes,No,DSL,One year,59,Yes,1,0
1464,Female,0,No,27,Yes,No,Fiber optic,Month-to-month,95,Yes,1,0
1465,Male,0,No,71,Yes,No,DSL,Month-to-month,116,No,0,2
1466,Female,0,No,45,Yes,No,Fiber optic,Month-to-month,89,No,0,2
1467,Male,0,No,4,Yes,No,DSL,Month-to-month,21,No,0,1
1468,Female,0,No,1,Yes,Yes,DSL,One year,20,Yes,1,1
1469,Male,0,Yes,47,Yes,Yes,Fiber optic,One year,99,Yes,1,2
1470,Male,0,No,34,Yes,Yes,Fiber optic,Month-to-month,50,No,0,1
1471,Female,0,Yes,18,Yes,No,DSL,Month-to-month,54,No,0,0
1472,Female,0,No,8,Yes,Yes,Fiber optic,Month-to-month,54,No,0,0
1473,Male,0,No,7,No,Yes,Fiber optic,Month-to-month,36,No,0,1
1474,Male,0,Yes,5,Yes,Yes,Fiber optic,Month-to-month,84,Yes,1,0
1475,Female,0,No,39,Yes,Yes,Fiber optic,Month-to-month,59,No,0,0
1476,Male,0,Yes,29,Yes,Yes,Fiber optic,Two year,21,No,0,1
1477,Female,0,No,1,Yes,No,DSL,Month-to-month,55,Yes,1,0
1478,Male,0,Yes,31,No,Yes,Fiber optic,One year,25,No,0,1
1479,Male,0,No,2,No,Yes,Fiber optic,Month-to-month,24,No,0,1
1480,Male,0,No,63,Yes,No,DSL,One year,71,No,0,2
1481,Male,0,No,20,Yes,No,DSL,One year,79,No,0,0
1482,Female,0,No,71,Yes,No,DSL,Two year,83,No,0,2
1483,Female,0,No,66,Yes,No,Fiber optic,Month-to-month,61,No,0,2
1484,Male,0,No,8,Yes,No,DSL,One year,45,Yes,1,0
1485,Female,0,No,2,Yes,No,Fiber optic,Two year,96,Yes,1,0
1486,Male,0,No,3,No,Yes,Fiber optic,Month-to-month,35,No,0,1
1487,Female,0,No,47,Yes,No,DSL,Month-to-month,20,No,0,1
1488,Male,0,No,2,No,Yes,Fiber optic,One year,49,Yes,1,0
1489,Male,0,No,1,Yes,No,DSL,Month-to-month,74,No,0,0
1490,Female,0,No,7,Yes,No,DSL,One year,20,No,0,1
1491,Male,0,Yes,69,Yes,Yes,DSL,One year,105,No,0,2
1492,Male,0,No,5,Yes,No,DSL,Month-to-month,105,No,0,0
1493,Female,0,No,71,Yes,Yes,Fiber optic,Month-to-month,20,No,0,1
1494,Female,0,No,1,Yes,No,Fiber optic,Month-to-month,74,Yes,1,0
1495,Female,0,Yes,14,Yes,No,DSL,One year,90,Yes,1,0
1496,Female,0,No,29,Yes,Yes,Fiber optic,Month-to-month,19,No,0,1
1497,Male,0,No,56,Yes,No,DSL,Month-to-month,82,No,0,2
1498,Male,1,No,6,Yes,No,Fiber optic,Month-to-month,96,Yes,1,3
1499,Male,1,No,1,No,Yes,Fiber optic,Month-to-month,40,Yes,1,3
1500,Female,0,Yes,46,Yes,Yes,Fiber optic,Month-to-month,91,No,0,2
1501,Male,0,No,20,Yes,No,DSL,Month-to-month,108,No,0,0
1502,Female,1,No,20,Yes,No,DSL,Two year,86,Yes,1,3
1503,Female,1,No,37,Yes,Yes,DSL,One year,76,Yes,1,3
1504,Female,0,Yes,24,Yes,Yes,Fiber optic,One year,20,No,0,1
1505,Male,0,Yes,29,Yes,No,Fiber optic,Month-to-month,95,Yes,1,2
1506,Female,0,No,21,Yes,Yes,Fiber optic,Month-to-month,104,Yes,1,0
1507,Male,0,Yes,19,Yes,No,DSL,Two year,103,Yes,1,0
1508,Female,0,No,54,Yes,No,DSL,Two year,81,No,0,2
1509,Male,0,No,2,Yes,No,Fiber optic,Month-to-month,19,Yes,1,1
1510,Female,1,No,27,Yes,No,Fiber optic,Month-to-month,104,Yes,1,3
1511,Male,0,No,46,No,Yes,DSL,Two year,61,No,0,2
1512,Female,0,No,18,Yes,No,DSL,Two year,20,No,0,1
1513,Female,0,Yes,52,Yes,Yes,Fiber optic,Month-to-month,20,No,0,1
1514,Female,0,Yes,43,Yes,No,DSL,Month-to-month,56,Yes,1,1
1515,Female,0,No,3,Yes,No,DSL,Two year,20,No,0,1
1516,Male,0,No,4,Yes,Yes,DSL,One year,45,No,0,0
1517,Male,0,Yes,6,Yes,Yes,Fiber optic,Month-to-month,84,Yes,1,0
1518,Male,1,No,35,Yes,Yes,Fiber optic,One year,101,No,0,3
1519,Female,0,Yes,68,No,No,DSL,Month-to-month,60,No,0,2
1520,Female,0,No,5,Yes,No,DSL,Month-to-month,96,Yes,1,0
1521,Female,0,No,3,Yes,No,DSL,Month-to-month,45,No,0,0
1522,Female,1,No,4,Yes,Yes,DSL,One year,73,No,0,3
1523,Female,0,No,4,Yes,No,DSL,Month-to-month,25,No,0,1
1524,Female,0,No,2,Yes,No,DSL,Month-to-month,80,Yes,1,0
1525,Male,0,Yes,40,Yes,Yes,Fiber optic,Month-to-month,110,No,0,2
1526,Male,0,No,10,Yes,No,DSL,Month-to-month,95,No,0,0
1527,Male,1,No,24,Yes,No,Fiber optic,Month-to-month,80,No,0,3
1528,Female,1,No,72,Yes,No,DSL,Two year,107,No,0,3
1529,Female,0,No,24,Yes,No,DSL,Month-to-month,99,Yes,1,0
1530,Female,0,No,72,Yes,No,DSL,Two year,87,No,0,2
1531,Female,0,No,1,Yes,No,Fiber optic,Month-to-month,52,Yes,1,0
1532,Female,0,No,18,Yes,Yes,DSL,Month-to-month,88,Yes,1,0
1533,Male,0,No,4,No,No,DSL,Month-to-month,40,No,0,1
1534,Male,1,No,36,Yes,No,Fiber optic,Month-to-month,91,Yes,1,3
1535,Female,0,No,11,Yes,No,DSL,Two year,75,No,0,0
1536,Male,0,No,1,Yes,Yes,DSL,Month-to-month,70,Yes,1,0
1537,Male,0,No,42,Yes,No,DSL,Two year,80,No,0,2
1538,Female,1,No,16,Yes,Yes,DSL,Two year,85,Yes,1,3
1539,Male,0,No,50,Yes,Yes,Fiber optic,Month-to-month,114,No,0,2
1540,Female,0,No,1,No,No,DSL,Month-to-month,25,Yes,1,1
1541,Female,0,Yes,38,Yes,No,Fiber optic,Month-to-month,20,No,0,1
1542,Male,1,Yes,24,Yes,No,DSL,Two year,80,No,0,3
1543,Male,0,Yes,31,Yes,No,DSL,Two year,60,No,0,1
1544,Male,0,Yes,8,Yes,No,Fiber optic,Month-to-month,19,No,0,1
1545,Female,1,No,43,Yes,No,DSL,Month-to-month,108,Yes,1,3
1546,Female,0,No,57,Yes,Yes,Fiber optic,Two year,70,No,0,2
1547,Female,0,Yes,13,Yes,No,DSL,Two year,21,No,0,1
1548,Male,0,No,40,Yes,Yes,Fiber optic,One year,90,No,0,2
1549,Male,0,Yes,23,Yes,No,Fiber optic,Month-to-month,20,No,0,1
1550,Female,0,Yes,72,Yes,No,DSL,Month-to-month,84,No,0,2
1551,Female,0,No,55,Yes,Yes,Fiber optic,Month-to-month,84,No,0,2
1552,Male,0,No,48,Yes,Yes,DSL,Two year,111,No,0,2
1553,Male,0,No,1,Yes,Yes,DSL,Two year,75,Yes,1,0
1554,Female,0,Yes,36,Yes,No,Fiber optic,Month-to-month,97,Yes,1,2
1555,Male,0,No,11,Yes,No,DSL,Month-to-month,69,No,0,0
1556,Female,0,No,1,Yes,No,Fiber optic,One year,85,No,0,0
1557,Female,0,No,53,Yes,No,Fiber optic,Month-to-month,98,Yes,1,2
1558,Male,0,No,70,No,Yes,DSL,Month-to-month,51,No,0,2
1559,Male,0,No,12,Yes,Yes,Fiber optic,Month-to-month,96,No,0,0
1560,Male,0,No,22,Yes,No,DSL,Month-to-month,95,Yes,1,0
1561,Female,0,Yes,55,Yes,No,DSL,One year,69,No,0,2
1562,Female,1,No,28,Yes,Yes,Fiber optic,Month-to-month,64,No,0,3
1563,Female,0,Yes,58,Yes,No,DSL,Month-to-month,20,No,0,1
1564,Male,0,No,19,Yes,No,Fiber optic,Month-to-month,20,No,0,1
1565,Female,0,No,19,Yes,Yes,Fiber optic,Month-to-month,95,Yes,1,0
1566,Male,0,No,31,Yes,No,Fiber optic,Month-to-month,72,No,0,0
1567,Female,0,No,13,Yes,No,DSL,Two year,89,Yes,1,0
1568,Male,0,No,1,Yes,No,DSL,Month-to-month,20,Yes,1,1
1569,Male,0,Yes,1,Yes,Yes,Fiber optic,Month-to-month,71,Yes,1,0
1570,Female,1,No,18,Yes,No,DSL,Month-to-month,74,No,0,3
1571,Male,0,No,13,Yes,No,DSL,Two year,20,No,0,1
1572,Female,0,Yes,2,Yes,No,DSL,Month-to-month,20,No,0,1
1573,Male,0,No,70,Yes,No,DSL,Month-to-month,65,No,0,2
1574,Male,1,No,44,Yes,No,Fiber optic,One year,19,No,0,3
1575,Female,0,Yes,4,Yes,No,DSL,One year,21,No,0,1
1576,Male,0,No,65,Yes,No,Fiber optic,Month-to-month,76,No,0,2
1577,Female,1,No,71,Yes,No,DSL,One year,100,No,0,3
1578,Female,0,Yes,64,Yes,No,Fiber optic,One year,54,No,0,2
1579,Female,0,No,28,Yes,No,DSL,Month-to-month,92,Yes,1,0
1580,Female,1,No,16,Yes,No,Fiber optic,Month-to-month,96,Yes,1,3
1581,Female,0,Yes,70,Yes,Yes,DSL,One year,114,Yes,1,2
1582,Female,0,Yes,39,Yes,No,DSL,Month-to-month,82,No,0,2
1583,Male,0,No,19,Yes,Yes,DSL,One year,45,No,0,1
1584,Female,0,No,60,Yes,Yes,DSL,Month-to-month,105,No,0,2
1585,Male,0,No,51,Yes,No,DSL,Two year,90,No,0,2
1586,Female,1,No,56,Yes,Yes,DSL,One year,110,No,0,3
1587,Male,0,No,66,Yes,Yes,Fiber optic,Two year,105,Yes,1,2
1588,Female,0,Yes,58,No,Yes,DSL,Two year,56,No,0,2
1589,Female,0,Yes,69,Yes,Yes,Fiber optic,One year,59,No,0,2
1590,Female,0,No,27,Yes,No,DSL,Month-to-month,56,No,0,0
1591,Female,0,No,1,Yes,No,DSL,Two year,49,No,0,0
1592,Female,0,No,6,Yes,No,DSL,Month-to-month,20,No,0,1
1593,Female,0,No,7,No,No,Fiber optic,Month-to-month,25,No,0,1
1594,Male,1,No,8,Yes,No,DSL,Month-to-month,70,Yes,1,3
1595,Male,0,Yes,15,Yes,Yes,DSL,Two year,70,No,0,0
1596,Male,0,No,9,Yes,No,Fiber optic,Month-to-month,20,No,0,1
1597,Male,0,No,12,Yes,No,Fiber optic,Month-to-month,67,No,0,0
1598,Female,0,No,25,Yes,Yes,Fiber optic,Two year,71,No,0,0
1599,Female,0,Yes,28,Yes,No,DSL,Two year,81,Yes,1,0
1600,Female,0,No,49,Yes,No,DSL,Two year,101,No,0,2
1601,Male,1,No,57,No,Yes,Fiber optic,Month-to-month,45,Yes,1,3
1602,Male,0,No,11,Yes,Yes,Fiber optic,One year,21,No,0,1
1603,Female,0,Yes,37,Yes,No,Fiber optic,Month-to-month,95,No,0,2
1604,Male,0,No,40,Yes,Yes,DSL,Month-to-month,101,Yes,1,2
1605,Male,0,No,54,No,Yes,Fiber optic,One year,45,No,0,1
1606,Male,0,No,12,Yes,No,DSL,Two year,85,No,0,0
1607,Male,0,No,4,Yes,No,Fiber optic,Two year,55,No,0,0
1608,Male,0,Yes,66,Yes,No,Fiber optic,Month-to-month,103,No,0,2
1609,Male,0,Yes,70,No,No,DSL,One year,60,No,0,2
1610,Female,0,No,1,Yes,Yes,Fiber optic,One year,75,Yes,1,0
1611,Male,0,No,58,Yes,No,DSL,Two year,103,Yes,1,2
1612,Male,1,No,47,Yes,Yes,DSL,Two year,86,No,0,3
1613,Female,1,No,4,Yes,Yes,Fiber optic,One year,79,Yes,1,3
1614,Female,0,Yes,57,Yes,No,DSL,Month-to-month,59,No,0,2
1615,Female,0,No,15,Yes,No,DSL,Two year,94,No,0,0
1616,Female,0,No,24,Yes,No,DSL,One year,90,No,0,0
1617,Female,0,No,20,Yes,No,DSL,Two year,19,No,0,1
1618,Male,1,No,61,Yes,Yes,DSL,Month-to-month,98,No,0,3
1619,Female,0,No,16,No,No,Fiber optic,Month-to-month,50,Yes,1,1
1620,Female,0,No,72,Yes,Yes,DSL,Two year,98,No,0,2
1621,Female,1,No,14,No,No,DSL,Month-to-month,40,No,0,3
1622,Male,0,No,2,Yes,Yes,Fiber optic,Month-to-month,46,Yes,1,0
1623,Male,0,Yes,64,Yes,No,DSL,One year,92,No,0,2
1624,Male,0,No,30,Yes,Yes,Fiber optic,Two year,20,No,0,1
1625,Male,0,No,64,Yes,Yes,Fiber optic,One year,89,No,0,2
1626,Male,0,No,61,Yes,No,Fiber optic,Month-to-month,112,Yes,1,2
1627,Female,0,Yes,50,Yes,Yes,DSL,Month-to-month,84,No,0,2
1628,Female,0,No,47,Yes,No,Fiber optic,Month-to-month,95,No,0,2
1629,Male,0,No,51,Yes,Yes,Fiber optic,Month-to-month,60,No,0,2
1630,Female,0,No,37,Yes,No,DSL,Two year,91,No,0,2
1631,Female,1,No,64,Yes,Yes,Fiber optic,Month-to-month,97,No,0,3
1632,Male,0,No,60,No,Yes,Fiber optic,Month-to-month,60,No,0,2
1633,Male,0,No,1,Yes,Yes,Fiber optic,One year,20,No,0,1
1634,Male,0,No,14,Yes,No,DSL,Month-to-month,82,No,0,0
1635,Female,0,No,1,Yes,No,DSL,Two year,76,Yes,1,0
1636,Female,0,Yes,17,Yes,No,DSL,One year,88,Yes,1,0
1637,Male,0,No,63,Yes,Yes,DSL,One year,104,No,0,2
1638,Female,0,Yes,72,Yes,No,DSL,One year,26,No,0,1
1639,Male,0,Yes,29,Yes,Yes,Fiber optic,Two year,101,No,0,2
1640,Female,0,Yes,18,Yes,No,DSL,Month-to-month,62,No,0,0
1641,Male,1,No,38,Yes,No,DSL,One year,70,Yes,1,3
1642,Male,1,No,26,Yes,Yes,DSL,Two year,19,No,0,3
1643,Male,1,No,70,Yes,No,DSL,Month-to-month,105,No,0,3
1644,Female,0,No,7,Yes,No,Fiber optic,Month-to-month,79,Yes,1,0
1645,Female,0,No,22,Yes,Yes,Fiber optic,Month-to-month,21,No,0,1
1646,Female,0,Yes,25,Yes,Yes,Fiber optic,Month-to-month,55,No,0,1
1647,Male,0,No,33,No,Yes,DSL,One year,39,No,0,1
1648,Male,1,No,27,Yes,No,Fiber optic,Month-to-month,96,Yes,1,3
1649,Male,0,Yes,15,Yes,Yes,Fiber optic,Month-to-month,75,Yes,1,0
1650,Female,0,No,41,Yes,No,DSL,Month-to-month,25,No,0,1
1651,Male,0,No,38,Yes,Yes,Fiber optic,Month-to-month,95,No,0,2
1652,Male,1,No,44,Yes,No,Fiber optic,Month-to-month,89,No,0,3
1653,Male,0,Yes,66,Yes,No,DSL,Month-to-month,20,No,0,1
1654,Male,0,Yes,19,Yes,No,DSL,Two year,21,No,0,1
1655,Male,0,No,17,Yes,No,DSL,One year,90,Yes,1,0
1656,Male,0,No,7,Yes,No,DSL,Month-to-month,75,No,0,0
1657,Female,1,No,21,Yes,Yes,Fiber optic,Month-to-month,72,No,0,3
1658,Male,0,No,61,Yes,Yes,DSL,Month-to-month,94,Yes,1,2
1659,Female,0,No,4,Yes,Yes,Fiber optic,Month-to-month,51,No,0,0
1660,Male,0,Yes,58,Yes,Yes,DSL,Two year,75,No,0,2
1661,Female,0,Yes,21,No,Yes,DSL,Month-to-month,56,Yes,1,1
1662,Male,0,Yes,60,Yes,Yes,Fiber optic,Month-to-month,20,No,0,1
1663,Female,0,No,43,Yes,No,Fiber optic,Month-to-month,26,No,0,1
1664,Male,1,No,36,Yes,Yes,Fiber optic,Month-to-month,85,Yes,1,3
1665,Female,1,No,57,No,Yes,Fiber optic,Month-to-month,55,No,0,3
1666,Male,0,No,24,Yes,Yes,Fiber optic,Month-to-month,55,No,0,0
1667,Male,0,Yes,68,Yes,No,DSL,Two year,105,No,0,2
1668,Male,0,No,72,Yes,Yes,DSL,One year,95,No,0,2
1669,Male,0,No,9,No,Yes,Fiber optic,Month-to-month,40,No,0,1
1670,Male,0,Yes,66,Yes,Yes,Fiber optic,Month-to-month,80,No,0,2
1671,Female,0,No,8,Yes,No,DSL,Month-to-month,74,No,0,0
1672,Female,0,Yes,50,Yes,No,Fiber optic,One year,103,No,0,2
1673,Female,0,No,10,Yes,Yes,DSL,Two year,76,No,0,0
1674,Male,0,No,54,No,Yes,Fiber optic,Month-to-month,30,No,0,1
1675,Female,0,No,1,Yes,Yes,DSL,Two year,80,Yes,1,0
1676,Male,0,No,71,Yes,No,Fiber optic,Month-to-month,109,No,0,2
1677,Male,0,Yes,4,Yes,Yes,Fiber optic,Month-to-month,101,Yes,1,0
1678,Male,0,No,33,Yes,Yes,DSL,Two year,55,No,0,0
1679,Male,1,No,10,Yes,Yes,Fiber optic,One year,87,Yes,1,3
1680,Female,0,No,72,No,No,DSL,Month-to-month,49,No,0,2
1681,Female,1,No,1,Yes,Yes,DSL,One year,21,Yes,1,3
1682,Female,0,No,67,Yes,Yes,DSL,Two year,26,No,0,1
1683,Female,0,No,22,Yes,Yes,DSL,Two year,80,No,0,0
1684,Male,0,No,62,Yes,No,DSL,Two year,97,Yes,1,2
1685,Female,1,No,21,No,Yes,DSL,Month-to-month,42,Yes,1,3
1686,Female,0,Yes,68,Yes,No,Fiber optic,Month-to-month,112,No,0,2
1687,Male,0,No,7,Yes,Yes,DSL,Month-to-month,98,Yes,1,0
1688,Female,0,No,58,Yes,Yes,DSL,One year,80,No,0,2
1689,Female,0,Yes,23,Yes,No,DSL,Two year,84,No,0,0
1690,Male,1,No,71,Yes,No,DSL,Month-to-month,24,No,0,3
1691,Female,0,No,41,Yes,Yes,Fiber optic,Month-to-month,86,No,0,2
1692,Female,0,Yes,0,No,No,DSL,Two year,56,No,0,0
1693,Male,0,No,61,No,No,DSL,One year,62,No,0,2
1694,Female,0,Yes,46,Yes,Yes,Fiber optic,Two year,100,No,0,2
1695,Female,0,No,6,Yes,No,DSL,Month-to-month,21,No,0,1
1696,Male,0,No,7,Yes,Yes,DSL,One year,94,Yes,1,0
1697,Male,0,No,21,Yes,Yes,Fiber optic,Month-to-month,74,No,0,0
1698,Female,1,No,13,Yes,No,DSL,Two year,95,Yes,1,3
1699,Female,0,Yes,22,Yes,Yes,Fiber optic,Two year,83,Yes,1,0
1700,Female,0,No,26,Yes,No,DSL,One year,69,No,0,0
1701,Male,0,No,4,No,No,DSL,Two year,42,No,0,1
1702,Female,0,Yes,63,Yes,Yes,Fiber optic,One year,20,No,0,1
1703,Male,1,No,5,Yes,Yes,Fiber optic,Month-to-month,80,Yes,1,3
1704,Female,0,No,6,Yes,No,DSL,Month-to-month,20,No,0,1
1705,Female,0,No,55,Yes,Yes,Fiber optic,Month-to-month,94,No,0,2
1706,Male,0,Yes,51,Yes,Yes,Fiber optic,Month-to-month,76,No,0,2
1707,Female,0,Yes,56,Yes,Yes,Fiber optic,Two year,69,No,0,2
1708,Male,0,No,18,Yes,No,Fiber optic,Month-to-month,20,No,0,1
1709,Male,0,No,72,Yes,No,DSL,Month-to-month,106,No,0,2
1710,Female,0,Yes,19,Yes,Yes,DSL,Two year,50,No,0,1
1711,Male,1,No,22,Yes,Yes,Fiber optic,Month-to-month,97,Yes,1,3
1712,Female,0,No,41,No,Yes,DSL,Two year,35,No,0,1
1713,Male,0,Yes,5,Yes,Yes,DSL,One year,19,No,0,1
1714,Female,0,No,57,Yes,Yes,DSL,Month-to-month,74,No,0,2
1715,Male,1,No,29,Yes,Yes,DSL,One year,101,No,0,3
1716,Female,0,Yes,33,Yes,No,DSL,Two year,94,Yes,1,2
1717,Female,0,No,72,Yes,No,DSL,Month-to-month,98,No,0,2
1718,Male,0,No,31,Yes,No,DSL,Two year,89,No,0,0
1719,Male,1,No,52,Yes,No,DSL,One year,104,No,0,3
1720,Male,0,Yes,35,Yes,No,Fiber optic,Month-to-month,20,No,0,1
1721,Female,0,Yes,7,Yes,No,Fiber optic,Month-to-month,20,No,0,1
1722,Female,0,No,22,Yes,No,Fiber optic,Month-to-month,55,No,0,0
1723,Male,0,No,6,Yes,No,DSL,One year,75,Yes,1,0
1724,Female,0,No,60,No,No,DSL,Two year,38,No,0,1
1725,Male,0,Yes,24,Yes,Yes,Fiber optic,Month-to-month,20,No,0,1
1726,Female,1,No,31,Yes,Yes,Fiber optic,Month-to-month,74,No,0,3
1727,Male,0,No,26,Yes,Yes,DSL,Month-to-month,86,No,0,0
1728,Male,0,Yes,1,Yes,Yes,DSL,Month-to-month,70,Yes,1,0
1729,Male,0,Yes,40,Yes,No,DSL,Two year,20,No,0,1
1730,Male,0,Yes,10,Yes,Yes,Fiber optic,One year,20,No,0,1
1731,Female,0,Yes,70,Yes,Yes,DSL,Month-to-month,19,No,0,1
1732,Male,0,No,3,Yes,No,Fiber optic,Month-to-month,55,Yes,1,0
1733,Male,1,No,46,Yes,Yes,Fiber optic,One year,85,Yes,1,3
1734,Male,0,No,59,Yes,No,DSL,Month-to-month,110,Yes,1,2
1735,Female,1,No,48,Yes,No,DSL,Month-to-month,71,No,0,3
1736,Male,0,No,59,Yes,Yes,Fiber optic,Two year,19,Yes,1,1
1737,Female,0,No,29,No,No,DSL,Month-to-month,31,Yes,1,1
1738,Female,1,No,8,Yes,No,DSL,Month-to-month,20,Yes,1,3
1739,Female,0,Yes,9,Yes,Yes,Fiber optic,One year,20,No,0,1
1740,Female,0,No,8,Yes,No,Fiber optic,Month-to-month,58,No,0,0
1741,Female,0,No,28,Yes,No,DSL,Month-to-month,90,Yes,1,0
1742,Female,0,Yes,20,Yes,Yes,DSL,Month-to-month,76,No,0,0
1743,Female,1,No,56,Yes,No,Fiber optic,Month-to-month,105,Yes,1,3
1744,Female,0,No,49,No,Yes,DSL,Two year,41,No,0,1
1745,Female,0,No,5,Yes,No,Fiber optic,One year,89,Yes,1,0
1746,Female,0,No,18,Yes,No,DSL,Two year,90,Yes,1,0
1747,Male,0,Yes,71,Yes,Yes,Fiber optic,Two year,90,No,0,2
1748,Male,0,No,20,Yes,Yes,Fiber optic,Month-to-month,89,Yes,1,0
1749,Male,0,No,40,No,No,DSL,Two year,42,Yes,1,1
1750,Female,0,No,18,Yes,Yes,Fiber optic,Month-to-month,61,No,0,0
1751,Female,0,Yes,38,Yes,No,Fiber optic,Two year,20,No,0,1
1752,Female,1,No,67,Yes,Yes,Fiber optic,Month-to-month,106,No,0,3
1753,Female,0,Yes,17,Yes,No,DSL,One year,55,No,0,0
1754,Male,0,No,1,No,Yes,Fiber optic,Two year,35,Yes,1,1
1755,Male,0,No,68,Yes,No,DSL,One year,25,No,0,1
1756,Male,0,No,35,Yes,No,DSL,Month-to-month,83,No,0,0
1757,Female,0,No,3,Yes,No,DSL,One year,76,Yes,1,0
1758,Female,0,No,8,Yes,No,Fiber optic,Two year,90,No,0,0
1759,Male,0,No,29,Yes,No,DSL,Two year,71,No,0,0
1760,Female,0,No,2,No,No,DSL,Month-to-month,35,Yes,1,1
1761,Female,1,No,53,Yes,Yes,DSL,One year,74,No,0,3
1762,Male,0,Yes,1,No,Yes,DSL,Two year,25,Yes,1,1
1763,Female,0,No,7,Yes,Yes,Fiber optic,Month-to-month,75,No,0,0
1764,Female,0,Yes,4,Yes,No,DSL,Month-to-month,20,No,0,1
1765,Female,0,No,29,Yes,Yes,DSL,Two year,76,No,0,0
1766,Female,0,No,3,Yes,Yes,Fiber optic,One year,75,Yes,1,0
1767,Female,1,No,1,No,No,DSL,One year,26,Yes,1,3
1768,Male,0,No,7,No,Yes,Fiber optic,Two year,35,No,0,1
1769,Female,0,No,52,Yes,No,DSL,One year,111,Yes,1,2
1770,Male,0,Yes,72,Yes,Yes,Fiber optic,Month-to-month,92,No,0,2
1771,Male,0,No,55,Yes,Yes,Fiber optic,Month-to-month,97,Yes,1,2
1772,Male,0,No,1,Yes,No,Fiber optic,Month-to-month,20,No,0,1
1773,Female,0,No,6,Yes,No,Fiber optic,Month-to-month,20,No,0,1
1774,Female,0,Yes,29,Yes,No,DSL,Two year,20,No,0,1
1775,Male,0,Yes,42,No,No,DSL,Month-to-month,48,No,0,1
1776,Female,0,No,30,No,Yes,Fiber optic,Two year,40,No,0,1
1777,Male,0,No,1,Yes,Yes,DSL,Two year,51,Yes,1,0
1778,Male,0,No,72,Yes,Yes,DSL,Month-to-month,86,No,0,2
1779,Female,0,No,4,Yes,Yes,DSL,Two year,51,Yes,1,0
1780,Male,0,Yes,1,No,No,Fiber optic,Month-to-month,25,No,0,1
1781,Female,0,No,1,Yes,No,DSL,One year,69,Yes,1,0
1782,Male,0,No,1,Yes,Yes,Fiber optic,One year,74,Yes,1,0
1783,Male,0,No,62,Yes,Yes,DSL,Month-to-month,80,No,0,2
1784,Female,0,No,15,Yes,No,Fiber optic,Month-to-month,101,Yes,1,0
1785,Male,0,Yes,1,Yes,No,DSL,Month-to-month,19,No,0,1
1786,Female,0,No,68,Yes,Yes,DSL,Two year,20,No,0,1
1787,Female,0,No,7,Yes,No,Fiber optic,Month-to-month,75,No,0,0
1788,Female,0,No,72,Yes,Yes,Fiber optic,One year,88,No,0,2
1789,Male,0,No,72,Yes,No,DSL,Two year,87,No,0,2
1790,Female,0,No,30,Yes,No,DSL,Month-to-month,94,Yes,1,0
1791,Male,0,No,1,Yes,No,Fiber optic,Month-to-month,84,Yes,1,0
1792,Female,0,No,39,No,No,DSL,One year,41,No,0,1
1793,Male,0,No,62,Yes,Yes,DSL,Month-to-month,92,No,0,2
1794,Female,0,No,53,Yes,Yes,DSL,Two year,109,No,0,2
1795,Male,0,No,66,Yes,Yes,DSL,Two year,104,Yes,1,2
1796,Female,1,Yes,59,Yes,Yes,Fiber optic,Month-to-month,89,No,0,3
1797,Male,0,No,15,Yes,Yes,DSL,Month-to-month,96,No,0,0
1798,Male,0,No,9,Yes,No,DSL,Two year,96,Yes,1,0
1799,Female,0,No,32,No,Yes,DSL,One year,30,No,0,1
1800,Female,0,Yes,17,Yes,Yes,Fiber optic,Month-to-month,65,Yes,1,0
1801,Male,0,Yes,55,Yes,No,DSL,Month-to-month,55,No,0,2
1802,Male,0,No,17,No,No,Fiber optic,Month-to-month,26,No,0,1
1803,Female,1,No,69,Yes,No,DSL,Two year,87,No,0,3
1804,Male,0,No,66,Yes,No,DSL,Two year,75,No,0,2
1805,Male,1,No,16,Yes,No,DSL,Month-to-month,74,No,0,3
1806,Male,0,Yes,70,Yes,Yes,DSL,Two year,80,No,0,2
1807,Female,0,No,50,Yes,Yes,DSL,Two year,19,No,0,1
1808,Female,0,No,3,Yes,No,Fiber optic,Month-to-month,20,No,0,1
1809,Male,0,No,17,Yes,Yes,Fiber optic,Month-to-month,66,No,0,0
1810,Male,0,Yes,20,Yes,Yes,Fiber optic,Month-to-month,97,No,0,0
1811,Male,0,Yes,71,Yes,Yes,Fiber optic,One year,20,No,0,1
1812,Female,0,No,34,Yes,Yes,Fiber optic,Month-to-month,105,No,0,2
1813,Female,0,Yes,43,Yes,No,Fiber optic,One year,25,No,0,1
1814,Male,1,No,50,Yes,No,DSL,Month-to-month,102,No,0,3
1815,Female,0,Yes,41,Yes,No,DSL,Two year,102,No,0,2
1816,Male,0,No,54,Yes,No,DSL,Two year,80,No,0,2
1817,Female,0,No,64,Yes,No,DSL,Month-to-month,19,No,0,1
1818,Male,0,Yes,31,Yes,Yes,Fiber optic,Two year,54,No,0,1
1819,Male,1,No,11,Yes,Yes,Fiber optic,Month-to-month,78,No,0,3
1820,Female,0,No,4,Yes,No,DSL,Two year,86,Yes,1,0
1821,Female,0,Yes,21,No,No,DSL,Month-to-month,53,No,0,1
1822,Female,0,Yes,35,Yes,Yes,Fiber optic,Month-to-month,24,No,0,1
1823,Female,0,Yes,58,Yes,Yes,Fiber optic,Month-to-month,99,No,0,2
1824,Male,0,Yes,20,Yes,No,Fiber optic,Month-to-month,20,No,0,1
1825,Female,0,No,60,Yes,No,DSL,Two year,25,No,0,1
1826,Female,0,Yes,41,Yes,Yes,DSL,Month-to-month,20,No,0,1
1827,Female,0,No,15,Yes,Yes,Fiber optic,Month-to-month,51,No,0,0
1828,Male,0,No,1,Yes,No,DSL,Month-to-month,44,No,0,0
1829,Male,0,No,66,Yes,Yes,DSL,One year,100,Yes,1,2
1830,Female,1,Yes,1,Yes,Yes,Fiber optic,Month-to-month,69,Yes,1,3
1831,Male,0,Yes,2,Yes,No,DSL,Two year,44,No,0,1
1832,Female,0,No,32,Yes,Yes,DSL,Month-to-month,84,Yes,1,0
1833,Female,1,No,72,Yes,No,DSL,Month-to-month,78,No,0,3
1834,Male,0,No,62,Yes,No,DSL,Month-to-month,96,No,0,2
1835,Male,1,No,9,Yes,No,DSL,Month-to-month,80,No,0,3
1836,Male,0,No,4,Yes,No,DSL,Month-to-month,86,No,0,0
1837,Male,0,Yes,30,Yes,No,Fiber optic,Month-to-month,82,No,0,0
1838,Male,0,No,40,Yes,No,DSL,Month-to-month,104,Yes,1,2
1839,Male,0,Yes,33,Yes,Yes,Fiber optic,Month-to-month,20,No,0,1
1840,Male,0,No,63,Yes,Yes,DSL,Two year,80,No,0,2
1841,Female,0,Yes,64,Yes,Yes,Fiber optic,Two year,20,No,0,1
1842,Male,0,No,5,Yes,Yes,DSL,One year,97,No,0,0
1843,Female,0,No,7,Yes,No,DSL,Month-to-month,20,Yes,1,1
1844,Male,0,No,10,Yes,No,DSL,Two year,80,No,0,0
1845,Female,0,Yes,63,Yes,No,DSL,One year,101,Yes,1,2
1846,Male,0,Yes,20,No,No,DSL,One year,39,No,0,1
1847,Female,0,No,38,Yes,No,DSL,One year,84,No,0,2
1848,Female,1,No,66,Yes,No,DSL,Two year,108,No,0,3
1849,Male,0,No,13,Yes,No,DSL,One year,91,Yes,1,0
1850,Female,0,No,24,Yes,No,DSL,Month-to-month,66,No,0,0
1851,Male,1,No,23,Yes,Yes,DSL,Month-to-month,104,No,0,3
1852,Female,1,Yes,32,Yes,No,DSL,Month-to-month,91,No,0,3
1853,Female,0,Yes,51,No,No,DSL,Month-to-month,60,No,0,2
1854,Female,0,No,40,Yes,No,DSL,Month-to-month,19,No,0,1
1855,Female,0,No,22,Yes,No,DSL,Month-to-month,59,No,0,0
1856,Male,0,Yes,1,Yes,No,DSL,Two year,70,No,0,0
1857,Female,1,No,6,Yes,No,DSL,Month-to-month,89,No,0,3
1858,Male,0,No,1,Yes,No,DSL,Two year,20,Yes,1,1
1859,Female,0,No,4,Yes,No,Fiber optic,Month-to-month,20,No,0,1
1860,Female,0,No,60,Yes,No,Fiber optic,Month-to-month,106,Yes,1,2
1861,Male,1,No,72,No,No,DSL,Two year,65,No,0,3
1862,Female,0,No,42,Yes,No,DSL,Month-to-month,60,No,0,2
1863,Female,0,No,2,Yes,No,DSL,Month-to-month,62,No,0,0
1864,Male,0,No,69,No,Yes,DSL,One year,60,No,0,2
1865,Male,0,No,2,Yes,No,DSL,One year,86,Yes,1,0
1866,Female,1,No,1,No,Yes,Fiber optic,One year,36,Yes,1,3
1867,Male,0,No,31,Yes,Yes,Fiber optic,One year,66,No,0,0
1868,Male,0,Yes,16,Yes,No,Fiber optic,Month-to-month,20,No,0,1
1869,Female,0,No,15,Yes,No,DSL,Month-to-month,20,No,0,1
1870,Female,0,Yes,2,Yes,Yes,DSL,Two year,94,Yes,1,0
1871,Female,1,No,17,Yes,No,DSL,Month-to-month,93,No,0,3
1872,Male,0,Yes,6,Yes,Yes,Fiber optic,Month-to-month,94,Yes,1,0
1873,Female,0,Yes,61,Yes,No,DSL,Two year,60,No,0,2
1874,Female,0,No,1,Yes,No,DSL,Two year,19,No,0,1
1875,Male,0,No,19,Yes,Yes,DSL,Two year,88,No,0,0
1876,Male,0,Yes,44,No,Yes,Fiber optic,Two year,54,No,0,1
1877,Female,0,No,70,Yes,Yes,Fiber optic,One year,112,No,0,2
1878,Male,0,Yes,63,Yes,Yes,DSL,Two year,25,No,0,1
1879,Female,0,Yes,58,Yes,No,DSL,Month-to-month,44,No,0,1
1880,Female,0,No,53,Yes,No,Fiber optic,Month-to-month,74,No,0,2
1881,Male,0,No,59,No,Yes,Fiber optic,Month-to-month,44,No,0,1
1882,Male,0,No,69,Yes,No,DSL,Month-to-month,104,Yes,1,2
1883,Male,0,No,26,Yes,No,DSL,Month-to-month,49,No,0,1
1884,Male,0,Yes,23,Yes,Yes,Fiber optic,Month-to-month,57,No,0,0
1885,Female,0,No,42,Yes,No,DSL,One year,55,No,0,1
1886,Female,1,No,1,Yes,No,DSL,Month-to-month,51,Yes,1,3
1887,Female,0,No,6,No,No,DSL,Two year,48,Yes,1,0
1888,Male,0,No,58,Yes,Yes,Fiber optic,Month-to-month,21,No,0,1
1889,Male,0,No,3,Yes,No,DSL,One year,102,Yes,1,0
1890,Female,0,No,41,Yes,No,DSL,Month-to-month,20,No,0,1
1891,Female,0,No,58,Yes,No,DSL,Month-to-month,61,No,0,2
1892,Male,1,No,51,Yes,No,DSL,Month-to-month,94,Yes,1,3
1893,Female,0,No,64,Yes,No,DSL,Month-to-month,111,No,0,2
1894,Female,0,Yes,19,Yes,Yes,DSL,Month-to-month,26,No,0,1
1895,Male,0,Yes,60,Yes,No,DSL,Month-to-month,79,No,0,2
1896,Male,0,Yes,69,Yes,Yes,DSL,Two year,114,No,0,2
1897,Female,0,Yes,3,Yes,Yes,DSL,Month-to-month,81,No,0,0
1898,Male,0,No,7,Yes,No,DSL,Month-to-month,95,Yes,1,0
1899,Female,0,No,19,Yes,No,Fiber optic,Month-to-month,73,Yes,1,0
1900,Female,0,No,1,Yes,No,Fiber optic,Month-to-month,77,Yes,1,0
1901,Female,0,No,62,Yes,No,DSL,Two year,24,No,0,1
1902,Female,0,No,1,Yes,No,DSL,One year,50,Yes,1,0
1903,Male,1,No,1,Yes,Yes,DSL,Two year,74,Yes,1,3
1904,Female,0,No,28,Yes,No,Fiber optic,Month-to-month,60,No,0,0
1905,Male,0,No,69,Yes,Yes,Fiber optic,Month-to-month,92,No,0,2
1906,Male,1,No,30,Yes,Yes,DSL,One year,80,Yes,1,3
1907,Female,1,No,40,No,No,DSL,One year,39,Yes,1,3
1908,Female,0,No,1,Yes,No,DSL,Month-to-month,20,No,0,1
1909,Male,0,No,45,Yes,No,DSL,Two year,101,Yes,1,2
1910,Male,0,Yes,22,Yes,No,DSL,One year,79,No,0,0
1911,Female,0,Yes,47,Yes,No,DSL,Month-to-month,20,No,0,1
1912,Female,0,No,2,Yes,Yes,Fiber optic,Two year,20,No,0,1
1913,Female,0,No,13,No,No,DSL,One year,35,Yes,1,1
1914,Female,0,No,20,Yes,Yes,Fiber optic,One year,19,No,0,1
1915,Male,0,No,48,Yes,Yes,DSL,Month-to-month,19,No,0,1
1916,Male,0,No,67,Yes,No,DSL,Month-to-month,101,No,0,2
1917,Male,0,No,70,Yes,Yes,Fiber optic,Month-to-month,99,No,0,2
1918,Female,0,No,64,Yes,Yes,DSL,Two year,99,No,0,2
1919,Female,0,No,34,Yes,No,DSL,Month-to-month,98,Yes,1,2
1920,Female,0,No,72,Yes,No,DSL,Month-to-month,91,No,0,2
1921,Female,0,Yes,23,Yes,No,DSL,Month-to-month,70,No,0,0
1922,Female,1,No,15,Yes,Yes,DSL,Two year,89,No,0,3
1923,Male,0,No,22,Yes,Yes,DSL,Month-to-month,101,Yes,1,0
1924,Male,0,Yes,41,Yes,No,DSL,Two year,70,No,0,2
1925,Female,0,No,68,Yes,Yes,Fiber optic,Month-to-month,82,No,0,2
1926,Female,0,Yes,70,Yes,Yes,DSL,Two year,106,No,0,2
1927,Male,0,Yes,71,Yes,Yes,Fiber optic,Month-to-month,87,No,0,2
1928,Male,0,Yes,71,Yes,Yes,Fiber optic,Month-to-month,85,No,0,2
1929,Male,0,No,1,Yes,No,DSL,Month-to-month,44,No,0,0
1930,Male,0,No,1,Yes,No,Fiber optic,Month-to-month,55,Yes,1,0
1931,Male,0,Yes,3,Yes,No,DSL,Month-to-month,21,No,0,1
1932,Female,0,No,40,Yes,Yes,Fiber optic,One year,93,No,0,2
1933,Female,0,No,3,No,No,DSL,Month-to-month,51,Yes,1,0
1934,Female,0,No,67,Yes,No,DSL,One year,26,No,0,1
1935,Female,0,No,18,Yes,No,Fiber optic,Month-to-month,75,No,0,0
1936,Female,0,Yes,20,Yes,No,DSL,One year,20,No,0,1
1937,Female,0,No,3,Yes,No,DSL,One year,74,Yes,1,0
1938,Male,0,No,71,Yes,No,DSL,Two year,116,No,0,2
1939,Female,0,No,25,No,No,DSL,Month-to-month,34,Yes,1,1
1940,Female,1,No,32,Yes,No,DSL,Month-to-month,91,No,0,3
1941,Male,0,Yes,46,Yes,Yes,DSL,One year,20,No,0,1
1942,Female,0,Yes,68,Yes,No,DSL,Month-to-month,19,No,0,1
1943,Female,0,Yes,48,Yes,No,DSL,Two year,80,No,0,2
1944,Female,0,Yes,2,Yes,Yes,DSL,Month-to-month,70,Yes,1,0
1945,Male,0,No,56,Yes,No,DSL,Month-to-month,93,No,0,2
1946,Male,0,No,5,Yes,No,DSL,Two year,79,Yes,1,0
1947,Female,0,No,3,Yes,Yes,Fiber optic,Month-to-month,75,No,0,0
1948,Female,0,Yes,64,Yes,Yes,Fiber optic,One year,93,No,0,2
1949,Male,0,Yes,47,Yes,No,Fiber optic,Month-to-month,90,No,0,2
1950,Male,0,No,63,Yes,Yes,Fiber optic,Two year,67,No,0,2
1951,Male,0,No,27,Yes,Yes,Fiber optic,Month-to-month,19,No,0,1
1952,Female,1,Yes,47,Yes,No,DSL,Month-to-month,71,Yes,1,3
1953,Female,0,No,59,Yes,Yes,Fiber optic,Month-to-month,24,No,0,1
1954,Male,0,Yes,4,Yes,No,Fiber optic,Month-to-month,19,No,0,1
1955,Female,0,No,72,Yes,Yes,Fiber optic,Month-to-month,115,No,0,2
1956,Female,0,No,13,Yes,Yes,Fiber optic,Month-to-month,55,No,0,0
1957,Male,1,Yes,66,Yes,Yes,Fiber optic,Two year,108,No,0,3
1958,Female,0,No,42,Yes,Yes,DSL,Month-to-month,21,No,0,1
1959,Female,0,No,10,Yes,Yes,Fiber optic,Month-to-month,20,No,0,1
1960,Female,1,No,15,Yes,No,DSL,Month-to-month,74,Yes,1,3
1961,Female,0,No,45,Yes,Yes,Fiber optic,Month-to-month,95,No,0,2
1962,Female,0,No,48,Yes,Yes,DSL,One year,74,No,0,2
1963,Female,0,No,1,No,No,Fiber optic,One year,25,No,0,1
1964,Female,0,No,27,Yes,No,Fiber optic,Month-to-month,76,No,0,0
1965,Male,0,No,5,Yes,No,DSL,One year,19,Yes,1,1
1966,Male,0,Yes,23,Yes,No,DSL,Month-to-month,87,No,0,0
1967,Male,1,Yes,11,Yes,Yes,DSL,Month-to-month,75,No,0,3
1968,Female,1,No,35,Yes,Yes,DSL,One year,102,No,0,3
1969,Male,0,No,67,Yes,No,Fiber optic,One year,89,No,0,2
1970,Male,0,Yes,33,Yes,No,DSL,Two year,75,No,0,2
1971,Male,0,Yes,72,Yes,No,Fiber optic,Month-to-month,114,No,0,2
1972,Female,0,No,67,Yes,No,DSL,One year,110,No,0,2
1973,Female,0,No,33,Yes,Yes,Fiber optic,Month-to-month,20,No,0,1
1974,Female,0,No,47,Yes,No,DSL,Two year,59,No,0,2
1975,Male,1,No,13,Yes,Yes,Fiber optic,Month-to-month,98,Yes,1,3
1976,Male,0,Yes,18,Yes,No,DSL,Two year,83,No,0,0
1977,Female,0,No,72,Yes,Yes,Fiber optic,Month-to-month,112,No,0,2
1978,Female,1,No,11,Yes,Yes,Fiber optic,Month-to-month,90,Yes,1,3
1979,Male,1,No,7,No,No,DSL,Two year,44,No,0,3
1980,Female,0,No,59,Yes,No,DSL,Two year,99,No,0,2
1981,Female,1,Yes,32,Yes,Yes,Fiber optic,Month-to-month,100,No,0,3
1982,Female,0,No,67,Yes,Yes,Fiber optic,Month-to-month,25,No,0,1
1983,Female,0,No,51,Yes,No,DSL,Month-to-month,88,No,0,2
1984,Female,1,No,59,Yes,Yes,DSL,One year,94,No,0,3
1985,Female,0,Yes,48,No,Yes,Fiber optic,Month-to-month,39,No,0,1
1986,Female,1,No,1,Yes,No,DSL,Month-to-month,71,Yes,1,3
1987,Male,0,No,23,Yes,Yes,Fiber optic,Two year,19,No,0,1
1988,Male,0,Yes,38,Yes,No,Fiber optic,Month-to-month,95,Yes,1,2
1989,Male,0,Yes,19,Yes,Yes,Fiber optic,One year,20,No,0,1
1990,Male,1,No,3,Yes,No,DSL,Two year,76,Yes,1,3
1991,Male,1,No,58,Yes,Yes,Fiber optic,Month-to-month,99,No,0,3
1992,Male,0,No,2,Yes,Yes,DSL,One year,50,No,0,0
1993,Male,0,No,5,Yes,No,Fiber optic,Month-to-month,75,No,0,0
1994,Female,0,No,72,Yes,No,DSL,Month-to-month,101,No,0,2
1995,Female,1,No,44,Yes,No,DSL,One year,110,No,0,3
1996,Male,0,No,16,Yes,No,Fiber optic,Month-to-month,20,Yes,1,1
1997,Male,0,No,12,No,No,DSL,Two year,51,No,0,0
1998,Female,0,No,6,Yes,Yes,Fiber optic,Two year,90,Yes,1,0
1999,Female,1,No,72,Yes,No,DSL,Month-to-month,108,No,0,3
2000,Female,0,No,23,Yes,Yes,Fiber optic,Month-to-month,25,No,0,1
2001,Male,0,No,38,Yes,No,Fiber optic,Month-to-month,70,Yes,1,0
2002,Male,0,No,47,Yes,No,DSL,Month-to-month,95,No,0,2
2003,Female,0,No,54,Yes,No,DSL,Two year,20,No,0,1
2004,Male,0,No,15,Yes,No,Fiber optic,Two year,69,No,0,0
2005,Female,1,No,20,Yes,Yes,Fiber optic,Month-to-month,94,Yes,1,3
2006,Female,0,Yes,16,Yes,Yes,Fiber optic,One year,73,No,0,0
2007,Male,0,No,1,Yes,Yes,DSL,Month-to-month,69,Yes,1,0
2008,Male,0,No,1,No,No,Fiber optic,Month-to-month,25,Yes,1,1
2009,Male,0,No,46,Yes,Yes,Fiber optic,Month-to-month,20,No,0,1
2010,Male,0,No,69,Yes,Yes,DSL,Two year,98,No,0,2
2011,Male,0,Yes,49,Yes,Yes,Fiber optic,Month-to-month,84,Yes,1,2
2012,Male,0,No,53,No,Yes,DSL,Month-to-month,55,No,0,2
2013,Male,0,Yes,7,Yes,Yes,Fiber optic,Month-to-month,19,No,0,1
2014,Female,0,No,42,Yes,No,DSL,One year,50,Yes,1,1
2015,Male,0,Yes,17,Yes,No,DSL,Month-to-month,50,No,0,1
2016,Female,1,No,2,Yes,Yes,DSL,Month-to-month,82,No,0,3
2017,Female,0,Yes,72,Yes,Yes,Fiber optic,Month-to-month,104,No,0,2
2018,Female,0,No,28,Yes,No,DSL,Two year,20,No,0,1
2019,Male,0,No,1,No,No,DSL,Month-to-month,50,Yes,1,0
2020,Female,0,No,15,Yes,Yes,Fiber optic,One year,86,Yes,1,0
2021,Female,1,No,67,Yes,No,DSL,One year,107,No,0,3
2022,Female,0,No,11,Yes,No,Fiber optic,Two year,100,Yes,1,0
2023,Male,0,Yes,56,Yes,No,Fiber optic,Month-to-month,103,No,0,2
2024,Male,0,No,22,Yes,Yes,Fiber optic,Month-to-month,55,No,0,0
2025,Male,1,No,19,No,No,Fiber optic,One year,34,No,0,3
2026,Female,0,Yes,44,Yes,Yes,Fiber optic,Two year,20,No,0,1
2027,Male,0,No,10,No,Yes,Fiber optic,One year,36,No,0,1
2028,Female,0,No,18,Yes,No,DSL,One year,71,No,0,0
2029,Male,0,No,30,Yes,No,DSL,Two year,19,No,0,1
2030,Male,0,No,26,No,No,Fiber optic,One year,36,No,0,1
2031,Female,0,No,58,Yes,Yes,DSL,Month-to-month,109,Yes,1,2
2032,Male,0,No,1,No,No,DSL,Month-to-month,30,Yes,1,1
2033,Female,0,No,9,Yes,No,Fiber optic,Month-to-month,66,Yes,1,0
2034,Female,0,No,50,Yes,No,DSL,Month-to-month,82,No,0,2
2035,Male,0,No,46,No,No,DSL,One year,31,No,0,1
2036,Female,0,No,3,Yes,No,DSL,Month-to-month,45,No,0,0
2037,Female,0,No,11,Yes,Yes,Fiber optic,Month-to-month,51,No,0,0
2038,Male,0,No,37,Yes,No,Fiber optic,Month-to-month,70,No,0,0
2039,Male,0,No,22,Yes,No,Fiber optic,Month-to-month,54,Yes,1,0
2040,Male,0,No,67,Yes,Yes,Fiber optic,Month-to-month,26,No,0,1
2041,Male,0,No,1,Yes,Yes,DSL,Two year,20,No,0,1
2042,Female,0,No,19,Yes,No,DSL,Two year,56,No,0,0
2043,Female,1,No,9,Yes,Yes,DSL,Month-to-month,75,Yes,1,3
2044,Male,0,No,70,Yes,No,Fiber optic,Month-to-month,99,No,0,2
2045,Male,0,No,1,Yes,No,DSL,One year,50,No,0,0
2046,Female,0,No,39,No,Yes,Fiber optic,Two year,41,No,0,1
2047,Male,0,No,2,Yes,No,DSL,Month-to-month,71,Yes,1,0
2048,Female,1,No,49,Yes,No,DSL,Month-to-month,44,No,0,3
2049,Male,0,No,7,Yes,No,Fiber optic,Month-to-month,64,No,0,0
2050,Male,0,Yes,1,Yes,Yes,Fiber optic,Month-to-month,46,Yes,1,0
2051,Female,0,No,61,Yes,No,DSL,Two year,101,No,0,2
2052,Male,0,No,1,Yes,No,DSL,Two year,43,Yes,1,0
2053,Female,1,No,40,Yes,Yes,Fiber optic,Month-to-month,92,No,0,3
2054,Female,0,No,71,Yes,Yes,Fiber optic,Month-to-month,24,No,0,1
2055,Male,0,No,24,Yes,Yes,DSL,Month-to-month,90,Yes,1,0
2056,Female,0,No,14,Yes,Yes,Fiber optic,Month-to-month,50,No,0,0
2057,Female,1,No,61,Yes,Yes,Fiber optic,Month-to-month,94,No,0,3
2058,Female,1,No,44,Yes,Yes,DSL,Month-to-month,75,No,0,3
2059,Female,0,No,70,Yes,Yes,DSL,Two year,20,No,0,1
2060,Female,0,No,18,Yes,Yes,Fiber optic,Month-to-month,74,No,0,0
2061,Male,0,Yes,12,Yes,Yes,DSL,Two year,74,Yes,1,0
2062,Male,1,No,66,Yes,No,DSL,Month-to-month,107,No,0,3
2063,Male,0,Yes,61,Yes,Yes,DSL,Two year,21,No,0,1
2064,Female,0,No,42,Yes,No,DSL,One year,86,No,0,2
2065,Female,0,No,54,Yes,No,DSL,One year,95,No,0,2
2066,Male,0,No,3,Yes,Yes,Fiber optic,Month-to-month,20,No,0,1
2067,Male,0,No,69,Yes,Yes,DSL,Two year,54,No,0,2
2068,Female,0,No,3,Yes,Yes,Fiber optic,One year,20,No,0,1
2069,Female,0,No,7,Yes,Yes,Fiber optic,Month-to-month,75,Yes,1,0
2070,Female,0,No,57,Yes,No,Fiber optic,Month-to-month,20,No,0,1
2071,Male,1,No,14,Yes,Yes,DSL,Month-to-month,75,Yes,1,3
2072,Male,0,No,11,No,Yes,Fiber optic,Two year,42,Yes,1,1
2073,Male,0,No,4,Yes,No,DSL,One year,20,No,0,1
2074,Male,0,No,43,Yes,No,DSL,Month-to-month,94,No,0,2
2075,Male,0,No,62,Yes,No,Fiber optic,Month-to-month,74,No,0,2
2076,Female,0,No,12,Yes,Yes,Fiber optic,Month-to-month,96,Yes,1,0
2077,Male,0,Yes,11,Yes,No,DSL,One year,20,No,0,1
2078,Female,0,No,19,Yes,No,Fiber optic,Month-to-month,60,No,0,0
2079,Male,0,No,44,Yes,No,DSL,One year,106,No,0,2
2080,Female,1,Yes,11,Yes,Yes,Fiber optic,Month-to-month,78,No,0,3
2081,Male,0,Yes,72,Yes,Yes,DSL,Two year,81,No,0,2
2082,Female,0,No,43,Yes,No,Fiber optic,Month-to-month,105,Yes,1,2
2083,Male,0,No,3,Yes,Yes,DSL,Month-to-month,20,Yes,1,1
2084,Female,1,No,5,Yes,No,DSL,Month-to-month,81,No,0,3
2085,Male,0,No,2,No,No,Fiber optic,Month-to-month,30,Yes,1,1
2086,Male,0,Yes,68,Yes,Yes,Fiber optic,Month-to-month,86,No,0,2
2087,Male,1,No,33,Yes,No,Fiber optic,Month-to-month,94,Yes,1,3
2088,Female,0,No,11,No,No,DSL,Month-to-month,36,No,0,1
2089,Male,1,No,69,Yes,Yes,DSL,One year,90,Yes,1,3
2090,Female,0,No,66,Yes,No,DSL,Two year,105,No,0,2
2091,Male,0,Yes,29,Yes,No,DSL,Month-to-month,76,No,0,0
2092,Male,0,Yes,8,Yes,No,DSL,Two year,45,No,0,1
2093,Male,1,No,72,No,Yes,DSL,Two year,64,No,0,3
2094,Female,0,Yes,8,Yes,Yes,DSL,Month-to-month,45,No,0,1
2095,Female,0,No,32,Yes,No,DSL,Month-to-month,104,No,0,0
2096,Female,0,Yes,56,Yes,No,Fiber optic,Month-to-month,20,No,0,1
2097,Male,0,No,10,Yes,No,DSL,Month-to-month,81,Yes,1,0
2098,Female,0,No,44,Yes,No,Fiber optic,Month-to-month,62,No,0,2
2099,Female,0,Yes,23,Yes,Yes,Fiber optic,Month-to-month,84,Yes,1,0
2100,Female,0,No,4,No,Yes,Fiber optic,Month-to-month,48,No,0,0
2101,Female,0,Yes,36,Yes,Yes,Fiber optic,One year,51,No,0,1
2102,Male,0,No,47,Yes,Yes,Fiber optic,One year,83,Yes,1,2
2103,Female,0,Yes,2,No,Yes,Fiber optic,Month-to-month,30,No,0,1
2104,Female,0,Yes,52,Yes,No,Fiber optic,Month-to-month,20,No,0,1
2105,Female,0,No,5,Yes,Yes,Fiber optic,Month-to-month,91,Yes,1,0
2106,Female,0,Yes,64,Yes,Yes,Fiber optic,Month-to-month,66,No,0,2
2107,Male,0,No,2,Yes,No,DSL,One year,50,No,0,0
2108,Female,0,No,8,Yes,Yes,Fiber optic,Month-to-month,20,No,0,1
2109,Female,0,No,1,Yes,No,DSL,Month-to-month,70,Yes,1,0
2110,Male,0,No,1,No,Yes,DSL,Two year,45,Yes,1,0
2111,Male,0,Yes,60,Yes,No,DSL,Month-to-month,60,No,0,2
2112,Male,0,No,20,Yes,No,DSL,Two year,91,No,0,0
2113,Male,0,Yes,22,Yes,Yes,DSL,One year,51,No,0,1
2114,Male,0,Yes,54,Yes,Yes,Fiber optic,One year,71,No,0,2
2115,Male,0,No,1,Yes,No,DSL,Month-to-month,81,No,0,0
2116,Male,0,No,13,Yes,Yes,Fiber optic,Two year,19,No,0,1
2117,Female,1,Yes,24,Yes,Yes,DSL,Month-to-month,97,No,0,3
2118,Female,1,No,6,Yes,No,DSL,Two year,74,No,0,3
2119,Male,1,No,38,Yes,No,Fiber optic,Month-to-month,103,No,0,3
2120,Female,0,No,12,Yes,No,DSL,One year,85,No,0,0
2121,Male,0,No,26,No,No,DSL,Two year,45,No,0,1
2122,Female,0,Yes,6,No,No,DSL,Month-to-month,41,No,0,1
2123,Male,0,Yes,67,Yes,Yes,DSL,One year,87,Yes,1,2
2124,Male,1,No,62,Yes,Yes,Fiber optic,Month-to-month,104,Yes,1,3
2125,Male,0,Yes,50,No,No,DSL,Month-to-month,39,No,0,1
2126,Male,0,Yes,72,No,Yes,DSL,Two year,66,No,0,2
2127,Female,1,Yes,31,Yes,No,DSL,Month-to-month,99,Yes,1,3
2128,Male,0,No,72,Yes,No,DSL,One year,92,No,0,2
2129,Male,0,No,51,No,Yes,DSL,Month-to-month,44,No,0,1
2130,Female,0,No,1,Yes,Yes,Fiber optic,Month-to-month,20,No,0,1
2131,Female,0,Yes,60,Yes,Yes,Fiber optic,One year,115,No,0,2
2132,Female,0,Yes,24,Yes,No,DSL,Two year,20,No,0,1
2133,Female,0,No,2,Yes,No,DSL,One year,81,Yes,1,0
2134,Female,0,No,4,Yes,No,Fiber optic,Month-to-month,78,Yes,1,0
2135,Female,0,No,67,Yes,No,DSL,Month-to-month,66,No,0,2
2136,Female,0,No,69,Yes,Yes,Fiber optic,Month-to-month,106,No,0,2
2137,Female,0,No,1,Yes,Yes,Fiber optic,Month-to-month,70,Yes,1,0
2138,Male,0,No,67,Yes,Yes,DSL,Two year,25,No,0,1
2139,Male,0,No,1,Yes,No,DSL,Two year,90,Yes,1,0
2140,Male,1,No,67,Yes,No,DSL,Month-to-month,84,No,0,3
2141,Female,1,No,27,Yes,Yes,Fiber optic,Month-to-month,86,No,0,3
2142,Female,0,No,41,Yes,No,DSL,Month-to-month,106,No,0,2
2143,Male,0,Yes,64,Yes,No,DSL,One year,109,No,0,2
2144,Female,0,No,1,Yes,Yes,DSL,Two year,70,Yes,1,0
2145,Male,0,No,6,Yes,No,DSL,Month-to-month,45,Yes,1,0
2146,Male,0,Yes,72,No,No,Fiber optic,Month-to-month,65,No,0,2
2147,Female,0,Yes,57,Yes,Yes,Fiber optic,One year,70,Yes,1,2
2148,Male,0,No,70,Yes,No,DSL,Month-to-month,73,No,0,2
2149,Male,1,No,10,Yes,No,DSL,Month-to-month,86,Yes,1,3
2150,Male,0,No,1,Yes,Yes,Fiber optic,One year,56,Yes,1,0
2151,Female,1,No,71,Yes,Yes,Fiber optic,Month-to-month,90,No,0,3
2152,Female,0,Yes,3,No,Yes,DSL,Two year,40,No,0,1
2153,Female,0,No,63,Yes,Yes,DSL,Month-to-month,24,No,0,1
2154,Female,0,No,25,Yes,No,Fiber optic,Month-to-month,75,No,0,0
2155,Male,0,Yes,62,Yes,No,DSL,Two year,24,No,0,1
2156,Female,0,No,55,Yes,Yes,Fiber optic,Month-to-month,95,No,0,2
2157,Male,0,Yes,52,Yes,No,Fiber optic,Month-to-month,79,No,0,2
2158,Female,0,Yes,16,Yes,Yes,Fiber optic,One year,81,Yes,1,0
2159,Female,0,Yes,29,Yes,Yes,DSL,Two year,88,No,0,0
2160,Female,0,No,2,No,Yes,DSL,Two year,35,Yes,1,1
2161,Male,0,No,8,Yes,No,DSL,Two year,71,No,0,0
2162,Female,0,No,5,Yes,No,Fiber optic,Month-to-month,85,No,0,0
2163,Male,0,No,9,Yes,Yes,Fiber optic,Month-to-month,20,No,0,1
2164,Female,1,No,32,Yes,Yes,Fiber optic,Month-to-month,74,Yes,1,3
2165,Male,0,Yes,72,Yes,No,Fiber optic,Two year,84,No,0,2
2166,Male,0,Yes,7,No,No,DSL,One year,50,No,0,1
2167,Male,1,No,18,Yes,Yes,Fiber optic,One year,58,No,0,3
2168,Female,0,No,48,Yes,Yes,Fiber optic,Month-to-month,105,No,0,2
2169,Female,1,No,71,Yes,Yes,Fiber optic,Month-to-month,96,No,0,3
2170,Male,0,No,1,Yes,No,DSL,Two year,70,Yes,1,0
2171,Male,0,No,69,Yes,No,DSL,One year,105,No,0,2
2172,Male,0,No,60,Yes,No,DSL,Month-to-month,20,No,0,1
2173,Male,1,No,1,No,No,DSL,Month-to-month,25,Yes,1,3
2174,Male,0,No,1,Yes,No,Fiber optic,Month-to-month,49,No,0,0
2175,Male,0,No,38,Yes,No,DSL,One year,92,No,0,2
2176,Female,0,No,4,Yes,No,Fiber optic,Month-to-month,20,No,0,1
2177,Male,0,No,31,Yes,No,DSL,Two year,99,No,0,0
2178,Female,1,No,14,Yes,Yes,Fiber optic,Two year,79,No,0,3
2179,Female,1,No,71,Yes,No,DSL,Two year,110,No,0,3
2180,Male,0,No,2,Yes,No,DSL,One year,81,Yes,1,0
2181,Male,0,Yes,64,Yes,No,Fiber optic,Two year,93,No,0,2
2182,Female,0,No,9,Yes,Yes,DSL,One year,81,No,0,0
2183,Female,0,No,56,Yes,Yes,Fiber optic,Two year,106,No,0,2
2184,Female,0,No,11,Yes,No,DSL,Month-to-month,94,No,0,0
2185,Male,0,Yes,72,Yes,Yes,Fiber optic,Month-to-month,19,No,0,1
2186,Female,0,No,1,Yes,Yes,DSL,Month-to-month,20,No,0,1
2187,Male,0,No,60,Yes,No,DSL,Two year,109,No,0,2
2188,Male,1,No,33,No,Yes,Fiber optic,Two year,50,No,0,3
2189,Male,0,Yes,72,Yes,No,DSL,Month-to-month,20,No,0,1
2190,Female,0,No,26,Yes,Yes,DSL,Two year,87,No,0,0
2191,Female,0,No,3,Yes,Yes,DSL,Two year,86,Yes,1,0
2192,Female,0,Yes,22,No,No,Fiber optic,Month-to-month,39,No,0,1
2193,Female,1,No,22,Yes,No,DSL,Two year,64,No,0,3
2194,Female,0,No,1,Yes,No,DSL,One year,54,Yes,1,0
2195,Male,0,Yes,27,Yes,No,Fiber optic,Month-to-month,55,No,0,1
2196,Female,0,No,1,Yes,Yes,DSL,One year,70,Yes,1,0
2197,Female,0,No,41,Yes,No,DSL,Month-to-month,106,Yes,1,2
2198,Female,1,No,14,Yes,Yes,DSL,Month-to-month,74,Yes,1,3
2199,Male,0,No,7,Yes,Yes,DSL,One year,69,Yes,1,0
2200,Female,0,No,32,Yes,Yes,DSL,Two year,54,No,0,0
2201,Male,0,Yes,41,Yes,No,DSL,One year,68,No,0,2
2202,Female,1,Yes,4,Yes,No,DSL,One year,46,Yes,1,3
2203,Male,0,No,56,Yes,No,Fiber optic,Month-to-month,26,No,0,1
2204,Female,1,No,33,Yes,Yes,Fiber optic,One year,110,Yes,1,3
2205,Male,1,No,2,Yes,Yes,Fiber optic,One year,66,Yes,1,3
2206,Male,0,No,28,Yes,No,Fiber optic,One year,106,Yes,1,0
2207,Female,0,Yes,1,Yes,Yes,Fiber optic,Month-to-month,54,No,0,0
2208,Male,0,Yes,1,Yes,No,Fiber optic,Month-to-month,19,No,0,1
2209,Female,0,No,2,Yes,Yes,Fiber optic,Month-to-month,70,Yes,1,0
2210,Male,1,No,4,Yes,No,DSL,Month-to-month,74,Yes,1,3
2211,Male,0,No,34,Yes,Yes,Fiber optic,Two year,105,No,0,2
2212,Female,0,No,64,Yes,Yes,Fiber optic,One year,58,No,0,2
2213,Male,0,No,7,Yes,No,DSL,One year,19,No,0,1
2214,Male,0,Yes,51,Yes,Yes,DSL,Two year,84,No,0,2
2215,Male,0,No,21,Yes,No,Fiber optic,Month-to-month,20,No,0,1
2216,Female,0,No,21,Yes,No,DSL,Two year,71,No,0,0
2217,Male,1,No,57,Yes,Yes,Fiber optic,Month-to-month,91,No,0,3
2218,Male,0,No,6,Yes,Yes,DSL,Two year,76,Yes,1,0
2219,Female,0,No,8,Yes,No,DSL,Two year,49,No,0,0
2220,Male,0,Yes,18,No,No,Fiber optic,Month-to-month,26,No,0,1
2221,Male,1,No,7,Yes,No,DSL,Two year,70,Yes,1,3
2222,Male,0,No,35,Yes,No,DSL,Two year,60,No,0,0
2223,Female,0,No,32,Yes,Yes,Fiber optic,Month-to-month,75,No,0,0
2224,Female,0,No,30,Yes,Yes,Fiber optic,Month-to-month,100,No,0,0
2225,Male,0,Yes,26,Yes,No,Fiber optic,Month-to-month,50,No,0,1
2226,Male,0,No,38,Yes,No,DSL,One year,95,No,0,2
2227,Female,1,No,41,Yes,No,DSL,Two year,113,Yes,1,3
2228,Male,0,Yes,34,No,No,DSL,One year,45,No,0,1
2229,Male,1,No,55,Yes,Yes,Fiber optic,Two year,60,No,0,3
2230,Female,1,No,57,Yes,No,Fiber optic,Month-to-month,94,No,0,3
2231,Female,1,No,66,Yes,No,DSL,Two year,105,No,0,3
2232,Male,0,No,43,Yes,No,Fiber optic,Month-to-month,86,No,0,2
2233,Female,0,Yes,32,Yes,No,DSL,Two year,76,No,0,0
2234,Male,0,No,1,Yes,No,DSL,Month-to-month,20,No,0,1
2235,Female,0,No,40,Yes,Yes,DSL,Two year,81,No,0,2
2236,Female,0,No,41,Yes,Yes,DSL,One year,98,No,0,2
2237,Male,1,No,30,Yes,No,Fiber optic,Month-to-month,90,No,0,3
2238,Female,0,No,3,Yes,No,DSL,One year,80,Yes,1,0
2239,Female,0,Yes,54,Yes,No,Fiber optic,Month-to-month,104,No,0,2
2240,Male,0,No,9,Yes,No,DSL,Two year,95,Yes,1,0
2241,Male,1,No,7,Yes,Yes,DSL,Two year,75,No,0,3
2242,Male,0,No,58,Yes,Yes,DSL,Two year,100,No,0,2
2243,Male,0,No,52,Yes,Yes,DSL,One year,89,No,0,2
2244,Male,0,Yes,26,No,Yes,Fiber optic,Month-to-month,40,No,0,1
2245,Female,0,No,34,Yes,Yes,DSL,One year,20,No,0,1
2246,Male,0,No,53,Yes,Yes,Fiber optic,Two year,81,No,0,2
2247,Male,0,No,15,Yes,Yes,Fiber optic,Month-to-month,88,No,0,0
2248,Male,0,Yes,1,Yes,No,DSL,Two year,19,Yes,1,1
2249,Female,0,No,5,Yes,Yes,DSL,Month-to-month,56,No,0,0
2250,Female,0,Yes,34,Yes,No,DSL,Month-to-month,105,No,0,2
2251,Female,0,No,32,Yes,No,DSL,One year,101,No,0,0
2252,Female,0,Yes,41,No,No,DSL,Month-to-month,35,No,0,1
2253,Female,0,No,25,No,No,DSL,One year,54,No,0,1
2254,Male,0,Yes,17,Yes,No,DSL,Two year,62,No,0,0
2255,Female,0,No,17,Yes,Yes,Fiber optic,Two year,25,No,0,1
2256,Female,0,No,70,Yes,No,DSL,Month-to-month,85,No,0,2
2257,Male,0,Yes,43,Yes,No,DSL,One year,19,No,0,1
2258,Male,0,Yes,71,Yes,Yes,DSL,One year,24,No,0,1
2259,Male,1,No,2,No,No,DSL,One year,24,Yes,1,3
2260,Male,0,No,49,Yes,No,DSL,Two year,75,No,0,2
2261,Female,1,No,72,Yes,No,Fiber optic,Month-to-month,105,No,0,3
2262,Male,0,No,26,Yes,Yes,DSL,Month-to-month,84,No,0,0
2263,Female,0,No,18,Yes,No,Fiber optic,Month-to-month,20,No,0,1
2264,Male,0,Yes,1,Yes,No,Fiber optic,Month-to-month,93,Yes,1,0
2265,Male,0,No,9,No,Yes,Fiber optic,Two year,24,Yes,1,1
2266,Male,0,No,28,Yes,Yes,Fiber optic,Month-to-month,77,No,0,0
2267,Female,0,Yes,60,Yes,No,Fiber optic,One year,19,No,0,1
2268,Male,0,No,23,Yes,Yes,Fiber optic,Two year,21,No,0,1
2269,Female,0,No,15,Yes,No,DSL,Two year,80,Yes,1,0
2270,Female,0,No,29,Yes,No,Fiber optic,Month-to-month,67,No,0,0
2271,Female,0,Yes,56,Yes,No,Fiber optic,Month-to-month,20,No,0,1
2272,Female,0,No,11,Yes,No,Fiber optic,Month-to-month,55,No,0,0
2273,Male,0,No,27,Yes,No,DSL,Month-to-month,69,No,0,0
2274,Male,0,No,1,Yes,No,DSL,One year,70,Yes,1,0
2275,Female,0,No,66,Yes,No,Fiber optic,Month-to-month,91,No,0,2
2276,Female,1,No,2,Yes,Yes,Fiber optic,Month-to-month,57,No,0,3
2277,Female,0,Yes,19,Yes,Yes,Fiber optic,Month-to-month,20,No,0,1
2278,Male,0,Yes,62,Yes,Yes,Fiber optic,Month-to-month,95,No,0,2
2279,Female,0,No,51,Yes,No,DSL,Month-to-month,79,No,0,2
2280,Female,0,No,72,Yes,Yes,DSL,Two year,94,No,0,2
2281,Male,0,No,10,Yes,Yes,Fiber optic,Month-to-month,90,Yes,1,0
2282,Female,0,No,37,Yes,Yes,DSL,Month-to-month,68,No,0,0
2283,Female,0,Yes,35,Yes,Yes,Fiber optic,Month-to-month,50,No,0,1
2284,Female,0,No,10,Yes,No,Fiber optic,Month-to-month,61,No,0,0
2285,Male,0,No,1,Yes,No,DSL,Month-to-month,20,Yes,1,1
2286,Female,0,Yes,26,Yes,Yes,Fiber optic,Month-to-month,20,No,0,1
2287,Male,0,No,72,Yes,No,DSL,Month-to-month,82,No,0,2
2288,Female,1,No,38,Yes,Yes,Fiber optic,Two year,100,Yes,1,3
2289,Female,0,No,18,Yes,No,Fiber optic,Month-to-month,100,Yes,1,0
2290,Male,0,No,56,Yes,Yes,Fiber optic,Two year,53,No,0,2
2291,Female,0,No,36,Yes,No,DSL,Month-to-month,54,No,0,1
2292,Male,0,Yes,22,Yes,Yes,Fiber optic,Month-to-month,89,No,0,0
2293,Male,0,Yes,65,Yes,Yes,DSL,Two year,104,No,0,2
2294,Male,0,No,27,Yes,Yes,DSL,Two year,54,No,0,0
2295,Female,0,No,29,Yes,Yes,Fiber optic,Month-to-month,74,No,0,0
2296,Male,1,No,10,Yes,No,DSL,Month-to-month,95,Yes,1,3
2297,Female,1,No,50,Yes,No,DSL,Month-to-month,105,No,0,3
2298,Male,0,No,9,Yes,Yes,Fiber optic,One year,86,No,0,0
2299,Male,0,Yes,23,Yes,Yes,Fiber optic,Two year,24,No,0,1
2300,Male,0,Yes,24,Yes,No,DSL,Two year,55,Yes,1,1
2301,Male,0,No,1,Yes,Yes,Fiber optic,One year,56,No,0,0
2302,Male,0,No,20,Yes,Yes,Fiber optic,Month-to-month,64,No,0,0
2303,Male,0,No,58,Yes,Yes,DSL,Two year,60,Yes,1,2
2304,Female,0,No,47,Yes,No,DSL,Month-to-month,20,No,0,1
2305,Male,1,No,72,Yes,No,Fiber optic,One year,93,No,0,3
2306,Male,0,No,14,Yes,Yes,Fiber optic,Month-to-month,50,No,0,0
2307,Female,0,Yes,62,Yes,No,Fiber optic,Month-to-month,55,No,0,2
2308,Female,1,No,37,Yes,No,DSL,One year,76,Yes,1,3
2309,Male,0,No,29,No,No,Fiber optic,One year,34,No,0,1
2310,Female,0,No,62,Yes,Yes,Fiber optic,Two year,19,No,0,1
2311,Female,0,Yes,46,Yes,No,DSL,Two year,100,No,0,2
2312,Male,0,No,2,Yes,No,Fiber optic,Month-to-month,94,Yes,1,0
2313,Female,0,No,50,Yes,No,DSL,One year,96,No,0,2
2314,Male,0,No,24,Yes,Yes,Fiber optic,One year,105,Yes,1,0
2315,Male,1,No,55,Yes,Yes,DSL,Two year,114,No,0,3
2316,Female,0,No,64,Yes,Yes,DSL,One year,115,No,0,2
2317,Female,0,No,4,Yes,No,DSL,Month-to-month,89,Yes,1,0
2318,Female,0,No,6,No,Yes,DSL,Two year,29,No,0,1
2319,Male,1,No,1,Yes,Yes,Fiber optic,Two year,76,Yes,1,3
2320,Male,0,Yes,37,Yes,No,Fiber optic,Month-to-month,63,No,0,2
2321,Male,1,No,71,Yes,Yes,DSL,Two year,25,No,0,3
2322,Male,0,Yes,29,No,Yes,Fiber optic,Month-to-month,55,No,0,1
2323,Male,0,No,7,Yes,No,DSL,Two year,89,Yes,1,0
2324,Male,0,No,32,Yes,Yes,Fiber optic,Month-to-month,99,No,0,0
2325,Female,0,No,59,Yes,Yes,Fiber optic,Month-to-month,95,No,0,2
2326,Male,0,Yes,40,Yes,No,DSL,Month-to-month,75,No,0,2
2327,Male,0,No,10,No,Yes,Fiber optic,One year,30,Yes,1,1
2328,Female,0,No,27,Yes,No,Fiber optic,Month-to-month,19,No,0,1
2329,Female,0,No,7,Yes,Yes,Fiber optic,Month-to-month,86,Yes,1,0
2330,Male,0,Yes,65,Yes,Yes,Fiber optic,One year,25,No,0,1
2331,Female,0,No,10,Yes,Yes,DSL,Month-to-month,81,Yes,1,0
2332,Female,0,Yes,23,Yes,Yes,DSL,One year,84,No,0,0
2333,Female,0,Yes,47,Yes,No,DSL,One year,85,No,0,2
2334,Male,0,No,11,Yes,Yes,DSL,Month-to-month,55,No,0,0
2335,Male,0,No,12,No,Yes,Fiber optic,Month-to-month,34,No,0,1
2336,Male,0,Yes,30,No,No,DSL,Month-to-month,44,No,0,1
2337,Female,0,No,1,Yes,No,Fiber optic,Month-to-month,76,Yes,1,0
2338,Female,0,No,57,Yes,Yes,Fiber optic,One year,109,No,0,2
2339,Male,1,No,11,Yes,No,DSL,Two year,70,No,0,3
2340,Female,0,No,9,Yes,Yes,Fiber optic,Month-to-month,20,No,0,1
2341,Female,0,No,4,Yes,No,DSL,One year,70,Yes,1,0
2342,Male,0,No,13,Yes,Yes,Fiber optic,Two year,74,No,0,0
2343,Female,0,No,35,Yes,Yes,Fiber optic,Month-to-month,21,No,0,1
2344,Male,0,No,67,No,No,DSL,Month-to-month,51,No,0,2
2345,Male,0,Yes,51,Yes,No,DSL,Two year,48,No,0,1
2346,Male,0,No,1,Yes,No,DSL,Month-to-month,51,Yes,1,0
2347,Female,0,Yes,71,Yes,Yes,Fiber optic,Two year,100,No,0,2
2348,Male,1,No,29,Yes,Yes,DSL,One year,79,No,0,3
2349,Female,0,No,33,Yes,No,DSL,Month-to-month,104,Yes,1,2
2350,Female,0,Yes,11,No,Yes,Fiber optic,Two year,36,No,0,1
2351,Male,0,Yes,13,Yes,Yes,Fiber optic,Month-to-month,78,No,0,0
2352,Male,0,Yes,42,Yes,No,DSL,Two year,19,No,0,1
2353,Female,0,No,8,No,No,DSL,Month-to-month,29,No,0,1
2354,Male,0,No,1,Yes,No,Fiber optic,Month-to-month,44,Yes,1,0
2355,Male,0,No,72,Yes,No,DSL,Two year,108,No,0,2
2356,Male,0,Yes,47,Yes,No,DSL,Two year,87,No,0,2
2357,Male,0,Yes,30,Yes,No,DSL,Month-to-month,85,No,0,0
2358,Male,0,No,51,Yes,Yes,DSL,One year,112,No,0,2
2359,Female,0,No,16,Yes,No,DSL,One year,95,No,0,0
2360,Female,0,No,34,Yes,Yes,DSL,Month-to-month,100,No,0,2
2361,Male,0,No,8,Yes,No,DSL,Two year,87,Yes,1,0
2362,Female,0,No,72,Yes,No,DSL,Month-to-month,25,No,0,1
2363,Male,1,No,60,Yes,No,DSL,Month-to-month,72,No,0,3
2364,Male,0,No,72,Yes,No,DSL,Month-to-month,116,No,0,2
2365,Male,0,Yes,12,Yes,Yes,Fiber optic,Month-to-month,20,No,0,1
2366,Female,0,Yes,65,Yes,Yes,Fiber optic,Month-to-month,82,No,0,2
2367,Male,0,Yes,32,Yes,No,Fiber optic,Month-to-month,19,No,0,1
2368,Female,0,Yes,67,Yes,No,Fiber optic,Month-to-month,94,Yes,1,2
2369,Male,0,No,45,Yes,Yes,Fiber optic,Two year,79,No,0,2
2370,Female,0,Yes,60,No,Yes,Fiber optic,Two year,60,No,0,2
2371,Female,0,No,1,Yes,Yes,Fiber optic,Two year,55,No,0,0
2372,Female,0,No,58,Yes,Yes,DSL,Month-to-month,65,No,0,2
2373,Female,0,No,9,Yes,Yes,DSL,Two year,95,Yes,1,0
2374,Female,0,No,1,Yes,No,DSL,One year,74,No,0,0
2375,Male,0,Yes,8,Yes,No,DSL,Month-to-month,24,No,0,1
2376,Male,0,No,2,Yes,No,Fiber optic,Two year,45,Yes,1,0
2377,Female,0,Yes,47,Yes,No,DSL,One year,20,No,0,1
2378,Female,1,No,1,Yes,No,DSL,Month-to-month,74,Yes,1,3
2379,Female,0,No,1,No,No,Fiber optic,Month-to-month,26,No,0,1
2380,Female,0,No,10,Yes,Yes,Fiber optic,Month-to-month,101,Yes,1,0
2381,Male,0,No,29,No,Yes,Fiber optic,Month-to-month,25,No,0,1
2382,Female,0,Yes,58,Yes,No,DSL,One year,76,No,0,2
2383,Male,0,No,14,Yes,No,DSL,One year,19,No,0,1
2384,Male,0,No,7,Yes,No,DSL,Month-to-month,21,No,0,1
2385,Female,0,Yes,5,Yes,Yes,Fiber optic,Month-to-month,84,Yes,1,0
2386,Female,0,Yes,18,Yes,No,DSL,Month-to-month,20,Yes,1,1
2387,Male,0,Yes,25,Yes,No,DSL,Month-to-month,20,No,0,1
2388,Female,0,No,46,Yes,Yes,Fiber optic,Month-to-month,64,No,0,2
2389,Male,0,No,1,Yes,No,DSL,Month-to-month,51,Yes,1,0
2390,Female,0,No,1,Yes,Yes,DSL,One year,48,No,0,0
2391,Female,0,No,68,Yes,No,DSL,One year,85,No,0,2
2392,Male,0,No,18,Yes,Yes,DSL,Month-to-month,44,No,0,1
2393,Female,0,No,8,Yes,Yes,Fiber optic,Month-to-month,80,No,0,0
2394,Male,0,No,64,Yes,Yes,Fiber optic,One year,20,No,0,1
2395,Female,1,No,4,Yes,Yes,Fiber optic,One year,89,Yes,1,3
2396,Female,0,No,63,Yes,Yes,Fiber optic,One year,80,No,0,2
2397,Male,0,Yes,54,Yes,Yes,Fiber optic,One year,106,No,0,2
2398,Male,0,No,54,Yes,No,Fiber optic,Month-to-month,75,No,0,2
2399,Male,0,Yes,72,Yes,No,DSL,Month-to-month,70,No,0,2
2400,Male,1,No,4,No,No,DSL,Month-to-month,51,No,0,3
2401,Female,0,No,72,Yes,No,Fiber optic,Month-to-month,91,No,0,2
2402,Female,1,No,60,No,No,DSL,Month-to-month,49,No,0,3
2403,Male,0,Yes,20,Yes,No,DSL,Month-to-month,90,Yes,1,0
2404,Female,1,No,35,Yes,No,DSL,One year,71,No,0,3
2405,Female,0,No,2,Yes,Yes,Fiber optic,One year,49,Yes,1,0
2406,Female,0,No,26,No,No,Fiber optic,Month-to-month,50,No,0,1
2407,Male,0,No,14,Yes,No,Fiber optic,Month-to-month,83,No,0,0
2408,Male,1,No,1,Yes,No,Fiber optic,Month-to-month,75,Yes,1,3
2409,Female,0,Yes,53,Yes,No,DSL,Two year,20,No,0,1
2410,Male,0,No,1,Yes,No,DSL,One year,19,No,0,1
2411,Male,0,No,58,Yes,Yes,Fiber optic,Month-to-month,20,No,0,1
2412,Female,0,Yes,5,Yes,Yes,DSL,Two year,51,No,0,0
2413,Female,0,No,53,Yes,No,DSL,One year,106,No,0,2
2414,Female,0,No,4,Yes,No,DSL,Two year,20,No,0,1
2415,Male,0,No,49,Yes,No,DSL,One year,99,No,0,2
2416,Male,0,Yes,2,Yes,Yes,Fiber optic,Month-to-month,90,Yes,1,0
2417,Male,0,No,2,Yes,Yes,Fiber optic,One year,68,Yes,1,0
2418,Female,0,No,3,Yes,No,DSL,Month-to-month,75,Yes,1,0
2419,Male,0,No,7,Yes,Yes,Fiber optic,Month-to-month,94,Yes,1,0
2420,Male,0,No,14,Yes,No,DSL,One year,45,No,0,0
2421,Male,0,No,18,Yes,No,DSL,Month-to-month,99,Yes,1,0
2422,Male,0,No,27,Yes,No,DSL,Month-to-month,81,No,0,0
2423,Female,0,Yes,66,Yes,No,Fiber optic,Month-to-month,60,No,0,2
2424,Female,0,No,43,Yes,No,DSL,One year,86,No,0,2
2425,Male,0,No,69,Yes,Yes,Fiber optic,Two year,113,No,0,2
2426,Male,0,No,71,Yes,No,DSL,Month-to-month,93,No,0,2
2427,Female,1,No,50,Yes,No,DSL,Month-to-month,83,No,0,3
2428,Male,0,No,51,Yes,No,DSL,Month-to-month,19,No,0,1
2429,Male,0,No,27,Yes,Yes,Fiber optic,Month-to-month,81,No,0,0
2430,Male,0,Yes,70,Yes,No,Fiber optic,One year,20,No,0,1
2431,Female,1,No,2,Yes,No,DSL,Two year,80,Yes,1,3
2432,Female,0,No,6,Yes,No,DSL,Month-to-month,50,Yes,1,0
2433,Female,0,No,59,Yes,Yes,DSL,One year,101,Yes,1,2
2434,Male,1,No,10,Yes,No,DSL,One year,92,Yes,1,3
2435,Male,1,No,29,Yes,No,DSL,Month-to-month,98,Yes,1,3
2436,Male,0,No,5,Yes,No,DSL,Month-to-month,20,No,0,1
2437,Female,1,No,21,Yes,No,Fiber optic,Month-to-month,94,Yes,1,3
2438,Female,0,No,62,Yes,No,DSL,Month-to-month,104,No,0,2
2439,Male,0,Yes,36,Yes,Yes,Fiber optic,Month-to-month,19,No,0,1
2440,Male,0,No,3,Yes,No,DSL,One year,20,Yes,1,1
2441,Female,0,No,69,Yes,No,DSL,Month-to-month,116,No,0,2
2442,Female,0,No,2,No,No,Fiber optic,Month-to-month,31,Yes,1,1
2443,Female,0,No,8,Yes,Yes,Fiber optic,Month-to-month,85,Yes,1,0
2444,Female,1,No,3,No,Yes,Fiber optic,Two year,31,No,0,3
2445,Male,0,No,1,Yes,Yes,Fiber optic,Month-to-month,46,Yes,1,0
2446,Female,0,No,12,Yes,No,Fiber optic,Month-to-month,99,Yes,1,0
2447,Male,0,No,18,Yes,Yes,Fiber optic,Month-to-month,76,No,0,0
2448,Female,0,No,20,No,No,Fiber optic,Month-to-month,25,No,0,1
2449,Male,0,No,22,Yes,Yes,Fiber optic,Month-to-month,59,Yes,1,0
2450,Female,0,Yes,5,Yes,No,DSL,Month-to-month,46,Yes,1,1
2451,Female,0,No,24,Yes,Yes,Fiber optic,Two year,25,No,0,1
2452,Male,0,Yes,64,Yes,Yes,Fiber optic,One year,69,No,0,2
2453,Male,0,No,26,Yes,Yes,Fiber optic,Month-to-month,99,No,0,0
2454,Male,1,No,68,Yes,Yes,Fiber optic,Month-to-month,105,Yes,1,3
2455,Female,0,No,60,Yes,Yes,DSL,Two year,21,No,0,1
2456,Male,0,Yes,25,Yes,No,Fiber optic,Month-to-month,55,No,0,1
2457,Female,0,No,51,Yes,Yes,DSL,Two year,26,No,0,1
2458,Female,0,No,7,Yes,No,Fiber optic,One year,81,No,0,0
2459,Male,0,Yes,39,Yes,Yes,Fiber optic,Two year,19,No,0,1
2460,Female,0,Yes,72,Yes,No,DSL,Month-to-month,80,No,0,2
2461,Female,0,No,27,Yes,No,DSL,Two year,95,No,0,0
2462,Male,0,Yes,56,Yes,No,DSL,One year,86,No,0,2
2463,Female,0,No,57,Yes,No,DSL,Month-to-month,20,No,0,1
2464,Male,0,No,17,Yes,Yes,Fiber optic,Month-to-month,107,No,0,0
2465,Female,0,No,1,Yes,Yes,Fiber optic,Month-to-month,56,Yes,1,0
2466,Male,0,Yes,35,Yes,No,DSL,Month-to-month,20,No,0,1
2467,Male,0,Yes,13,Yes,No,DSL,Two year,73,No,0,0
2468,Female,0,Yes,69,Yes,Yes,Fiber optic,One year,20,No,0,1
2469,Female,0,Yes,1,Yes,No,DSL,Month-to-month,19,No,0,1
2470,Male,0,No,7,Yes,No,DSL,One year,75,Yes,1,0
2471,Female,1,No,72,Yes,Yes,DSL,Two year,117,No,0,3
2472,Male,0,No,3,Yes,Yes,Fiber optic,Month-to-month,99,Yes,1,0
2473,Male,0,No,53,Yes,Yes,DSL,Two year,61,No,0,2
2474,Male,0,Yes,38,Yes,No,DSL,Month-to-month,82,No,0,2
2475,Female,0,No,4,Yes,Yes,Fiber optic,Month-to-month,80,No,0,0
2476,Female,0,No,62,Yes,No,Fiber optic,Two year,84,No,0,2
2477,Male,0,No,1,Yes,No,DSL,Two year,49,No,0,0
2478,Female,0,No,46,Yes,No,Fiber optic,Month-to-month,84,No,0,2
2479,Male,0,No,19,Yes,No,DSL,Month-to-month,60,No,0,0
2480,Female,0,No,72,Yes,Yes,DSL,Two year,91,No,0,2
2481,Male,0,Yes,38,Yes,Yes,Fiber optic,Month-to-month,25,No,0,1
2482,Male,0,No,71,Yes,Yes,DSL,Two year,106,No,0,2
2483,Female,0,No,16,Yes,No,DSL,Month-to-month,100,Yes,1,0
2484,Female,1,No,66,Yes,Yes,Fiber optic,Month-to-month,106,Yes,1,3
2485,Female,1,No,11,Yes,No,DSL,Month-to-month,95,Yes,1,3
2486,Male,0,Yes,66,Yes,Yes,Fiber optic,Month-to-month,84,No,0,2
2487,Male,0,No,28,Yes,Yes,Fiber optic,One year,91,No,0,0
2488,Female,0,No,1,No,No,DSL,Month-to-month,35,Yes,1,1
2489,Female,0,Yes,72,Yes,No,DSL,Month-to-month,110,No,0,2
2490,Female,0,Yes,18,Yes,Yes,DSL,One year,19,No,0,1
2491,Female,0,No,49,Yes,Yes,Fiber optic,Two year,19,No,0,1
2492,Female,1,No,41,Yes,No,DSL,Month-to-month,104,No,0,3
2493,Male,0,Yes,1,Yes,No,DSL,Month-to-month,70,Yes,1,0
2494,Male,1,No,27,Yes,Yes,Fiber optic,Month-to-month,76,Yes,1,3
2495,Male,0,No,5,Yes,Yes,Fiber optic,Month-to-month,21,No,0,1
2496,Male,0,No,43,No,No,DSL,One year,35,No,0,1
2497,Male,0,Yes,47,Yes,No,DSL,Two year,55,No,0,2
2498,Female,0,No,1,Yes,No,DSL,Month-to-month,50,No,0,0
2499,Female,0,No,15,Yes,No,DSL,Month-to-month,59,Yes,1,0
2500,Female,0,Yes,7,Yes,No,DSL,One year,71,No,0,0
2501,Male,0,No,14,Yes,No,DSL,One year,20,No,0,1
2502,Female,0,No,43,Yes,No,DSL,Two year,80,No,0,2
2503,Male,0,No,29,Yes,Yes,DSL,One year,84,Yes,1,0
2504,Female,0,No,46,Yes,No,DSL,One year,24,No,0,1
2505,Female,0,No,24,Yes,No,Fiber optic,Month-to-month,49,No,0,0
2506,Male,0,Yes,51,No,No,DSL,One year,59,Yes,1,2
2507,Male,0,Yes,70,No,Yes,DSL,Two year,60,No,0,2
2508,Female,0,No,12,Yes,Yes,DSL,Two year,46,No,0,0
2509,Male,0,No,3,Yes,Yes,Fiber optic,Two year,20,No,0,1
2510,Female,1,No,9,Yes,Yes,DSL,Two year,84,Yes,1,3
2511,Female,0,No,15,Yes,Yes,Fiber optic,Month-to-month,84,No,0,0
2512,Female,0,Yes,72,Yes,No,Fiber optic,One year,24,No,0,1
2513,Female,0,Yes,4,Yes,No,DSL,One year,20,No,0,1
2514,Female,0,No,72,Yes,No,DSL,Two year,104,No,0,2
2515,Male,0,No,10,Yes,Yes,Fiber optic,Month-to-month,20,No,0,1
2516,Female,1,No,5,No,Yes,Fiber optic,Two year,28,Yes,1,3
2517,Male,0,No,8,Yes,Yes,Fiber optic,Month-to-month,86,No,0,0
2518,Female,1,No,26,Yes,No,Fiber optic,Month-to-month,91,Yes,1,3
2519,Female,0,No,68,Yes,Yes,Fiber optic,Month-to-month,71,No,0,2
2520,Male,0,Yes,2,Yes,Yes,Fiber optic,Month-to-month,20,No,0,1
2521,Male,1,No,8,Yes,No,DSL,Two year,74,Yes,1,3
2522,Female,0,No,3,Yes,Yes,Fiber optic,Month-to-month,20,No,0,1
2523,Male,0,No,13,Yes,Yes,DSL,One year,98,Yes,1,0
2524,Male,1,No,34,Yes,No,DSL,Two year,69,No,0,3
2525,Female,0,Yes,72,No,No,DSL,Two year,66,No,0,2
2526,Male,0,No,21,No,Yes,Fiber optic,Two year,44,No,0,1
2527,Female,0,Yes,40,Yes,No,DSL,Month-to-month,85,Yes,1,2
2528,Male,0,No,16,No,Yes,Fiber optic,Month-to-month,55,No,0,0
2529,Female,0,No,26,Yes,No,Fiber optic,Month-to-month,56,No,0,0
2530,Male,0,No,49,Yes,No,DSL,One year,99,Yes,1,2
2531,Male,0,No,46,Yes,No,Fiber optic,Month-to-month,19,No,0,1
2532,Male,0,Yes,11,Yes,Yes,DSL,Two year,80,Yes,1,0
2533,Male,0,No,72,Yes,No,Fiber optic,One year,84,No,0,2
2534,Male,0,No,47,Yes,No,DSL,Two year,20,No,0,1
2535,Male,0,Yes,1,Yes,Yes,Fiber optic,One year,19,Yes,1,1
2536,Female,1,No,59,Yes,Yes,DSL,Two year,90,No,0,3
2537,Female,0,No,71,Yes,Yes,DSL,One year,88,No,0,2
2538,Female,0,Yes,25,Yes,Yes,Fiber optic,Two year,20,No,0,1
2539,Male,0,Yes,72,Yes,No,DSL,Two year,108,No,0,2
2540,Male,0,No,2,Yes,Yes,DSL,Two year,20,No,0,1
2541,Female,0,No,35,Yes,Yes,Fiber optic,Two year,62,No,0,0
2542,Male,0,Yes,71,Yes,No,DSL,Two year,105,No,0,2
2543,Female,1,No,15,Yes,No,DSL,One year,95,No,0,3
2544,Female,0,No,2,Yes,Yes,Fiber optic,Month-to-month,20,No,0,1
2545,Female,0,No,26,Yes,Yes,DSL,One year,79,No,0,0
2546,Female,1,Yes,3,Yes,No,DSL,One year,88,Yes,1,3
2547,Male,1,No,49,Yes,No,DSL,Month-to-month,50,No,0,3
2548,Male,0,Yes,27,Yes,No,DSL,Two year,76,No,0,0
2549,Male,0,No,3,Yes,No,Fiber optic,Month-to-month,50,No,0,0
2550,Female,0,Yes,45,No,No,DSL,Month-to-month,51,No,0,1
2551,Male,0,No,37,Yes,No,DSL,Two year,104,No,0,2
2552,Female,0,Yes,72,Yes,No,DSL,Month-to-month,117,No,0,2
2553,Female,0,No,62,Yes,Yes,DSL,One year,92,No,0,2
2554,Female,0,Yes,54,Yes,No,DSL,Month-to-month,60,No,0,2
2555,Male,0,Yes,15,Yes,No,DSL,Month-to-month,102,No,0,0
2556,Male,0,No,1,Yes,No,DSL,Month-to-month,20,Yes,1,1
2557,Female,1,No,1,No,Yes,Fiber optic,Month-to-month,25,Yes,1,3
2558,Male,0,No,72,No,No,DSL,Month-to-month,61,No,0,2
2559,Female,0,No,30,Yes,No,DSL,One year,79,No,0,0
2560,Female,0,No,40,Yes,Yes,Fiber optic,Two year,79,No,0,2
2561,Female,0,Yes,71,Yes,Yes,Fiber optic,Month-to-month,71,No,0,2
2562,Male,0,No,18,No,Yes,Fiber optic,Two year,34,Yes,1,1
2563,Male,0,No,17,No,No,DSL,Two year,25,No,0,1
2564,Female,0,No,40,Yes,Yes,Fiber optic,Month-to-month,20,No,0,1
2565,Female,1,No,72,Yes,Yes,DSL,One year,111,No,0,3
2566,Male,0,No,2,Yes,Yes,DSL,Two year,20,No,0,1
2567,Male,0,No,53,Yes,Yes,DSL,Two year,24,No,0,1
2568,Male,0,No,71,Yes,Yes,Fiber optic,Month-to-month,116,No,0,2
2569,Female,0,No,20,Yes,No,DSL,Two year,97,No,0,0
2570,Male,0,No,7,Yes,Yes,DSL,Two year,55,No,0,0
2571,Female,0,No,15,Yes,Yes,Fiber optic,Month-to-month,84,No,0,0
2572,Female,0,Yes,72,Yes,No,Fiber optic,Two year,24,No,0,1
2573,Male,0,Yes,39,Yes,Yes,DSL,Two year,24,No,0,1
2574,Female,0,No,45,Yes,No,DSL,Month-to-month,26,No,0,1
2575,Female,0,No,5,Yes,Yes,Fiber optic,Month-to-month,84,No,0,0
2576,Female,0,No,47,No,No,DSL,Month-to-month,40,No,0,1
2577,Male,0,No,4,Yes,No,Fiber optic,Month-to-month,20,No,0,1
2578,Male,0,No,47,Yes,Yes,Fiber optic,Month-to-month,101,No,0,2
2579,Male,0,Yes,33,Yes,No,Fiber optic,Month-to-month,95,No,0,2
2580,Female,0,Yes,15,Yes,No,DSL,Two year,25,No,0,1
2581,Male,0,No,66,Yes,Yes,Fiber optic,Month-to-month,89,No,0,2
2582,Female,0,No,6,Yes,No,DSL,Month-to-month,90,Yes,1,0
2583,Female,0,No,17,Yes,Yes,Fiber optic,Month-to-month,20,No,0,1
2584,Female,0,Yes,41,Yes,No,DSL,Two year,95,No,0,2
2585,Female,0,Yes,56,Yes,No,DSL,Month-to-month,100,No,0,2
2586,Female,0,No,28,Yes,No,DSL,Two year,55,No,0,0
2587,Female,0,Yes,72,No,No,DSL,Month-to-month,54,No,0,2
2588,Male,0,No,1,Yes,No,DSL,One year,50,No,0,0
2589,Female,0,No,56,Yes,No,DSL,Month-to-month,107,No,0,2
2590,Male,0,No,70,Yes,Yes,Fiber optic,Month-to-month,79,No,0,2
2591,Male,0,No,44,Yes,No,Fiber optic,Month-to-month,91,No,0,2
2592,Male,0,No,2,Yes,Yes,Fiber optic,Month-to-month,44,Yes,1,0
2593,Male,0,Yes,58,Yes,No,DSL,Month-to-month,72,No,0,2
2594,Female,0,No,48,Yes,No,DSL,Two year,83,No,0,2
2595,Male,0,No,11,Yes,Yes,Fiber optic,Two year,85,No,0,0
2596,Male,0,No,72,Yes,Yes,DSL,Two year,116,No,0,2
2597,Male,0,No,72,No,No,DSL,One year,42,No,0,2
2598,Female,0,No,26,Yes,Yes,Fiber optic,One year,86,No,0,0
2599,Male,0,No,52,No,No,Fiber optic,Month-to-month,40,No,0,1
2600,Female,0,Yes,52,Yes,No,DSL,Two year,20,No,0,1
2601,Male,0,No,27,Yes,No,Fiber optic,Month-to-month,53,No,0,0
2602,Male,0,No,1,Yes,Yes,Fiber optic,Two year,79,Yes,1,0
2603,Male,0,No,45,Yes,Yes,Fiber optic,One year,81,No,0,2
2604,Female,0,No,61,Yes,Yes,Fiber optic,Two year,89,No,0,2
2605,Female,0,No,2,Yes,Yes,Fiber optic,Month-to-month,80,No,0,0
2606,Female,0,Yes,11,Yes,No,DSL,Two year,66,Yes,1,0
2607,Female,0,No,21,Yes,Yes,Fiber optic,Month-to-month,60,No,0,0
2608,Female,1,No,1,Yes,No,Fiber optic,Month-to-month,71,Yes,1,3
2609,Female,1,No,6,Yes,No,DSL,Month-to-month,98,Yes,1,3
2610,Male,0,No,71,Yes,Yes,Fiber optic,Month-to-month,74,No,0,2
2611,Female,0,Yes,72,Yes,No,DSL,Month-to-month,71,No,0,2
2612,Male,1,No,67,Yes,No,Fiber optic,Month-to-month,61,No,0,3
2613,Female,0,Yes,21,Yes,Yes,DSL,Month-to-month,59,No,0,0
2614,Male,0,No,72,Yes,Yes,Fiber optic,Month-to-month,20,No,0,1
2615,Male,0,Yes,33,Yes,Yes,Fiber optic,One year,20,No,0,1
2616,Female,0,No,3,Yes,Yes,DSL,Two year,95,Yes,1,0
2617,Male,0,No,31,Yes,No,DSL,Month-to-month,94,Yes,1,0
2618,Male,1,No,55,No,No,DSL,Month-to-month,50,No,0,3
2619,Male,0,Yes,1,Yes,No,DSL,One year,74,Yes,1,0
2620,Female,0,No,10,Yes,Yes,Fiber optic,Month-to-month,19,No,0,1
2621,Male,0,No,1,Yes,No,DSL,Month-to-month,20,No,0,1
2622,Male,1,No,14,Yes,No,DSL,Two year,96,No,0,3
2623,Female,0,Yes,66,Yes,Yes,DSL,One year,74,No,0,2
2624,Female,0,Yes,72,Yes,Yes,Fiber optic,Month-to-month,106,No,0,2
2625,Female,0,Yes,11,No,Yes,DSL,Month-to-month,30,No,0,1
2626,Male,0,No,32,Yes,Yes,Fiber optic,Month-to-month,93,No,0,0
2627,Male,1,No,7,Yes,No,DSL,One year,102,Yes,1,3
2628,Male,0,Yes,31,No,Yes,DSL,Two year,60,No,0,1
2629,Female,0,No,61,No,No,Fiber optic,Month-to-month,44,No,0,1
2630,Female,1,No,1,Yes,No,Fiber optic,Month-to-month,70,Yes,1,3
2631,Female,1,No,71,Yes,Yes,Fiber optic,Two year,104,No,0,3
2632,Male,0,No,1,Yes,Yes,Fiber optic,Month-to-month,71,Yes,1,0
2633,Male,0,No,3,Yes,No,DSL,Two year,91,No,0,0
2634,Male,0,No,4,Yes,Yes,Fiber optic,One year,78,Yes,1,0
2635,Male,1,No,27,Yes,No,Fiber optic,Month-to-month,86,No,0,3
2636,Female,0,No,3,Yes,Yes,DSL,Two year,95,No,0,0
2637,Male,0,No,1,Yes,Yes,Fiber optic,Two year,20,No,0,1
2638,Male,0,Yes,72,Yes,No,DSL,Two year,90,No,0,2
2639,Female,0,Yes,61,No,No,Fiber optic,One year,51,No,0,2
2640,Male,0,Yes,68,Yes,Yes,DSL,Month-to-month,110,No,0,2
2641,Female,0,No,2,Yes,No,Fiber optic,Month-to-month,21,No,0,1
2642,Female,0,No,9,Yes,No,DSL,Month-to-month,20,No,0,1
2643,Male,0,No,31,Yes,No,Fiber optic,Month-to-month,20,No,0,1
2644,Female,0,No,3,Yes,Yes,Fiber optic,Month-to-month,74,Yes,1,0
2645,Male,0,Yes,35,Yes,No,DSL,Month-to-month,110,No,0,2
2646,Female,0,No,15,Yes,No,DSL,Month-to-month,20,No,0,1
2647,Female,1,No,1,Yes,No,DSL,Two year,89,Yes,1,3
2648,Male,0,No,42,Yes,No,DSL,Month-to-month,106,Yes,1,2
2649,Female,0,No,1,Yes,Yes,DSL,Month-to-month,45,Yes,1,0
2650,Female,0,Yes,71,Yes,Yes,DSL,Two year,96,No,0,2
2651,Female,0,Yes,50,Yes,Yes,Fiber optic,Month-to-month,20,No,0,1
2652,Female,0,Yes,55,Yes,No,Fiber optic,Month-to-month,26,No,0,1
2653,Female,0,No,47,Yes,No,DSL,Month-to-month,74,No,0,2
2654,Male,0,No,27,Yes,No,DSL,Two year,20,No,0,1
2655,Female,0,No,25,Yes,No,Fiber optic,Month-to-month,20,No,0,1
2656,Female,0,No,36,Yes,Yes,Fiber optic,Month-to-month,99,Yes,1,2
2657,Male,0,Yes,9,Yes,No,DSL,One year,90,No,0,0
2658,Female,1,No,45,Yes,Yes,DSL,Month-to-month,102,No,0,3
2659,Male,0,No,63,Yes,No,DSL,Two year,80,No,0,2
2660,Female,0,Yes,8,Yes,Yes,DSL,Two year,69,No,0,0
2661,Male,0,No,72,No,No,DSL,Month-to-month,66,No,0,2
2662,Male,0,Yes,17,Yes,No,DSL,Two year,81,Yes,1,0
2663,Female,1,No,51,Yes,No,DSL,Month-to-month,78,Yes,1,3
2664,Female,0,No,8,Yes,Yes,Fiber optic,One year,21,No,0,1
2665,Female,0,No,3,Yes,Yes,Fiber optic,One year,20,Yes,1,1
2666,Female,0,Yes,71,Yes,No,Fiber optic,One year,24,No,0,1
2667,Male,1,No,65,Yes,No,DSL,Two year,93,No,0,3
2668,Male,0,Yes,72,Yes,Yes,Fiber optic,Two year,108,No,0,2
2669,Male,0,Yes,72,No,No,DSL,Month-to-month,65,No,0,2
2670,Male,0,No,69,Yes,Yes,Fiber optic,Month-to-month,110,No,0,2
2671,Male,0,No,62,No,Yes,Fiber optic,One year,44,No,0,1
2672,Female,1,No,54,Yes,Yes,Fiber optic,Month-to-month,116,No,0,3
2673,Female,0,Yes,3,Yes,No,DSL,One year,19,No,0,1
2674,Male,0,No,23,Yes,Yes,Fiber optic,Month-to-month,60,No,0,0
2675,Male,0,No,35,Yes,No,DSL,Month-to-month,21,No,0,1
2676,Female,0,No,52,Yes,No,DSL,Two year,50,No,0,1
2677,Female,0,No,2,Yes,No,DSL,One year,91,No,0,0
2678,Male,0,Yes,64,Yes,No,Fiber optic,Month-to-month,20,No,0,1
2679,Male,0,No,1,No,No,DSL,One year,24,No,0,1
2680,Male,0,Yes,60,Yes,Yes,Fiber optic,Month-to-month,74,No,0,2
2681,Male,0,No,3,No,No,DSL,Two year,35,Yes,1,1
2682,Female,0,No,72,Yes,No,DSL,Two year,105,No,0,2
2683,Male,0,No,3,Yes,Yes,DSL,Month-to-month,86,No,0,0
2684,Female,0,No,34,Yes,Yes,Fiber optic,Month-to-month,25,No,0,1
2685,Male,0,No,43,Yes,Yes,Fiber optic,One year,75,No,0,2
2686,Female,1,No,66,Yes,Yes,Fiber optic,Two year,103,No,0,3
2687,Male,0,Yes,10,Yes,Yes,Fiber optic,Month-to-month,25,No,0,1
2688,Male,0,No,35,Yes,No,Fiber optic,Month-to-month,102,Yes,1,2
2689,Female,0,No,1,Yes,Yes,Fiber optic,Month-to-month,20,No,0,1
2690,Male,0,No,29,Yes,Yes,Fiber optic,Two year,49,No,0,1
2691,Female,0,Yes,50,Yes,No,Fiber optic,Month-to-month,70,No,0,2
2692,Female,0,No,1,Yes,No,DSL,One year,75,Yes,1,0
2693,Male,0,No,23,Yes,No,DSL,Month-to-month,65,No,0,0
2694,Male,0,Yes,13,Yes,No,DSL,Two year,74,Yes,1,0
2695,Female,0,No,68,Yes,No,DSL,Month-to-month,54,No,0,2
2696,Female,0,No,15,Yes,Yes,DSL,One year,20,No,0,1
2697,Male,0,No,44,Yes,No,DSL,Two year,71,No,0,2
2698,Female,0,No,40,Yes,Yes,DSL,Two year,84,No,0,2
2699,Female,0,No,48,Yes,No,DSL,Month-to-month,24,No,0,1
2700,Male,0,No,1,Yes,Yes,Fiber optic,Month-to-month,76,No,0,0
2701,Female,0,No,53,No,No,DSL,Month-to-month,54,No,0,1
2702,Female,0,No,19,Yes,No,DSL,One year,45,No,0,1
2703,Female,0,No,1,Yes,No,DSL,Month-to-month,44,No,0,0
2704,Male,0,No,39,Yes,Yes,DSL,Month-to-month,82,No,0,2
2705,Male,0,Yes,43,Yes,No,DSL,One year,104,No,0,2
2706,Female,0,Yes,4,Yes,Yes,DSL,Two year,87,Yes,1,0
2707,Male,0,No,71,Yes,No,Fiber optic,Month-to-month,81,No,0,2
2708,Female,0,No,47,Yes,No,Fiber optic,Month-to-month,85,Yes,1,2
2709,Male,0,Yes,29,Yes,Yes,Fiber optic,Month-to-month,71,Yes,1,0
2710,Female,0,No,58,No,No,DSL,Month-to-month,45,No,0,1
2711,Female,0,No,15,Yes,No,DSL,One year,49,Yes,1,0
2712,Female,0,No,72,Yes,No,Fiber optic,One year,84,No,0,2
2713,Female,1,No,43,No,No,DSL,Month-to-month,56,Yes,1,3
2714,Female,1,No,25,Yes,No,DSL,Month-to-month,98,Yes,1,3
2715,Female,0,No,2,Yes,Yes,Fiber optic,Two year,20,No,0,1
2716,Female,0,No,5,Yes,Yes,DSL,Month-to-month,44,No,0,0
2717,Male,0,Yes,15,Yes,No,DSL,Month-to-month,60,No,0,0
2718,Male,0,Yes,11,Yes,Yes,DSL,Two year,20,No,0,1
2719,Female,0,Yes,37,Yes,No,DSL,Two year,26,No,0,1
2720,Female,0,No,11,Yes,No,DSL,Two year,101,Yes,1,0
2721,Female,0,Yes,17,Yes,Yes,DSL,Month-to-month,75,No,0,0
2722,Female,1,No,62,Yes,No,Fiber optic,Month-to-month,98,No,0,3
2723,Male,0,No,27,Yes,No,DSL,Two year,49,No,0,1
2724,Female,0,No,25,Yes,No,DSL,Month-to-month,20,No,0,1
2725,Male,0,No,50,Yes,No,DSL,One year,20,No,0,1
2726,Male,0,Yes,69,Yes,No,DSL,Month-to-month,99,Yes,1,2
2727,Female,0,No,28,Yes,No,DSL,Two year,26,No,0,1
2728,Male,0,Yes,35,Yes,Yes,Fiber optic,Month-to-month,20,No,0,1
2729,Male,0,No,29,Yes,No,DSL,One year,19,No,0,1
2730,Male,1,No,65,Yes,Yes,Fiber optic,Month-to-month,103,No,0,3
2731,Male,0,Yes,35,Yes,Yes,Fiber optic,One year,20,No,0,1
2732,Male,0,Yes,51,Yes,Yes,Fiber optic,Month-to-month,20,No,0,1
2733,Female,0,No,4,Yes,No,DSL,Month-to-month,46,Yes,1,0
2734,Male,0,Yes,65,Yes,No,DSL,Month-to-month,84,No,0,2
2735,Male,0,No,23,Yes,No,DSL,Month-to-month,100,No,0,0
2736,Male,1,Yes,38,Yes,Yes,Fiber optic,Month-to-month,80,No,0,3
2737,Male,1,No,43,Yes,Yes,Fiber optic,Month-to-month,85,No,0,3
2738,Female,0,Yes,12,Yes,Yes,Fiber optic,One year,25,No,0,1
2739,Female,0,No,65,Yes,No,DSL,Two year,100,No,0,2
2740,Female,1,Yes,14,Yes,Yes,Fiber optic,One year,96,No,0,3
2741,Male,0,No,20,Yes,No,DSL,Month-to-month,85,Yes,1,0
2742,Female,0,Yes,56,Yes,No,Fiber optic,Month-to-month,61,No,0,2
2743,Male,0,No,42,No,Yes,DSL,Two year,25,No,0,1
2744,Male,0,No,11,Yes,No,Fiber optic,Two year,73,No,0,0
2745,Male,0,No,2,Yes,No,Fiber optic,Two year,82,Yes,1,0
2746,Female,0,Yes,3,Yes,Yes,Fiber optic,Month-to-month,20,No,0,1
2747,Male,0,No,1,Yes,No,DSL,Two year,69,Yes,1,0
2748,Male,0,No,11,Yes,No,DSL,Month-to-month,20,No,0,1
2749,Male,0,No,3,Yes,No,DSL,Month-to-month,65,No,0,0
2750,Female,0,No,1,Yes,Yes,DSL,One year,20,No,0,1
2751,Male,0,Yes,68,Yes,No,DSL,One year,20,No,0,1
2752,Male,0,Yes,53,Yes,No,DSL,Month-to-month,20,No,0,1
2753,Female,1,No,60,Yes,No,DSL,Month-to-month,101,No,0,3
2754,Female,0,No,66,Yes,Yes,Fiber optic,Month-to-month,89,No,0,2
2755,Female,0,No,28,Yes,No,DSL,Month-to-month,59,No,0,0
2756,Female,1,No,5,Yes,No,DSL,Month-to-month,70,No,0,3
2757,Male,1,No,24,No,No,DSL,Month-to-month,39,Yes,1,3
2758,Female,0,Yes,45,Yes,Yes,Fiber optic,One year,54,Yes,1,1
2759,Female,0,Yes,6,Yes,No,DSL,Month-to-month,94,No,0,0
2760,Male,1,No,64,Yes,No,DSL,Month-to-month,80,No,0,3
2761,Male,0,Yes,58,Yes,No,DSL,One year,93,No,0,2
2762,Female,1,No,5,Yes,No,DSL,Month-to-month,83,Yes,1,3
2763,Male,0,No,31,Yes,No,Fiber optic,Two year,59,No,0,0
2764,Female,0,No,35,Yes,No,Fiber optic,Month-to-month,100,Yes,1,2
2765,Male,0,Yes,5,Yes,Yes,DSL,Month-to-month,20,No,0,1
2766,Male,0,No,16,Yes,No,Fiber optic,Month-to-month,70,No,0,0
2767,Female,1,No,72,Yes,Yes,Fiber optic,One year,106,No,0,3
2768,Female,0,Yes,60,Yes,Yes,Fiber optic,Month-to-month,94,No,0,2
2769,Male,0,Yes,67,Yes,No,DSL,One year,26,No,0,1
2770,Female,0,Yes,72,Yes,No,DSL,Month-to-month,90,No,0,2
2771,Female,0,No,50,Yes,Yes,Fiber optic,Month-to-month,20,No,0,1
2772,Male,0,No,10,Yes,No,DSL,Month-to-month,24,No,0,1
2773,Female,0,Yes,4,Yes,Yes,DSL,Two year,98,Yes,1,0
2774,Female,1,No,4,Yes,No,DSL,Month-to-month,75,Yes,1,3
2775,Male,1,No,23,Yes,No,DSL,Month-to-month,87,No,0,3
2776,Male,1,No,6,Yes,Yes,DSL,One year,80,No,0,3
2777,Male,0,No,12,Yes,No,Fiber optic,Month-to-month,75,No,0,0
2778,Female,0,No,10,Yes,No,DSL,Month-to-month,21,No,0,1
2779,Male,0,No,12,Yes,No,Fiber optic,One year,85,No,0,0
2780,Male,0,Yes,22,Yes,Yes,Fiber optic,Month-to-month,68,Yes,1,0
2781,Female,0,No,47,Yes,No,DSL,One year,75,No,0,2
2782,Female,0,No,24,Yes,No,DSL,Month-to-month,99,Yes,1,0
2783,Female,0,No,34,Yes,Yes,DSL,Two year,64,Yes,1,0
2784,Male,1,No,9,Yes,Yes,Fiber optic,Month-to-month,21,No,0,3
2785,Male,0,Yes,28,Yes,No,Fiber optic,Month-to-month,75,Yes,1,0
2786,Female,0,Yes,69,Yes,Yes,Fiber optic,Two year,64,No,0,2
2787,Female,0,No,39,No,No,DSL,One year,51,No,0,1
2788,Female,1,No,27,Yes,Yes,DSL,Two year,110,No,0,3
2789,Female,0,Yes,2,Yes,Yes,Fiber optic,One year,20,No,0,1
2790,Female,0,No,1,Yes,Yes,Fiber optic,Month-to-month,19,No,0,1
2791,Male,0,No,65,Yes,Yes,Fiber optic,Two year,90,Yes,1,2
2792,Female,0,No,28,Yes,No,DSL,Two year,54,No,0,0
2793,Male,0,No,12,Yes,No,DSL,Month-to-month,84,Yes,1,0
2794,Female,1,No,1,Yes,Yes,Fiber optic,Month-to-month,70,Yes,1,3
2795,Male,0,Yes,27,Yes,No,DSL,Month-to-month,80,Yes,1,0
2796,Male,0,Yes,66,Yes,Yes,Fiber optic,Month-to-month,25,No,0,1
2797,Female,0,No,72,Yes,Yes,Fiber optic,Month-to-month,60,No,0,2
2798,Male,1,Yes,58,Yes,Yes,Fiber optic,Month-to-month,90,No,0,3
2799,Male,0,No,7,Yes,No,Fiber optic,Month-to-month,100,Yes,1,0
2800,Female,0,Yes,17,Yes,No,DSL,One year,94,Yes,1,0
2801,Female,0,Yes,70,Yes,No,DSL,Month-to-month,25,No,0,1
2802,Male,0,No,1,Yes,Yes,Fiber optic,One year,46,No,0,0
2803,Female,0,No,64,Yes,Yes,Fiber optic,Month-to-month,25,No,0,1
2804,Female,0,No,55,Yes,No,DSL,Two year,78,No,0,2
2805,Male,1,No,51,Yes,No,DSL,One year,80,No,0,3
2806,Female,0,No,5,Yes,No,DSL,Two year,85,Yes,1,0
2807,Female,0,No,43,Yes,Yes,DSL,Two year,115,No,0,2
2808,Male,1,No,53,Yes,No,DSL,One year,102,Yes,1,3
2809,Male,0,Yes,63,Yes,No,Fiber optic,Month-to-month,20,No,0,1
2810,Male,0,No,27,Yes,No,DSL,Month-to-month,20,No,0,1
2811,Female,1,No,22,Yes,Yes,Fiber optic,One year,70,No,0,3
2812,Male,1,No,6,Yes,No,DSL,Two year,85,Yes,1,3
2813,Male,0,Yes,31,Yes,Yes,Fiber optic,One year,89,No,0,2
2814,Male,0,Yes,64,Yes,Yes,DSL,Two year,81,No,0,2
2815,Male,0,No,71,Yes,No,DSL,Two year,21,No,0,1
2816,Male,0,No,68,No,No,Fiber optic,Month-to-month,54,No,0,2
2817,Female,0,No,1,Yes,Yes,Fiber optic,Two year,54,No,0,0
2818,Male,1,No,64,Yes,No,DSL,Two year,104,No,0,3
2819,Male,0,No,2,Yes,No,Fiber optic,Month-to-month,70,No,0,0
2820,Male,0,Yes,1,Yes,No,DSL,Month-to-month,44,No,0,1
2821,Male,0,Yes,28,Yes,Yes,DSL,One year,64,No,0,0
2822,Male,0,No,2,Yes,Yes,Fiber optic,Month-to-month,20,No,0,1
2823,Female,1,Yes,72,Yes,Yes,DSL,Month-to-month,90,No,0,3
2824,Male,0,No,28,Yes,No,DSL,Two year,91,No,0,0
2825,Female,0,Yes,55,Yes,No,DSL,Two year,101,No,0,2
2826,Female,0,No,65,Yes,Yes,DSL,Month-to-month,71,No,0,2
2827,Male,1,Yes,34,Yes,No,DSL,One year,109,No,0,3
2828,Male,1,No,53,Yes,No,DSL,Month-to-month,60,Yes,1,3
2829,Male,0,Yes,37,Yes,No,DSL,Two year,20,No,0,1
2830,Female,0,Yes,15,Yes,No,Fiber optic,Month-to-month,86,Yes,1,0
2831,Male,0,No,71,Yes,No,DSL,Two year,83,No,0,2
2832,Male,0,No,7,Yes,Yes,Fiber optic,Month-to-month,74,No,0,0
2833,Male,0,Yes,67,Yes,Yes,DSL,One year,111,No,0,2
2834,Male,0,No,52,Yes,No,DSL,Two year,96,No,0,2
2835,Female,0,Yes,69,Yes,No,DSL,One year,109,No,0,2
2836,Male,0,Yes,24,Yes,Yes,DSL,One year,75,No,0,0
2837,Female,0,No,7,Yes,Yes,Fiber optic,Month-to-month,78,No,0,0
2838,Male,0,Yes,39,Yes,No,DSL,Month-to-month,25,No,0,1
2839,Male,0,No,50,Yes,No,DSL,Two year,21,No,0,1
2840,Male,0,No,71,Yes,No,DSL,Two year,99,No,0,2
2841,Female,0,Yes,13,Yes,No,Fiber optic,Month-to-month,20,No,0,1
2842,Female,0,No,1,Yes,No,DSL,Month-to-month,19,No,0,1
2843,Male,0,No,29,Yes,No,DSL,Month-to-month,94,No,0,0
2844,Female,1,No,27,Yes,No,DSL,Two year,84,No,0,3
2845,Male,0,Yes,48,Yes,Yes,Fiber optic,Month-to-month,56,No,0,2
2846,Male,0,No,6,Yes,No,Fiber optic,Month-to-month,91,Yes,1,0
2847,Male,0,Yes,59,Yes,No,DSL,Month-to-month,77,No,0,2
2848,Male,1,No,30,Yes,Yes,Fiber optic,Month-to-month,106,No,0,3
2849,Female,0,No,32,Yes,No,DSL,One year,21,No,0,1
2850,Male,0,No,3,Yes,No,DSL,Month-to-month,92,No,0,0
2851,Male,0,Yes,5,Yes,Yes,Fiber optic,Month-to-month,56,No,0,0
2852,Female,0,Yes,70,Yes,Yes,DSL,Two year,89,No,0,2
2853,Male,0,No,1,Yes,No,DSL,Two year,70,No,0,0
2854,Female,0,Yes,54,Yes,Yes,Fiber optic,One year,91,No,0,2
2855,Male,0,Yes,72,Yes,Yes,DSL,One year,106,No,0,2
2856,Male,0,Yes,66,Yes,No,DSL,Two year,66,No,0,2
2857,Female,0,No,9,No,Yes,DSL,Month-to-month,58,Yes,1,0
2858,Female,0,Yes,41,Yes,No,DSL,Two year,78,No,0,2
2859,Female,1,No,71,Yes,No,DSL,Month-to-month,83,No,0,3
2860,Male,0,No,72,Yes,Yes,DSL,Two year,111,No,0,2
2861,Female,0,No,72,Yes,Yes,Fiber optic,Month-to-month,110,No,0,2
2862,Male,1,No,12,Yes,No,Fiber optic,Month-to-month,84,Yes,1,3
2863,Male,0,No,55,Yes,No,Fiber optic,Month-to-month,64,No,0,2
2864,Male,0,No,72,Yes,No,DSL,Month-to-month,104,No,0,2
2865,Female,1,No,65,Yes,No,DSL,Month-to-month,109,No,0,3
2866,Female,0,Yes,6,Yes,Yes,Fiber optic,Two year,80,Yes,1,0
2867,Female,0,No,4,Yes,No,Fiber optic,Month-to-month,71,Yes,1,0
2868,Male,0,No,62,Yes,No,DSL,One year,102,Yes,1,2
2869,Male,0,Yes,67,Yes,No,Fiber optic,Month-to-month,25,No,0,1
2870,Male,0,No,8,Yes,No,Fiber optic,Month-to-month,94,Yes,1,0
2871,Male,0,No,72,Yes,Yes,Fiber optic,Two year,21,No,0,1
2872,Female,1,No,66,No,Yes,Fiber optic,Month-to-month,46,No,0,3
2873,Male,0,No,10,Yes,Yes,DSL,Two year,72,Yes,1,0
2874,Female,1,No,43,Yes,Yes,Fiber optic,Month-to-month,110,Yes,1,3
2875,Female,0,Yes,22,Yes,No,DSL,Two year,61,Yes,1,0
2876,Male,0,No,12,Yes,Yes,Fiber optic,Month-to-month,81,No,0,0
2877,Male,0,No,10,Yes,No,DSL,One year,46,No,0,0
2878,Male,0,No,27,Yes,Yes,Fiber optic,Month-to-month,49,No,0,1
2879,Female,0,Yes,8,Yes,No,Fiber optic,Month-to-month,20,No,0,1
2880,Female,0,Yes,12,Yes,Yes,Fiber optic,Month-to-month,20,No,0,1
2881,Male,0,No,71,No,No,Fiber optic,Month-to-month,54,No,0,2
2882,Male,0,Yes,50,Yes,No,DSL,One year,106,Yes,1,2
2883,Female,0,Yes,70,Yes,No,DSL,Month-to-month,108,No,0,2
2884,Male,0,Yes,7,Yes,Yes,DSL,Two year,45,No,0,1
2885,Male,1,Yes,46,Yes,Yes,DSL,Two year,101,Yes,1,3
2886,Female,0,Yes,6,Yes,Yes,Fiber optic,Two year,49,No,0,0
2887,Female,0,No,6,Yes,No,Fiber optic,Month-to-month,89,No,0,0
2888,Female,0,No,47,Yes,No,DSL,Month-to-month,27,No,0,1
2889,Male,0,No,36,Yes,No,Fiber optic,Month-to-month,94,No,0,2
2890,Male,0,No,8,Yes,No,DSL,One year,95,Yes,1,0
2891,Male,0,Yes,40,No,No,Fiber optic,Month-to-month,60,No,0,1
2892,Male,0,No,61,Yes,No,Fiber optic,Month-to-month,104,No,0,2
2893,Male,0,No,72,Yes,No,DSL,Month-to-month,98,No,0,2
2894,Female,1,No,39,Yes,Yes,DSL,Month-to-month,99,No,0,3
2895,Male,0,No,8,Yes,No,DSL,One year,20,No,0,1
2896,Male,0,No,1,Yes,No,DSL,One year,89,Yes,1,0
2897,Female,0,No,33,No,No,DSL,One year,60,No,0,1
2898,Female,0,Yes,31,Yes,Yes,DSL,Two year,87,Yes,1,0
2899,Female,0,No,9,Yes,No,DSL,Two year,89,Yes,1,0
2900,Female,0,No,70,Yes,No,DSL,Two year,20,No,0,1
2901,Male,0,Yes,55,Yes,No,Fiber optic,Month-to-month,20,No,0,1
2902,Male,0,No,4,Yes,Yes,Fiber optic,Two year,19,No,0,1
2903,Male,0,Yes,48,Yes,No,Fiber optic,Month-to-month,79,No,0,2
2904,Male,0,Yes,61,Yes,No,DSL,Month-to-month,20,No,0,1
2905,Female,1,No,2,Yes,No,Fiber optic,Month-to-month,69,No,0,3
2906,Female,0,No,6,Yes,No,Fiber optic,One year,51,Yes,1,0
2907,Male,0,No,3,No,No,DSL,Month-to-month,30,Yes,1,1
2908,Male,0,No,22,No,No,Fiber optic,Month-to-month,44,Yes,1,1
2909,Female,0,No,33,Yes,Yes,Fiber optic,Month-to-month,80,No,0,0
2910,Male,0,No,12,Yes,No,DSL,One year,100,Yes,1,0
2911,Female,1,No,72,Yes,Yes,DSL,Two year,115,No,0,3
2912,Female,0,No,58,Yes,No,Fiber optic,Month-to-month,65,No,0,2
2913,Male,0,No,59,Yes,Yes,Fiber optic,Month-to-month,86,Yes,1,2
2914,Male,0,Yes,34,Yes,No,DSL,Two year,77,No,0,2
2915,Male,0,Yes,52,Yes,No,DSL,One year,25,No,0,1
2916,Male,0,No,10,Yes,No,DSL,Two year,46,Yes,1,0
2917,Female,1,No,16,Yes,No,DSL,Month-to-month,59,Yes,1,3
2918,Male,1,No,58,Yes,No,DSL,Two year,109,Yes,1,3
2919,Male,0,No,10,Yes,No,DSL,Month-to-month,95,Yes,1,0
2920,Male,0,No,3,Yes,No,DSL,Two year,90,No,0,0
2921,Female,0,Yes,69,Yes,No,DSL,Two year,20,No,0,1
2922,Female,0,No,13,No,Yes,Fiber optic,Month-to-month,31,No,0,1
2923,Female,0,Yes,25,Yes,No,Fiber optic,Month-to-month,89,Yes,1,0
2924,Male,1,No,1,Yes,No,Fiber optic,Month-to-month,20,Yes,1,3
2925,Male,0,No,1,Yes,No,Fiber optic,Month-to-month,62,Yes,1,0
2926,Male,0,No,68,Yes,No,Fiber optic,One year,102,No,0,2
2927,Male,0,No,1,Yes,Yes,Fiber optic,Two year,91,Yes,1,0
2928,Male,0,No,8,Yes,No,Fiber optic,Month-to-month,101,Yes,1,0
2929,Female,0,No,1,No,No,Fiber optic,Two year,25,No,0,1
2930,Female,0,No,46,Yes,No,DSL,One year,53,No,0,1
2931,Male,0,No,45,Yes,Yes,DSL,Two year,104,No,0,2
2932,Female,0,No,8,Yes,Yes,Fiber optic,Month-to-month,103,Yes,1,0
2933,Male,0,No,5,Yes,Yes,Fiber optic,Two year,95,Yes,1,0
2934,Male,0,No,22,Yes,Yes,DSL,Two year,93,No,0,0
2935,Female,0,No,58,Yes,No,DSL,Month-to-month,95,No,0,2
2936,Female,0,No,51,No,No,DSL,Two year,50,No,0,1
2937,Male,0,No,39,No,Yes,Fiber optic,Month-to-month,49,Yes,1,1
2938,Female,0,No,26,Yes,Yes,Fiber optic,One year,26,No,0,1
2939,Male,0,No,53,Yes,Yes,Fiber optic,One year,85,Yes,1,2
2940,Male,0,Yes,1,Yes,No,Fiber optic,Month-to-month,80,Yes,1,0
2941,Female,0,No,1,No,No,DSL,Month-to-month,30,Yes,1,1
2942,Male,0,Yes,18,Yes,Yes,Fiber optic,Two year,86,No,0,0
2943,Male,0,No,46,Yes,No,DSL,Two year,20,No,0,1
2944,Male,0,No,3,Yes,Yes,DSL,Two year,79,Yes,1,0
2945,Female,0,Yes,12,Yes,No,DSL,Month-to-month,45,Yes,1,1
2946,Male,0,No,14,No,No,Fiber optic,Month-to-month,55,No,0,0
2947,Male,1,No,5,Yes,Yes,Fiber optic,Month-to-month,70,Yes,1,3
2948,Male,0,Yes,28,Yes,No,Fiber optic,Month-to-month,100,No,0,2
2949,Male,1,No,59,Yes,Yes,Fiber optic,Month-to-month,94,Yes,1,3
2950,Male,0,No,10,Yes,No,DSL,One year,45,Yes,1,0
2951,Female,0,No,21,Yes,No,DSL,Month-to-month,81,No,0,0
2952,Female,1,No,5,No,No,DSL,One year,46,Yes,1,3
2953,Female,0,Yes,10,Yes,No,DSL,Month-to-month,26,No,0,1
2954,Male,1,No,5,Yes,Yes,Fiber optic,Month-to-month,71,No,0,3
2955,Male,0,No,9,Yes,Yes,Fiber optic,Month-to-month,80,Yes,1,0
2956,Female,0,No,11,Yes,Yes,Fiber optic,Month-to-month,98,Yes,1,0
2957,Male,0,No,47,Yes,No,Fiber optic,Month-to-month,74,No,0,2
2958,Male,0,No,3,No,Yes,Fiber optic,Month-to-month,41,No,0,1
2959,Male,0,No,1,Yes,No,DSL,Month-to-month,76,Yes,1,0
2960,Male,0,Yes,23,No,Yes,Fiber optic,Month-to-month,41,No,0,1
2961,Female,1,No,16,Yes,Yes,Fiber optic,Month-to-month,94,Yes,1,3
2962,Male,0,No,27,Yes,No,DSL,Month-to-month,82,No,0,0
2963,Male,0,Yes,68,Yes,No,DSL,Month-to-month,26,No,0,1
2964,Female,0,No,2,No,Yes,DSL,One year,51,No,0,0
2965,Male,0,Yes,5,Yes,Yes,DSL,One year,20,No,0,1
2966,Male,1,No,67,Yes,Yes,Fiber optic,Month-to-month,76,No,0,3
2967,Female,0,No,52,Yes,No,DSL,Month-to-month,58,No,0,2
2968,Male,0,No,29,Yes,Yes,Fiber optic,Two year,86,No,0,0
2969,Female,0,No,1,Yes,No,Fiber optic,Month-to-month,70,No,0,0
2970,Female,0,No,4,Yes,Yes,Fiber optic,Two year,70,Yes,1,0
2971,Female,0,No,69,Yes,No,Fiber optic,Month-to-month,85,No,0,2
2972,Female,0,No,16,No,Yes,DSL,Two year,39,No,0,1
2973,Male,0,No,24,Yes,No,DSL,Two year,93,No,0,0
2974,Female,0,No,42,Yes,No,Fiber optic,Month-to-month,104,No,0,2
2975,Female,0,No,60,No,Yes,Fiber optic,Month-to-month,51,Yes,1,2
2976,Male,0,Yes,10,Yes,No,DSL,Month-to-month,95,Yes,1,0
2977,Female,0,No,9,Yes,Yes,DSL,Month-to-month,60,No,0,0
2978,Female,0,No,24,Yes,No,DSL,Month-to-month,69,No,0,0
2979,Male,0,No,18,Yes,No,Fiber optic,Month-to-month,20,No,0,1
2980,Female,0,Yes,72,Yes,No,DSL,One year,116,No,0,2
2981,Female,0,Yes,64,Yes,Yes,DSL,Two year,87,No,0,2
2982,Male,0,No,2,Yes,No,DSL,Two year,19,No,0,1
2983,Male,0,No,68,Yes,No,DSL,One year,91,No,0,2
2984,Female,0,Yes,1,Yes,Yes,DSL,Two year,102,Yes,1,0
2985,Female,0,No,59,Yes,Yes,DSL,One year,20,No,0,1
2986,Male,0,No,50,Yes,Yes,Fiber optic,Two year,98,No,0,2
2987,Female,0,Yes,72,Yes,No,Fiber optic,Two year,110,No,0,2
2988,Female,0,No,57,Yes,No,DSL,Two year,95,No,0,2
2989,Female,1,No,18,Yes,Yes,Fiber optic,Two year,20,No,0,3
2990,Female,0,No,62,Yes,No,DSL,Month-to-month,115,No,0,2
2991,Male,0,No,24,Yes,No,DSL,Month-to-month,20,No,0,1
2992,Male,0,Yes,37,No,No,Fiber optic,Month-to-month,40,Yes,1,1
2993,Female,0,Yes,5,Yes,No,DSL,Month-to-month,86,Yes,1,0
2994,Female,0,No,3,Yes,No,DSL,One year,70,Yes,1,0
2995,Male,0,No,29,Yes,No,DSL,Two year,75,No,0,0
2996,Female,0,No,31,Yes,No,DSL,Month-to-month,49,No,0,1
2997,Male,0,Yes,24,Yes,Yes,DSL,Month-to-month,21,No,0,1
2998,Female,0,No,18,Yes,Yes,Fiber optic,Month-to-month,75,No,0,0
2999,Female,0,Yes,17,Yes,No,Fiber optic,Month-to-month,92,Yes,1,0
3000,Female,0,No,69,Yes,No,DSL,Month-to-month,67,No,0,2
3001,Female,0,Yes,48,Yes,Yes,Fiber optic,Month-to-month,20,No,0,1
3002,Male,0,Yes,54,Yes,No,DSL,Month-to-month,20,No,0,1
3003,Female,0,No,13,Yes,No,DSL,One year,79,No,0,0
3004,Female,1,Yes,22,Yes,Yes,Fiber optic,Month-to-month,85,No,0,3
3005,Male,0,No,18,No,No,Fiber optic,Month-to-month,25,No,0,1
3006,Female,0,No,16,Yes,No,DSL,Month-to-month,91,No,0,0
3007,Male,0,No,5,Yes,Yes,Fiber optic,Month-to-month,81,Yes,1,0
3008,Female,0,No,53,Yes,No,Fiber optic,Month-to-month,20,No,0,1
3009,Male,1,No,44,Yes,No,DSL,One year,74,No,0,3
3010,Male,0,No,44,Yes,Yes,DSL,Month-to-month,101,Yes,1,2
3011,Female,0,No,70,Yes,Yes,Fiber optic,Month-to-month,90,No,0,2
3012,Female,0,No,6,Yes,No,DSL,Two year,105,Yes,1,0
3013,Female,0,No,33,Yes,Yes,DSL,Two year,51,No,0,1
3014,Female,0,No,11,Yes,Yes,DSL,One year,20,No,0,1
3015,Female,0,Yes,72,Yes,Yes,Fiber optic,Month-to-month,24,No,0,1
3016,Female,0,No,9,Yes,No,DSL,Two year,80,No,0,0
3017,Male,1,No,63,No,No,DSL,Month-to-month,36,No,0,3
3018,Female,0,Yes,3,Yes,No,DSL,One year,21,No,0,1
3019,Male,0,No,66,Yes,Yes,DSL,Two year,106,No,0,2
3020,Female,0,No,66,No,No,DSL,Month-to-month,62,No,0,2
3021,Female,0,No,1,Yes,No,DSL,One year,71,No,0,0
3022,Female,0,No,30,Yes,No,DSL,Month-to-month,94,No,0,0
3023,Male,0,No,13,Yes,No,DSL,Month-to-month,70,No,0,0
3024,Female,0,Yes,72,Yes,Yes,DSL,Two year,80,No,0,2
3025,Female,0,Yes,8,Yes,No,DSL,Month-to-month,56,No,0,0
3026,Male,0,Yes,28,Yes,Yes,DSL,Two year,106,Yes,1,2
3027,Female,0,No,65,Yes,Yes,Fiber optic,Month-to-month,105,No,0,2
3028,Female,1,No,11,Yes,No,DSL,Month-to-month,83,No,0,3
3029,Female,0,No,26,Yes,No,DSL,Month-to-month,19,No,0,1
3030,Male,1,No,59,No,Yes,DSL,One year,50,No,0,3
3031,Male,0,Yes,67,Yes,No,Fiber optic,Month-to-month,19,No,0,1
3032,Female,0,No,71,Yes,No,Fiber optic,Month-to-month,20,No,0,1
3033,Male,1,No,57,Yes,No,DSL,Two year,71,No,0,3
3034,Female,0,No,71,No,Yes,Fiber optic,Two year,47,No,0,2
3035,Male,0,No,57,Yes,Yes,Fiber optic,Month-to-month,21,No,0,1
3036,Male,0,Yes,72,Yes,No,Fiber optic,Month-to-month,26,No,0,1
3037,Male,0,No,1,Yes,No,DSL,One year,75,No,0,0
3038,Male,1,No,15,Yes,No,DSL,One year,96,No,0,3
3039,Female,0,No,4,Yes,Yes,Fiber optic,One year,80,No,0,0
3040,Female,0,No,23,No,No,DSL,Two year,45,No,0,1
3041,Male,1,No,71,Yes,Yes,Fiber optic,Two year,107,No,0,3
3042,Female,0,Yes,45,Yes,No,DSL,Month-to-month,81,No,0,2
3043,Male,0,No,64,Yes,No,DSL,Month-to-month,108,No,0,2
3044,Male,0,No,20,Yes,No,DSL,Month-to-month,59,No,0,0
3045,Female,0,No,31,Yes,No,DSL,Month-to-month,80,Yes,1,0
3046,Male,1,No,3,Yes,No,DSL,One year,95,No,0,3
3047,Male,0,No,20,Yes,Yes,Fiber optic,One year,21,No,0,1
3048,Male,0,Yes,57,Yes,No,Fiber optic,Month-to-month,98,No,0,2
3049,Male,1,No,8,No,No,DSL,Month-to-month,29,Yes,1,3
3050,Male,0,Yes,33,Yes,No,DSL,Month-to-month,19,No,0,1
3051,Female,0,Yes,67,No,No,Fiber optic,Month-to-month,54,No,0,2
3052,Female,0,Yes,71,Yes,Yes,DSL,Two year,82,No,0,2
3053,Male,0,No,59,Yes,Yes,DSL,Month-to-month,65,No,0,2
3054,Male,0,No,1,Yes,Yes,Fiber optic,Two year,20,No,0,1
3055,Female,0,No,57,Yes,Yes,Fiber optic,One year,75,No,0,2
3056,Female,0,Yes,1,Yes,Yes,Fiber optic,Month-to-month,59,Yes,1,0
3057,Male,0,No,9,Yes,Yes,DSL,Two year,99,No,0,0
3058,Female,0,No,4,Yes,No,DSL,One year,20,No,0,1
3059,Male,0,No,72,Yes,Yes,DSL,One year,89,No,0,2
3060,Female,0,Yes,62,Yes,Yes,DSL,Two year,106,No,0,2
3061,Female,0,No,5,Yes,No,DSL,One year,80,No,0,0
3062,Male,0,No,22,Yes,Yes,Fiber optic,Month-to-month,95,No,0,0
3063,Male,0,Yes,35,Yes,No,DSL,Month-to-month,25,No,0,1
3064,Male,0,No,12,Yes,Yes,Fiber optic,Month-to-month,80,No,0,0
3065,Female,0,Yes,28,Yes,No,Fiber optic,Month-to-month,20,No,0,1
3066,Male,0,No,1,Yes,No,DSL,Month-to-month,20,No,0,1
3067,Male,0,No,67,Yes,Yes,Fiber optic,Month-to-month,104,Yes,1,2
3068,Male,0,Yes,72,Yes,No,Fiber optic,Month-to-month,98,No,0,2
3069,Male,0,No,38,Yes,Yes,Fiber optic,One year,111,No,0,2
3070,Male,0,No,14,Yes,No,DSL,Month-to-month,49,No,0,0
3071,Male,0,No,47,Yes,No,DSL,Month-to-month,87,No,0,2
3072,Male,0,Yes,63,Yes,Yes,DSL,Two year,25,No,0,1
3073,Female,0,No,37,No,Yes,DSL,One year,29,Yes,1,1
3074,Female,1,No,1,Yes,No,DSL,Two year,74,Yes,1,3
3075,Female,0,No,37,Yes,Yes,DSL,Month-to-month,20,No,0,1
3076,Male,0,No,9,No,Yes,Fiber optic,One year,41,Yes,1,1
3077,Male,0,No,60,Yes,No,DSL,Month-to-month,60,No,0,2
3078,Female,0,No,57,Yes,No,DSL,Two year,88,No,0,2
3079,Female,0,Yes,41,Yes,Yes,Fiber optic,Month-to-month,45,No,0,1
3080,Female,0,Yes,50,Yes,No,DSL,Month-to-month,71,No,0,2
3081,Male,0,No,4,Yes,No,DSL,Month-to-month,51,No,0,0
3082,Male,0,Yes,9,Yes,No,Fiber optic,Month-to-month,79,Yes,1,0
3083,Male,0,No,36,Yes,Yes,DSL,One year,95,No,0,2
3084,Female,1,No,2,No,Yes,DSL,One year,24,Yes,1,3
3085,Male,0,Yes,65,Yes,No,DSL,One year,95,No,0,2
3086,Female,0,No,36,Yes,Yes,Fiber optic,Month-to-month,86,No,0,2
3087,Female,0,No,5,Yes,Yes,Fiber optic,Month-to-month,20,No,0,1
3088,Male,1,No,71,Yes,Yes,Fiber optic,Month-to-month,108,No,0,3
3089,Male,0,Yes,3,Yes,No,DSL,Two year,26,No,0,1
3090,Female,0,No,55,Yes,No,DSL,Two year,20,No,0,1
3091,Male,0,No,5,Yes,No,DSL,Month-to-month,47,Yes,1,0
3092,Male,0,No,1,Yes,No,DSL,One year,54,Yes,1,0
3093,Male,0,Yes,68,Yes,No,DSL,Month-to-month,80,No,0,2
3094,Female,0,No,38,Yes,No,DSL,One year,84,Yes,1,2
3095,Female,1,No,16,Yes,No,DSL,One year,54,No,0,3
3096,Female,0,No,67,Yes,No,Fiber optic,Month-to-month,72,No,0,2
3097,Male,0,No,72,Yes,No,DSL,Two year,117,No,0,2
3098,Female,0,No,21,Yes,No,DSL,Month-to-month,69,No,0,0
3099,Male,0,No,4,Yes,No,Fiber optic,Month-to-month,19,No,0,1
3100,Female,0,No,3,No,No,DSL,One year,29,No,0,1
3101,Male,0,Yes,69,Yes,Yes,Fiber optic,Month-to-month,99,No,0,2
3102,Male,1,No,2,Yes,Yes,Fiber optic,Month-to-month,94,Yes,1,3
3103,Male,0,Yes,70,Yes,No,DSL,Month-to-month,98,Yes,1,2
3104,Female,0,Yes,1,Yes,No,DSL,Month-to-month,21,Yes,1,1
3105,Male,0,No,2,Yes,Yes,Fiber optic,Month-to-month,20,No,0,1
3106,Male,0,Yes,11,Yes,No,DSL,Month-to-month,91,No,0,0
3107,Female,0,No,13,Yes,No,DSL,Two year,97,Yes,1,0
3108,Male,0,Yes,60,Yes,Yes,Fiber optic,Two year,20,No,0,1
3109,Male,1,No,20,Yes,No,Fiber optic,One year,74,Yes,1,3
3110,Male,0,No,37,No,Yes,DSL,Two year,36,No,0,1
3111,Male,0,No,30,Yes,No,DSL,Month-to-month,21,No,0,1
3112,Male,0,Yes,60,Yes,Yes,Fiber optic,Two year,104,No,0,2
3113,Female,0,No,35,Yes,Yes,Fiber optic,Two year,70,Yes,1,0
3114,Male,1,No,50,Yes,Yes,Fiber optic,Month-to-month,96,Yes,1,3
3115,Female,0,No,71,Yes,No,DSL,Month-to-month,96,No,0,2
3116,Female,1,No,8,Yes,Yes,Fiber optic,Month-to-month,74,No,0,3
3117,Female,0,No,38,Yes,No,Fiber optic,One year,24,No,0,1
3118,Male,0,No,72,Yes,Yes,Fiber optic,One year,20,No,0,1
3119,Female,1,No,42,Yes,No,DSL,One year,96,No,0,3
3120,Female,0,Yes,57,Yes,Yes,Fiber optic,Month-to-month,95,No,0,2
3121,Female,0,No,60,Yes,Yes,DSL,Two year,111,No,0,2
3122,Male,0,Yes,71,Yes,No,DSL,Month-to-month,25,No,0,1
3123,Male,0,No,11,Yes,No,DSL,One year,23,Yes,1,1
3124,Male,0,No,40,Yes,No,Fiber optic,Month-to-month,51,No,0,1
3125,Female,0,No,42,Yes,No,DSL,Two year,84,No,0,2
3126,Female,0,No,1,Yes,No,DSL,Month-to-month,44,Yes,1,0
3127,Male,0,Yes,47,Yes,No,DSL,Month-to-month,90,No,0,2
3128,Male,0,Yes,50,Yes,No,DSL,Month-to-month,76,No,0,2
3129,Male,0,Yes,10,No,No,DSL,Month-to-month,54,No,0,1
3130,Male,0,No,72,Yes,Yes,Fiber optic,One year,85,No,0,2
3131,Male,0,No,72,Yes,No,DSL,One year,99,No,0,2
3132,Male,0,No,60,Yes,Yes,DSL,Two year,90,No,0,2
3133,Female,0,No,3,Yes,No,Fiber optic,Month-to-month,75,Yes,1,0
3134,Male,0,No,2,Yes,No,DSL,One year,80,Yes,1,0
3135,Female,0,Yes,1,Yes,No,DSL,Month-to-month,80,Yes,1,0
3136,Female,0,No,11,Yes,Yes,Fiber optic,Month-to-month,89,No,0,0
3137,Female,0,Yes,49,Yes,No,Fiber optic,Month-to-month,98,No,0,2
3138,Female,1,No,70,Yes,Yes,Fiber optic,One year,114,No,0,3
3139,Female,1,No,2,Yes,No,DSL,Month-to-month,71,Yes,1,3
3140,Male,1,No,16,Yes,No,DSL,Month-to-month,99,Yes,1,3
3141,Male,0,No,10,Yes,No,Fiber optic,Month-to-month,100,Yes,1,0
3142,Female,0,Yes,56,Yes,No,Fiber optic,Month-to-month,69,No,0,2
3143,Female,0,No,48,Yes,No,DSL,Month-to-month,104,No,0,2
3144,Male,1,No,72,Yes,Yes,DSL,Month-to-month,25,No,0,3
3145,Female,0,No,1,Yes,No,DSL,Month-to-month,21,Yes,1,1
3146,Female,0,No,29,Yes,No,Fiber optic,Month-to-month,20,No,0,1
3147,Male,0,No,25,Yes,No,Fiber optic,Month-to-month,25,Yes,1,1
3148,Female,0,No,68,Yes,No,Fiber optic,Month-to-month,54,No,0,2
3149,Male,0,No,2,Yes,No,Fiber optic,Month-to-month,70,No,0,0
3150,Female,0,Yes,42,Yes,No,DSL,Month-to-month,78,Yes,1,2
3151,Female,0,Yes,6,Yes,No,DSL,Month-to-month,20,No,0,1
3152,Male,0,No,18,Yes,No,Fiber optic,Month-to-month,101,No,0,0
3153,Male,0,No,10,Yes,No,Fiber optic,One year,70,Yes,1,0
3154,Male,0,No,72,Yes,Yes,DSL,Month-to-month,104,No,0,2
3155,Male,0,Yes,63,Yes,No,Fiber optic,Month-to-month,105,No,0,2
3156,Female,0,No,27,Yes,No,DSL,One year,78,No,0,0
3157,Female,0,Yes,35,Yes,No,DSL,Month-to-month,25,No,0,1
3158,Female,0,No,18,Yes,No,DSL,Month-to-month,90,Yes,1,0
3159,Male,0,No,11,Yes,No,DSL,Month-to-month,74,Yes,1,0
3160,Male,0,Yes,44,Yes,Yes,Fiber optic,Month-to-month,21,No,0,1
3161,Female,0,Yes,19,Yes,No,DSL,Two year,61,No,0,0
3162,Female,0,Yes,72,Yes,No,DSL,One year,93,No,0,2
3163,Female,0,No,18,Yes,Yes,DSL,Month-to-month,50,No,0,0
3164,Female,1,No,18,Yes,Yes,Fiber optic,Month-to-month,50,No,0,3
3165,Female,0,No,71,No,No,Fiber optic,Month-to-month,61,No,0,2
3166,Female,0,No,30,Yes,No,DSL,One year,55,No,0,0
3167,Male,0,Yes,28,No,No,DSL,Month-to-month,60,No,0,1
3168,Female,0,No,37,Yes,No,DSL,Two year,79,Yes,1,0
3169,Male,0,Yes,18,Yes,No,DSL,One year,20,No,0,1
3170,Female,0,Yes,31,Yes,No,DSL,One year,81,No,0,0
3171,Male,0,No,5,Yes,Yes,Fiber optic,One year,56,No,0,0
3172,Male,1,No,30,Yes,No,DSL,Two year,78,No,0,3
3173,Female,0,No,49,Yes,No,Fiber optic,Month-to-month,72,No,0,2
3174,Male,0,No,12,Yes,No,DSL,One year,45,Yes,1,0
3175,Female,0,No,1,Yes,No,DSL,One year,78,Yes,1,0
3176,Female,0,Yes,4,Yes,No,Fiber optic,Month-to-month,90,Yes,1,0
3177,Male,0,No,3,Yes,Yes,DSL,Two year,21,Yes,1,1
3178,Female,0,No,3,Yes,No,DSL,Two year,79,Yes,1,0
3179,Male,0,No,37,Yes,No,Fiber optic,Month-to-month,66,No,0,0
3180,Female,0,Yes,23,Yes,No,DSL,Two year,66,No,0,0
3181,Female,0,No,23,Yes,No,DSL,Month-to-month,79,No,0,0
3182,Female,1,No,45,Yes,Yes,DSL,Two year,100,No,0,3
3183,Male,0,Yes,22,Yes,No,Fiber optic,Two year,20,No,0,1
3184,Male,0,No,24,Yes,No,DSL,Month-to-month,100,No,0,0
3185,Male,0,No,48,Yes,Yes,DSL,Two year,20,No,0,1
3186,Male,0,Yes,3,Yes,No,DSL,Month-to-month,56,Yes,1,0
3187,Female,1,No,8,Yes,No,DSL,Two year,87,No,0,3
3188,Male,0,No,44,No,No,Fiber optic,Month-to-month,54,Yes,1,1
3189,Female,0,No,56,Yes,No,DSL,Month-to-month,91,No,0,2
3190,Male,0,No,1,Yes,No,DSL,Month-to-month,21,No,0,1
3191,Male,0,Yes,53,Yes,No,DSL,Two year,93,No,0,2
3192,Male,0,Yes,59,Yes,No,DSL,Month-to-month,19,No,0,1
3193,Female,0,No,15,Yes,No,DSL,Two year,49,No,0,0
3194,Female,1,No,49,Yes,No,DSL,Two year,90,No,0,3
3195,Female,0,No,39,No,No,DSL,Month-to-month,56,Yes,1,1
3196,Female,1,No,44,Yes,No,Fiber optic,Month-to-month,89,No,0,3
3197,Male,0,No,3,Yes,No,DSL,One year,53,Yes,1,0
3198,Male,1,No,16,Yes,No,DSL,One year,74,Yes,1,3
3199,Male,0,No,5,Yes,Yes,Fiber optic,One year,66,No,0,0
3200,Female,0,No,37,Yes,Yes,DSL,Two year,100,No,0,2
3201,Female,0,No,9,Yes,Yes,Fiber optic,Month-to-month,51,No,0,0
3202,Female,0,Yes,35,Yes,Yes,DSL,Two year,20,No,0,1
3203,Female,0,No,7,Yes,No,DSL,Month-to-month,86,Yes,1,0
3204,Female,0,No,1,Yes,Yes,DSL,Two year,20,Yes,1,1
3205,Female,0,No,29,No,No,DSL,One year,25,Yes,1,1
3206,Female,0,Yes,51,Yes,Yes,Fiber optic,Two year,95,No,0,2
3207,Male,0,No,58,Yes,No,DSL,Month-to-month,70,No,0,2
3208,Female,0,No,72,Yes,No,DSL,Month-to-month,108,No,0,2
3209,Male,0,Yes,4,No,Yes,DSL,One year,39,No,0,1
3210,Female,0,Yes,64,Yes,Yes,Fiber optic,Month-to-month,111,No,0,2
3211,Male,1,No,68,Yes,No,DSL,One year,80,No,0,3
3212,Female,1,Yes,62,Yes,No,DSL,One year,96,No,0,3
3213,Male,0,Yes,37,Yes,No,Fiber optic,Month-to-month,93,No,0,2
3214,Female,0,No,43,Yes,No,DSL,One year,20,No,0,1
3215,Female,0,Yes,65,Yes,Yes,Fiber optic,One year,92,No,0,2
3216,Male,0,No,1,Yes,Yes,Fiber optic,Month-to-month,61,No,0,0
3217,Female,0,Yes,27,Yes,No,DSL,Month-to-month,66,No,0,0
3218,Female,0,Yes,57,Yes,No,DSL,Month-to-month,20,No,0,1
3219,Female,0,Yes,1,Yes,No,Fiber optic,One year,21,Yes,1,1
3220,Male,0,Yes,43,No,Yes,DSL,Two year,40,No,0,1
3221,Male,0,Yes,48,Yes,Yes,DSL,Two year,112,No,0,2
3222,Male,0,Yes,41,Yes,No,DSL,Month-to-month,111,No,0,2
3223,Female,0,No,68,Yes,No,DSL,Month-to-month,90,No,0,2
3224,Female,0,No,15,Yes,No,DSL,Month-to-month,49,No,0,0
3225,Female,1,No,8,Yes,Yes,DSL,Month-to-month,94,Yes,1,3
3226,Female,1,No,3,No,No,DSL,Month-to-month,25,Yes,1,3
3227,Female,1,No,55,Yes,No,DSL,Month-to-month,90,No,0,3
3228,Female,0,No,1,Yes,No,DSL,Month-to-month,20,No,0,1
3229,Male,1,No,16,Yes,Yes,Fiber optic,One year,72,Yes,1,3
3230,Male,0,Yes,39,Yes,Yes,Fiber optic,Month-to-month,80,Yes,1,2
3231,Female,0,No,10,Yes,No,DSL,Two year,95,Yes,1,0
3232,Female,0,No,46,Yes,No,DSL,Month-to-month,109,No,0,2
3233,Male,0,Yes,12,Yes,No,DSL,One year,56,No,0,0
3234,Female,0,No,41,Yes,No,DSL,Month-to-month,21,No,0,1
3235,Male,0,No,65,Yes,No,DSL,Two year,109,Yes,1,2
3236,Female,0,No,21,Yes,No,DSL,One year,79,No,0,0
3237,Female,1,No,4,Yes,Yes,DSL,Month-to-month,100,Yes,1,3
3238,Female,1,No,72,Yes,No,DSL,Two year,90,No,0,3
3239,Male,0,Yes,47,Yes,No,DSL,Two year,25,No,0,1
3240,Male,0,No,43,Yes,No,DSL,Month-to-month,84,No,0,2
3241,Female,0,Yes,72,Yes,Yes,Fiber optic,One year,113,No,0,2
3242,Female,0,No,67,Yes,No,DSL,Month-to-month,111,No,0,2
3243,Female,0,No,6,Yes,No,DSL,Two year,89,Yes,1,0
3244,Female,0,No,60,Yes,No,DSL,Month-to-month,70,No,0,2
3245,Male,1,No,40,Yes,Yes,DSL,Month-to-month,98,No,0,3
3246,Female,0,Yes,66,Yes,No,Fiber optic,Month-to-month,91,No,0,2
3247,Male,1,No,52,No,No,DSL,Month-to-month,49,Yes,1,3
3248,Female,0,No,1,Yes,Yes,Fiber optic,Two year,94,Yes,1,0
3249,Female,0,Yes,58,Yes,Yes,Fiber optic,Month-to-month,93,Yes,1,2
3250,Female,0,Yes,72,No,No,DSL,Month-to-month,64,No,0,2
3251,Male,1,No,35,Yes,No,DSL,One year,95,Yes,1,3
3252,Female,0,No,72,Yes,Yes,Fiber optic,Month-to-month,20,No,0,1
3253,Female,0,No,51,Yes,Yes,DSL,One year,69,No,0,2
3254,Male,0,No,69,Yes,Yes,Fiber optic,Month-to-month,19,No,0,1
3255,Male,0,No,69,Yes,No,Fiber optic,Month-to-month,100,No,0,2
3256,Female,0,No,11,Yes,Yes,Fiber optic,One year,20,No,0,1
3257,Male,0,Yes,1,No,No,DSL,One year,24,No,0,1
3258,Male,1,No,3,Yes,No,Fiber optic,Month-to-month,105,Yes,1,3
3259,Female,0,No,37,Yes,No,DSL,Month-to-month,99,Yes,1,2
3260,Male,1,No,4,No,No,Fiber optic,Month-to-month,25,Yes,1,3
3261,Male,1,No,67,Yes,No,Fiber optic,Month-to-month,95,No,0,3
3262,Male,0,Yes,25,Yes,No,DSL,Two year,86,No,0,0
3263,Male,0,No,72,Yes,Yes,Fiber optic,Month-to-month,92,No,0,2
3264,Male,0,Yes,8,Yes,No,Fiber optic,Month-to-month,51,No,0,0
3265,Female,0,No,10,Yes,No,Fiber optic,Month-to-month,80,Yes,1,0
3266,Male,0,No,6,Yes,No,Fiber optic,Month-to-month,20,No,0,1
3267,Male,1,Yes,52,Yes,No,DSL,Two year,81,No,0,3
3268,Male,0,Yes,70,Yes,No,DSL,One year,25,No,0,1
3269,Female,1,No,70,Yes,Yes,DSL,One year,92,No,0,3
3270,Male,0,No,58,Yes,Yes,DSL,One year,25,No,0,1
3271,Male,0,No,70,Yes,Yes,Fiber optic,Month-to-month,77,No,0,2
3272,Female,0,Yes,72,Yes,Yes,Fiber optic,Month-to-month,20,No,0,1
3273,Female,0,Yes,66,Yes,Yes,Fiber optic,Month-to-month,49,No,0,2
3274,Female,0,Yes,16,No,No,Fiber optic,Month-to-month,36,No,0,1
3275,Female,0,Yes,35,Yes,No,Fiber optic,Month-to-month,59,No,0,1
3276,Female,1,No,65,Yes,No,DSL,Two year,95,No,0,3
3277,Female,1,No,2,Yes,No,Fiber optic,Month-to-month,44,No,0,3
3278,Female,0,No,30,Yes,No,DSL,One year,49,No,0,1
3279,Male,0,No,14,Yes,Yes,DSL,Two year,90,Yes,1,0
3280,Male,0,Yes,7,Yes,No,DSL,One year,20,No,0,1
3281,Male,0,No,2,Yes,No,DSL,Two year,79,Yes,1,0
3282,Male,0,No,66,Yes,No,Fiber optic,Two year,85,No,0,2
3283,Male,0,No,3,Yes,Yes,Fiber optic,One year,21,No,0,1
3284,Male,0,Yes,1,Yes,No,DSL,One year,20,Yes,1,1
3285,Female,0,No,68,Yes,Yes,Fiber optic,Month-to-month,64,No,0,2
3286,Female,0,No,10,Yes,No,DSL,Two year,86,Yes,1,0
3287,Female,0,Yes,49,Yes,Yes,Fiber optic,Month-to-month,100,Yes,1,2
3288,Female,0,No,23,Yes,Yes,Fiber optic,One year,20,No,0,1
3289,Female,1,No,13,Yes,No,DSL,Two year,97,No,0,3
3290,Male,0,Yes,65,Yes,Yes,Fiber optic,Month-to-month,20,No,0,1
3291,Female,1,Yes,28,No,No,DSL,Month-to-month,36,No,0,3
3292,Female,1,No,2,Yes,No,DSL,Month-to-month,90,Yes,1,3
3293,Male,0,No,9,Yes,No,DSL,Month-to-month,76,No,0,0
3294,Male,0,No,54,Yes,Yes,DSL,Month-to-month,110,No,0,2
3295,Male,0,Yes,25,Yes,No,Fiber optic,Month-to-month,62,No,0,0
3296,Female,0,Yes,19,Yes,Yes,DSL,Two year,20,No,0,1
3297,Male,0,Yes,71,Yes,No,DSL,Month-to-month,85,No,0,2
3298,Male,0,No,36,Yes,Yes,DSL,Two year,20,No,0,1
3299,Male,0,No,16,Yes,No,DSL,Month-to-month,20,No,0,1
3300,Female,0,No,25,Yes,Yes,Fiber optic,One year,25,Yes,1,1
3301,Female,0,No,59,Yes,No,DSL,One year,81,No,0,2
3302,Male,0,Yes,71,Yes,No,Fiber optic,Month-to-month,24,No,0,1
3303,Female,1,No,46,Yes,Yes,Fiber optic,One year,95,Yes,1,3
3304,Female,0,Yes,16,Yes,Yes,Fiber optic,Month-to-month,68,No,0,0
3305,Female,0,Yes,49,Yes,Yes,Fiber optic,Two year,96,Yes,1,2
3306,Male,0,Yes,24,Yes,Yes,Fiber optic,Month-to-month,85,No,0,0
3307,Female,0,No,2,No,No,Fiber optic,Month-to-month,43,Yes,1,1
3308,Female,0,Yes,58,Yes,Yes,DSL,Two year,67,No,0,2
3309,Male,0,No,1,Yes,Yes,DSL,Two year,89,No,0,0
3310,Female,1,No,45,Yes,No,DSL,One year,86,No,0,3
3311,Male,0,No,1,Yes,No,Fiber optic,Month-to-month,50,Yes,1,0
3312,Male,1,No,8,No,No,DSL,Month-to-month,43,No,0,3
3313,Female,0,No,22,Yes,No,DSL,Month-to-month,90,Yes,1,0
3314,Male,0,No,66,Yes,No,DSL,Month-to-month,116,No,0,2
3315,Male,0,No,8,Yes,No,Fiber optic,One year,74,Yes,1,0
3316,Male,0,Yes,72,Yes,Yes,Fiber optic,One year,106,No,0,2
3317,Female,0,Yes,47,Yes,No,DSL,One year,64,No,0,2
3318,Male,0,No,4,Yes,No,DSL,One year,72,Yes,1,0
3319,Female,0,No,29,Yes,No,DSL,Month-to-month,79,Yes,1,0
3320,Female,0,No,72,Yes,No,DSL,Month-to-month,116,No,0,2
3321,Female,0,No,16,Yes,No,DSL,Month-to-month,85,Yes,1,0
3322,Male,0,No,2,Yes,Yes,DSL,Two year,80,No,0,0
3323,Female,0,No,1,Yes,Yes,Fiber optic,Month-to-month,20,Yes,1,1
3324,Male,0,No,68,Yes,No,DSL,Month-to-month,71,No,0,2
3325,Male,1,No,33,Yes,No,Fiber optic,Month-to-month,25,No,0,3
3326,Female,0,Yes,61,Yes,Yes,Fiber optic,Month-to-month,19,Yes,1,1
3327,Female,0,No,23,Yes,No,DSL,One year,79,Yes,1,0
3328,Male,0,Yes,19,Yes,Yes,Fiber optic,One year,49,No,0,1
3329,Male,0,Yes,13,No,No,Fiber optic,Month-to-month,41,No,0,1
3330,Female,0,No,21,Yes,No,DSL,Month-to-month,86,Yes,1,0
3331,Female,1,No,62,Yes,Yes,Fiber optic,Month-to-month,105,No,0,3
3332,Female,0,No,29,Yes,No,DSL,Two year,25,No,0,1
3333,Male,1,No,70,Yes,No,DSL,Month-to-month,105,No,0,3
3334,Male,0,Yes,38,Yes,No,DSL,Two year,101,No,0,2
3335,Female,1,No,31,Yes,Yes,Fiber optic,Month-to-month,74,Yes,1,3
3336,Male,0,No,1,Yes,Yes,DSL,Month-to-month,70,Yes,1,0
3337,Female,0,No,1,Yes,No,DSL,Two year,44,Yes,1,0
3338,Male,0,Yes,71,Yes,Yes,Fiber optic,Month-to-month,66,No,0,2
3339,Male,0,Yes,4,Yes,No,Fiber optic,Month-to-month,20,No,0,1
3340,Female,0,No,2,Yes,Yes,DSL,Two year,81,Yes,1,0
3341,Female,0,No,4,Yes,Yes,Fiber optic,Month-to-month,64,No,0,0
3342,Female,0,No,69,Yes,No,DSL,Month-to-month,99,No,0,2
3343,Male,0,No,64,Yes,No,DSL,One year,81,No,0,2
3344,Male,0,No,60,Yes,No,DSL,One year,79,No,0,2
3345,Female,1,No,1,Yes,Yes,Fiber optic,Month-to-month,70,Yes,1,3
3346,Male,0,No,63,Yes,Yes,Fiber optic,One year,105,No,0,2
3347,Male,0,No,35,Yes,Yes,Fiber optic,Month-to-month,19,No,0,1
3348,Male,1,No,17,Yes,No,DSL,Two year,76,Yes,1,3
3349,Female,0,No,63,Yes,Yes,Fiber optic,One year,97,No,0,2
3350,Male,1,No,19,Yes,Yes,Fiber optic,Month-to-month,66,No,0,3
3351,Male,0,No,21,Yes,No,DSL,Month-to-month,111,Yes,1,0
3352,Female,1,Yes,57,Yes,No,DSL,Month-to-month,95,No,0,3
3353,Male,0,No,8,Yes,Yes,Fiber optic,Month-to-month,50,No,0,0
3354,Male,0,No,6,Yes,No,Fiber optic,Month-to-month,21,No,0,1
3355,Female,0,No,66,No,No,DSL,One year,61,No,0,2
3356,Female,0,Yes,63,Yes,Yes,Fiber optic,Two year,76,No,0,2
3357,Male,0,Yes,28,Yes,Yes,DSL,Month-to-month,92,No,0,0
3358,Female,0,No,23,Yes,No,DSL,Month-to-month,75,No,0,0
3359,Female,0,No,29,Yes,No,DSL,Month-to-month,20,No,0,1
3360,Male,1,No,18,Yes,No,DSL,Month-to-month,81,No,0,3
3361,Male,0,No,53,No,No,Fiber optic,Month-to-month,46,No,0,1
3362,Female,0,Yes,10,Yes,Yes,DSL,Month-to-month,70,No,0,0
3363,Male,0,No,39,Yes,No,DSL,Month-to-month,50,No,0,1
3364,Female,0,No,17,Yes,No,DSL,Two year,75,No,0,0
3365,Male,0,Yes,37,Yes,Yes,Fiber optic,Month-to-month,91,No,0,2
3366,Female,0,Yes,33,Yes,No,DSL,Two year,20,No,0,1
3367,Female,0,Yes,19,Yes,No,Fiber optic,One year,89,No,0,0
3368,Female,0,No,7,Yes,Yes,DSL,Two year,61,No,0,0
3369,Female,0,Yes,9,Yes,Yes,Fiber optic,One year,73,Yes,1,0
3370,Male,1,No,59,No,Yes,DSL,Month-to-month,64,No,0,3
3371,Female,0,Yes,55,Yes,No,DSL,Month-to-month,104,No,0,2
3372,Female,0,No,4,Yes,No,DSL,Month-to-month,94,Yes,1,0
3373,Male,0,Yes,57,Yes,Yes,Fiber optic,Month-to-month,21,No,0,1
3374,Female,0,No,68,Yes,Yes,Fiber optic,Month-to-month,115,No,0,2
3375,Female,0,No,64,Yes,No,DSL,Month-to-month,74,No,0,2
3376,Female,0,Yes,72,Yes,No,DSL,Two year,103,No,0,2
3377,Female,1,No,8,Yes,No,DSL,Month-to-month,84,Yes,1,3
3378,Male,0,No,72,Yes,Yes,DSL,Two year,116,No,0,2
3379,Male,0,No,1,Yes,No,DSL,Two year,46,No,0,0
3380,Male,0,Yes,69,Yes,No,DSL,Month-to-month,95,No,0,2
3381,Female,0,No,56,Yes,Yes,Fiber optic,Month-to-month,80,No,0,2
3382,Male,0,No,9,Yes,No,DSL,One year,65,No,0,0
3383,Male,0,No,1,Yes,Yes,DSL,Two year,70,Yes,1,0
3384,Female,0,No,59,Yes,Yes,Fiber optic,Month-to-month,80,No,0,2
3385,Female,0,No,12,Yes,No,Fiber optic,Month-to-month,80,No,0,0
3386,Male,0,Yes,4,Yes,Yes,Fiber optic,Month-to-month,85,Yes,1,0
3387,Female,1,No,3,Yes,Yes,DSL,One year,70,Yes,1,3
3388,Male,0,No,1,Yes,No,DSL,Month-to-month,51,No,0,0
3389,Male,0,No,29,Yes,No,DSL,Month-to-month,99,No,0,0
3390,Female,0,No,71,Yes,No,Fiber optic,Month-to-month,84,No,0,2
3391,Female,0,Yes,23,Yes,No,DSL,One year,58,No,0,0
3392,Male,0,Yes,6,Yes,No,DSL,Month-to-month,26,No,0,1
3393,Female,0,Yes,37,Yes,No,DSL,One year,19,No,0,1
3394,Male,0,No,24,Yes,Yes,Fiber optic,Two year,74,No,0,0
3395,Female,0,No,49,Yes,Yes,DSL,One year,101,No,0,2
3396,Female,0,No,11,Yes,Yes,Fiber optic,Month-to-month,96,Yes,1,0
3397,Male,0,No,44,Yes,No,Fiber optic,One year,100,No,0,2
3398,Female,0,No,11,Yes,Yes,DSL,Two year,25,No,0,1
3399,Male,0,Yes,43,No,Yes,Fiber optic,One year,29,No,0,1
3400,Female,0,No,1,Yes,Yes,DSL,Two year,51,Yes,1,0
3401,Female,0,Yes,23,Yes,Yes,Fiber optic,Month-to-month,24,No,0,1
3402,Female,1,No,25,Yes,No,DSL,Two year,70,No,0,3
3403,Male,1,No,14,Yes,Yes,Fiber optic,Month-to-month,75,No,0,3
3404,Female,0,No,10,Yes,No,DSL,Month-to-month,80,Yes,1,0
3405,Male,0,Yes,27,Yes,No,DSL,One year,81,No,0,0
3406,Male,0,No,3,Yes,Yes,Fiber optic,Month-to-month,105,Yes,1,0
3407,Male,0,No,10,Yes,No,DSL,One year,26,No,0,1
3408,Male,1,No,5,No,No,DSL,Two year,45,No,0,3
3409,Male,0,Yes,48,Yes,No,DSL,Month-to-month,26,No,0,1
3410,Female,1,No,7,Yes,Yes,Fiber optic,Two year,65,No,0,3
3411,Female,0,No,44,No,No,DSL,Month-to-month,49,No,0,1
3412,Female,0,No,2,Yes,Yes,Fiber optic,Month-to-month,76,Yes,1,0
3413,Female,0,No,4,Yes,No,DSL,Two year,77,Yes,1,0
3414,Male,0,No,37,Yes,No,Fiber optic,Month-to-month,99,Yes,1,2
3415,Female,0,No,13,Yes,No,DSL,Two year,19,No,0,1
3416,Female,0,No,39,Yes,Yes,Fiber optic,One year,59,No,0,0
3417,Male,0,No,42,Yes,No,DSL,Month-to-month,56,No,0,1
3418,Female,0,Yes,46,Yes,No,DSL,Month-to-month,105,Yes,1,2
3419,Male,0,Yes,16,Yes,Yes,Fiber optic,Month-to-month,56,No,0,0
3420,Male,0,Yes,54,No,No,Fiber optic,Two year,46,No,0,1
3421,Male,0,No,33,Yes,Yes,DSL,Month-to-month,66,No,0,0
3422,Female,0,No,22,No,Yes,Fiber optic,Two year,51,No,0,1
3423,Male,0,No,35,Yes,No,DSL,Two year,89,No,0,0
3424,Female,0,No,4,Yes,No,DSL,Month-to-month,21,Yes,1,1
3425,Male,0,No,1,Yes,No,Fiber optic,Month-to-month,20,No,0,1
3426,Male,0,No,36,Yes,No,Fiber optic,One year,21,No,0,1
3427,Male,0,Yes,25,Yes,No,Fiber optic,Month-to-month,54,No,0,1
3428,Female,0,No,3,Yes,Yes,Fiber optic,Month-to-month,71,No,0,0
3429,Male,0,No,22,Yes,Yes,Fiber optic,Month-to-month,101,Yes,1,0
3430,Female,0,Yes,16,Yes,No,DSL,One year,101,No,0,0
3431,Female,1,No,50,Yes,No,Fiber optic,One year,107,No,0,3
3432,Female,0,No,10,Yes,Yes,Fiber optic,Month-to-month,21,No,0,1
3433,Female,0,No,25,Yes,Yes,DSL,Two year,74,Yes,1,0
3434,Male,1,No,32,Yes,Yes,Fiber optic,One year,96,Yes,1,3
3435,Female,0,Yes,63,Yes,No,DSL,One year,19,No,0,1
3436,Male,0,Yes,5,Yes,No,Fiber optic,Month-to-month,49,No,0,0
3437,Male,1,No,44,No,No,DSL,One year,30,Yes,1,3
3438,Female,1,No,16,Yes,Yes,DSL,One year,96,Yes,1,3
3439,Male,0,No,20,Yes,Yes,Fiber optic,Month-to-month,64,No,0,0
3440,Female,0,No,30,Yes,Yes,Fiber optic,Two year,106,No,0,0
3441,Female,0,No,55,Yes,Yes,DSL,Two year,45,No,0,1
3442,Female,1,Yes,61,Yes,No,DSL,One year,65,No,0,3
3443,Male,0,Yes,1,Yes,No,Fiber optic,Month-to-month,20,Yes,1,1
3444,Female,0,No,54,Yes,No,Fiber optic,One year,94,No,0,2
3445,Male,0,No,10,Yes,No,DSL,One year,70,Yes,1,0
3446,Male,0,Yes,40,Yes,Yes,Fiber optic,One year,55,Yes,1,1
3447,Female,0,Yes,51,Yes,Yes,Fiber optic,One year,79,No,0,2
3448,Male,0,Yes,72,Yes,Yes,Fiber optic,One year,106,No,0,2
3449,Male,0,No,64,Yes,No,DSL,Month-to-month,99,No,0,2
3450,Male,0,No,72,Yes,Yes,Fiber optic,One year,26,No,0,1
3451,Female,0,Yes,53,Yes,Yes,Fiber optic,One year,20,No,0,1
3452,Male,0,No,3,No,No,Fiber optic,One year,25,Yes,1,1
3453,Male,1,No,1,Yes,No,DSL,Month-to-month,70,No,0,3
3454,Male,0,Yes,13,Yes,Yes,Fiber optic,One year,84,Yes,1,0
3455,Female,0,No,39,No,No,DSL,Month-to-month,51,Yes,1,1
3456,Female,0,No,9,Yes,No,Fiber optic,Month-to-month,78,Yes,1,0
3457,Male,0,No,22,Yes,Yes,DSL,Two year,25,No,0,1
3458,Male,1,No,54,Yes,No,DSL,Month-to-month,99,No,0,3
3459,Male,0,No,29,No,No,Fiber optic,Month-to-month,36,No,0,1
3460,Male,0,No,72,Yes,Yes,DSL,Two year,118,Yes,1,2
3461,Male,0,No,72,Yes,No,Fiber optic,Month-to-month,80,No,0,2
3462,Male,0,No,47,Yes,No,DSL,Month-to-month,110,Yes,1,2
3463,Female,0,Yes,28,Yes,Yes,Fiber optic,Month-to-month,50,No,0,1
3464,Male,0,No,3,No,Yes,Fiber optic,Month-to-month,30,No,0,1
3465,Male,1,Yes,50,Yes,No,Fiber optic,Month-to-month,75,No,0,3
3466,Male,0,No,1,Yes,No,DSL,Month-to-month,70,Yes,1,0
3467,Male,0,No,2,Yes,Yes,DSL,Two year,95,Yes,1,0
3468,Male,0,No,2,Yes,No,Fiber optic,Month-to-month,71,No,0,0
3469,Female,0,No,70,Yes,No,DSL,Month-to-month,110,Yes,1,2
3470,Male,0,No,51,Yes,No,Fiber optic,Month-to-month,87,No,0,2
3471,Male,1,No,65,Yes,No,DSL,Month-to-month,104,No,0,3
3472,Male,0,No,1,Yes,No,DSL,One year,91,Yes,1,0
3473,Female,0,Yes,13,No,Yes,Fiber optic,Month-to-month,30,No,0,1
3474,Female,0,No,10,Yes,Yes,Fiber optic,Month-to-month,98,Yes,1,0
3475,Female,0,Yes,55,Yes,Yes,Fiber optic,Month-to-month,20,No,0,1
3476,Female,0,No,7,Yes,No,DSL,One year,71,Yes,1,0
3477,Male,0,No,3,Yes,Yes,Fiber optic,One year,19,No,0,1
3478,Male,0,No,46,No,Yes,Fiber optic,Month-to-month,34,No,0,1
3479,Male,0,No,56,Yes,Yes,DSL,One year,76,No,0,2
3480,Female,0,Yes,61,Yes,No,DSL,Month-to-month,115,No,0,2
3481,Male,0,Yes,52,Yes,No,DSL,Two year,93,No,0,2
3482,Female,0,No,41,Yes,Yes,DSL,Month-to-month,70,Yes,1,2
3483,Female,0,No,68,Yes,No,DSL,Month-to-month,26,No,0,1
3484,Female,0,Yes,41,Yes,No,Fiber optic,Month-to-month,78,No,0,2
3485,Male,0,Yes,50,Yes,No,Fiber optic,Month-to-month,70,No,0,2
3486,Female,0,No,71,Yes,Yes,Fiber optic,Month-to-month,115,No,0,2
3487,Male,0,No,22,Yes,Yes,Fiber optic,One year,83,No,0,0
3488,Male,0,Yes,59,Yes,No,DSL,Two year,20,No,0,1
3489,Male,0,Yes,6,Yes,Yes,DSL,Month-to-month,70,No,0,0
3490,Female,0,Yes,33,Yes,Yes,DSL,One year,24,Yes,1,1
3491,Female,0,Yes,17,Yes,No,DSL,Month-to-month,24,Yes,1,1
3492,Male,0,Yes,49,Yes,No,DSL,One year,60,No,0,2
3493,Male,0,No,72,Yes,No,DSL,Month-to-month,82,No,0,2
3494,Male,1,No,17,Yes,No,DSL,Month-to-month,100,Yes,1,3
3495,Male,0,Yes,15,Yes,Yes,Fiber optic,Month-to-month,65,No,0,0
3496,Male,0,Yes,8,Yes,Yes,Fiber optic,Month-to-month,20,No,0,1
3497,Male,0,No,22,Yes,No,Fiber optic,Month-to-month,65,No,0,0
3498,Male,0,Yes,51,Yes,No,Fiber optic,Month-to-month,25,No,0,1
3499,Female,0,No,43,Yes,No,Fiber optic,Month-to-month,92,No,0,2
3500,Male,0,No,3,No,No,DSL,Month-to-month,25,No,0,1
3501,Female,1,Yes,48,Yes,Yes,Fiber optic,One year,104,No,0,3
3502,Female,0,Yes,34,Yes,Yes,DSL,Two year,61,No,0,0
3503,Male,1,Yes,41,Yes,No,DSL,One year,112,Yes,1,3
3504,Female,0,Yes,67,Yes,Yes,Fiber optic,One year,112,No,0,2
3505,Female,0,Yes,19,Yes,No,DSL,Two year,76,No,0,0
3506,Female,0,Yes,63,Yes,No,DSL,Month-to-month,100,No,0,2
3507,Female,0,No,18,Yes,Yes,Fiber optic,Month-to-month,85,Yes,1,0
3508,Female,0,No,1,Yes,No,DSL,Month-to-month,21,No,0,1
3509,Female,0,No,11,Yes,Yes,Fiber optic,Two year,94,Yes,1,0
3510,Male,0,No,30,Yes,No,DSL,Month-to-month,90,No,0,0
3511,Male,0,No,23,Yes,Yes,Fiber optic,Month-to-month,75,Yes,1,0
3512,Female,0,No,52,Yes,Yes,DSL,Two year,105,Yes,1,2
3513,Male,0,Yes,13,Yes,Yes,DSL,One year,20,No,0,1
3514,Male,0,Yes,54,Yes,No,DSL,Month-to-month,63,No,0,2
3515,Male,0,No,1,Yes,Yes,Fiber optic,Two year,48,No,0,0
3516,Female,0,Yes,68,Yes,No,DSL,Month-to-month,84,No,0,2
3517,Male,0,No,3,Yes,No,DSL,Month-to-month,64,No,0,0
3518,Male,0,Yes,1,Yes,No,Fiber optic,One year,68,Yes,1,0
3519,Female,0,No,34,Yes,No,DSL,Month-to-month,63,Yes,1,0
3520,Male,0,No,49,Yes,Yes,Fiber optic,Month-to-month,66,No,0,2
3521,Female,0,Yes,23,Yes,No,DSL,Month-to-month,20,No,0,1
3522,Male,0,Yes,71,Yes,No,DSL,One year,20,No,0,1
3523,Female,0,Yes,46,Yes,No,DSL,One year,85,No,0,2
3524,Male,0,Yes,50,Yes,Yes,Fiber optic,Two year,108,No,0,2
3525,Male,0,No,1,No,Yes,Fiber optic,Month-to-month,45,Yes,1,0
3526,Male,0,No,24,Yes,Yes,Fiber optic,Month-to-month,80,No,0,0
3527,Male,0,Yes,68,Yes,No,DSL,Month-to-month,115,No,0,2
3528,Female,0,No,31,Yes,Yes,Fiber optic,Month-to-month,21,No,0,1
3529,Female,0,Yes,64,No,No,DSL,Month-to-month,50,No,0,2
3530,Female,0,Yes,14,Yes,No,Fiber optic,Month-to-month,87,Yes,1,0
3531,Male,0,No,59,No,Yes,DSL,Month-to-month,52,No,0,2
3532,Male,0,Yes,72,Yes,No,DSL,One year,91,No,0,2
3533,Female,0,Yes,4,Yes,No,DSL,Month-to-month,98,Yes,1,0
3534,Female,0,No,32,Yes,No,DSL,One year,84,Yes,1,0
3535,Male,1,No,48,Yes,No,Fiber optic,One year,91,No,0,3
3536,Male,0,No,72,Yes,Yes,Fiber optic,Two year,110,No,0,2
3537,Male,0,Yes,3,Yes,Yes,Fiber optic,Month-to-month,90,No,0,0
3538,Female,0,Yes,72,Yes,No,DSL,One year,96,No,0,2
3539,Male,0,No,18,Yes,No,Fiber optic,Two year,84,No,0,0
3540,Male,1,No,72,No,No,DSL,Month-to-month,63,No,0,3
3541,Female,1,No,32,Yes,No,Fiber optic,Two year,86,Yes,1,3
3542,Female,1,No,13,Yes,No,DSL,Month-to-month,82,Yes,1,3
3543,Female,0,Yes,7,No,No,DSL,One year,30,No,0,1
3544,Female,0,Yes,6,Yes,Yes,Fiber optic,Two year,56,Yes,1,0
3545,Female,0,No,4,Yes,Yes,Fiber optic,Month-to-month,55,No,0,0
3546,Female,0,Yes,13,Yes,Yes,Fiber optic,Month-to-month,20,No,0,1
3547,Male,0,No,64,Yes,Yes,DSL,Two year,104,No,0,2
3548,Female,0,No,17,Yes,Yes,DSL,Two year,70,No,0,0
3549,Female,0,Yes,40,No,Yes,Fiber optic,One year,51,No,0,1
3550,Female,0,Yes,11,No,No,DSL,Two year,51,No,0,1
3551,Male,0,No,5,Yes,No,Fiber optic,Month-to-month,20,No,0,1
3552,Female,0,Yes,23,Yes,No,Fiber optic,Month-to-month,86,No,0,0
3553,Male,0,No,68,Yes,Yes,Fiber optic,Two year,77,No,0,2
3554,Female,0,No,1,Yes,Yes,DSL,Two year,79,No,0,0
3555,Male,0,Yes,72,Yes,No,Fiber optic,Month-to-month,88,No,0,2
3556,Female,0,No,57,No,Yes,Fiber optic,Month-to-month,41,No,0,1
3557,Female,1,No,60,Yes,No,DSL,One year,116,No,0,3
3558,Male,1,No,6,Yes,No,DSL,Month-to-month,45,No,0,3
3559,Male,0,Yes,55,Yes,Yes,Fiber optic,One year,90,No,0,2
3560,Female,1,No,72,Yes,No,DSL,Two year,110,No,0,3
3561,Male,0,No,70,Yes,No,DSL,Month-to-month,68,No,0,2
3562,Male,0,Yes,17,Yes,Yes,Fiber optic,Month-to-month,89,Yes,1,0
3563,Male,0,No,9,Yes,Yes,Fiber optic,Month-to-month,60,No,0,0
3564,Male,0,Yes,51,Yes,Yes,Fiber optic,Month-to-month,60,No,0,2
3565,Female,0,Yes,67,Yes,Yes,Fiber optic,One year,70,No,0,2
3566,Female,0,No,1,Yes,No,DSL,Month-to-month,76,Yes,1,0
3567,Female,0,No,3,No,Yes,DSL,One year,25,Yes,1,1
3568,Female,0,No,6,No,No,Fiber optic,Month-to-month,51,No,0,0
3569,Female,0,Yes,10,Yes,No,Fiber optic,Month-to-month,66,No,0,0
3570,Female,0,No,21,Yes,No,DSL,One year,86,No,0,0
3571,Female,0,No,13,Yes,No,DSL,Two year,94,Yes,1,0
3572,Male,0,No,51,Yes,No,DSL,Month-to-month,75,No,0,2
3573,Male,0,No,25,Yes,No,Fiber optic,Month-to-month,21,No,0,1
3574,Female,0,Yes,71,Yes,No,DSL,Month-to-month,20,No,0,1
3575,Female,0,No,3,Yes,No,DSL,Month-to-month,75,No,0,0
3576,Male,0,No,1,Yes,No,DSL,Month-to-month,80,Yes,1,0
3577,Male,1,No,65,Yes,Yes,DSL,One year,99,No,0,3
3578,Male,0,Yes,65,Yes,No,DSL,One year,72,Yes,1,2
3579,Female,0,No,64,Yes,No,DSL,Month-to-month,24,No,0,1
3580,Male,0,No,38,Yes,Yes,Fiber optic,Month-to-month,71,No,0,0
3581,Female,0,No,56,Yes,No,DSL,Month-to-month,110,No,0,2
3582,Female,0,Yes,72,Yes,No,DSL,Two year,20,No,0,1
3583,Female,0,Yes,9,Yes,No,Fiber optic,Month-to-month,69,No,0,0
3584,Female,0,No,38,Yes,No,DSL,One year,20,No,0,1
3585,Male,0,Yes,44,Yes,No,Fiber optic,Month-to-month,55,No,0,1
3586,Male,0,No,71,Yes,No,Fiber optic,One year,80,No,0,2
3587,Female,0,No,57,Yes,No,DSL,Month-to-month,100,No,0,2
3588,Female,0,No,43,No,Yes,Fiber optic,Month-to-month,49,Yes,1,1
3589,Female,0,No,17,Yes,Yes,DSL,Month-to-month,20,No,0,1
3590,Male,0,No,7,Yes,Yes,DSL,Month-to-month,87,Yes,1,0
3591,Female,0,No,2,Yes,No,DSL,One year,80,Yes,1,0
3592,Male,0,No,50,Yes,No,Fiber optic,Month-to-month,25,No,0,1
3593,Female,0,No,72,Yes,No,DSL,Month-to-month,83,No,0,2
3594,Female,0,Yes,13,Yes,No,Fiber optic,Month-to-month,89,No,0,0
3595,Male,0,No,19,Yes,No,DSL,Month-to-month,70,No,0,0
3596,Male,0,Yes,30,Yes,No,Fiber optic,Month-to-month,21,No,0,1
3597,Female,0,No,58,Yes,No,DSL,Month-to-month,106,Yes,1,2
3598,Male,0,Yes,7,Yes,No,Fiber optic,Month-to-month,21,No,0,1
3599,Male,0,Yes,55,Yes,No,DSL,Month-to-month,20,No,0,1
3600,Male,0,Yes,15,Yes,Yes,DSL,Month-to-month,20,No,0,1
3601,Male,0,Yes,68,Yes,Yes,Fiber optic,Month-to-month,89,No,0,2
3602,Female,0,No,54,Yes,No,DSL,Month-to-month,100,Yes,1,2
3603,Female,0,No,25,No,Yes,DSL,Month-to-month,48,No,0,1
3604,Female,0,No,1,Yes,No,DSL,Month-to-month,84,Yes,1,0
3605,Male,0,No,72,Yes,No,DSL,Month-to-month,21,No,0,1
3606,Male,0,No,63,Yes,No,DSL,Month-to-month,72,No,0,2
3607,Male,0,Yes,42,Yes,Yes,Fiber optic,One year,20,No,0,1
3608,Male,1,No,37,No,No,DSL,One year,37,No,0,3
3609,Female,0,No,4,Yes,Yes,Fiber optic,Month-to-month,20,Yes,1,1
3610,Male,0,No,13,Yes,Yes,Fiber optic,One year,19,No,0,1
3611,Female,0,No,3,Yes,Yes,Fiber optic,Month-to-month,21,No,0,1
3612,Female,0,No,1,Yes,No,Fiber optic,Two year,51,Yes,1,0
3613,Female,0,No,68,Yes,Yes,Fiber optic,Month-to-month,90,No,0,2
3614,Male,0,No,10,Yes,No,DSL,One year,60,No,0,0
3615,Male,0,Yes,62,Yes,No,DSL,Two year,81,No,0,2
3616,Male,0,No,49,Yes,Yes,Fiber optic,Month-to-month,20,No,0,1
3617,Male,0,Yes,46,Yes,No,Fiber optic,One year,20,No,0,1
3618,Male,0,No,52,No,No,DSL,Month-to-month,64,No,0,2
3619,Female,0,Yes,26,Yes,Yes,DSL,Month-to-month,82,No,0,0
3620,Female,0,Yes,8,Yes,No,DSL,Two year,20,No,0,1
3621,Female,0,No,2,Yes,No,DSL,Month-to-month,76,Yes,1,0
3622,Female,0,Yes,69,Yes,No,DSL,Month-to-month,20,No,0,1
3623,Female,0,No,4,No,Yes,DSL,Two year,29,No,0,1
3624,Male,0,No,11,Yes,No,Fiber optic,Month-to-month,76,No,0,0
3625,Male,1,No,9,Yes,Yes,Fiber optic,Month-to-month,49,No,0,3
3626,Female,0,No,29,Yes,No,DSL,Two year,69,Yes,1,0
3627,Male,1,Yes,60,Yes,No,DSL,Month-to-month,93,No,0,3
3628,Male,1,No,27,No,No,DSL,One year,31,Yes,1,3
3629,Male,0,Yes,57,Yes,No,DSL,Month-to-month,20,No,0,1
3630,Female,0,Yes,1,Yes,Yes,DSL,Two year,74,Yes,1,0
3631,Female,0,No,1,Yes,No,DSL,Month-to-month,92,Yes,1,0
3632,Female,0,No,37,Yes,No,DSL,Month-to-month,20,No,0,1
3633,Male,1,Yes,72,No,Yes,Fiber optic,Month-to-month,65,No,0,3
3634,Female,0,Yes,31,Yes,No,Fiber optic,Month-to-month,91,Yes,1,2
3635,Female,0,No,52,Yes,Yes,Fiber optic,Two year,59,No,0,2
3636,Female,1,No,48,Yes,Yes,DSL,Two year,59,No,0,3
3637,Female,0,No,22,Yes,No,DSL,Month-to-month,89,Yes,1,0
3638,Female,0,No,13,Yes,No,DSL,Month-to-month,75,Yes,1,0
3639,Male,0,No,6,Yes,No,DSL,Month-to-month,80,No,0,0
3640,Female,0,No,7,Yes,Yes,Fiber optic,One year,54,No,0,0
3641,Female,0,Yes,71,Yes,Yes,Fiber optic,Month-to-month,109,No,0,2
3642,Male,0,Yes,3,Yes,No,DSL,Two year,70,Yes,1,0
3643,Male,0,Yes,48,Yes,Yes,Fiber optic,Month-to-month,64,No,0,2
3644,Male,0,Yes,9,Yes,No,DSL,One year,55,No,0,0
3645,Male,1,No,7,Yes,Yes,DSL,Two year,74,Yes,1,3
3646,Female,0,Yes,18,No,No,DSL,Month-to-month,35,Yes,1,1
3647,Male,1,No,11,Yes,No,Fiber optic,One year,60,No,0,3
3648,Female,0,No,9,Yes,No,Fiber optic,Month-to-month,85,No,0,0
3649,Male,1,No,10,Yes,Yes,Fiber optic,One year,79,Yes,1,3
3650,Male,0,No,1,Yes,Yes,DSL,Two year,20,No,0,1
3651,Female,1,No,26,Yes,Yes,DSL,Two year,85,Yes,1,3
3652,Male,0,No,7,Yes,No,DSL,Two year,44,No,0,0
3653,Female,0,No,46,Yes,No,DSL,Month-to-month,104,No,0,2
3654,Male,0,Yes,27,Yes,No,DSL,Two year,26,No,0,1
3655,Male,0,No,1,Yes,No,Fiber optic,Month-to-month,70,Yes,1,0
3656,Female,1,No,40,No,No,DSL,Month-to-month,56,Yes,1,3
3657,Male,0,Yes,49,Yes,No,DSL,Two year,75,Yes,1,2
3658,Male,0,No,68,Yes,Yes,DSL,Two year,108,Yes,1,2
3659,Female,0,Yes,18,Yes,No,DSL,Month-to-month,58,No,0,0
3660,Female,1,No,28,Yes,Yes,Fiber optic,One year,106,Yes,1,3
3661,Female,0,No,72,Yes,No,DSL,One year,101,No,0,2
3662,Female,0,No,62,Yes,No,Fiber optic,One year,85,No,0,2
3663,Female,0,Yes,34,Yes,No,DSL,Month-to-month,25,No,0,1
3664,Female,0,No,46,Yes,No,Fiber optic,Month-to-month,56,No,0,2
3665,Male,0,No,31,Yes,No,DSL,Month-to-month,82,No,0,0
3666,Male,0,No,27,Yes,Yes,Fiber optic,Two year,100,No,0,0
3667,Male,0,Yes,30,Yes,Yes,Fiber optic,Month-to-month,54,No,0,1
3668,Male,0,Yes,11,Yes,No,Fiber optic,Two year,86,No,0,0
3669,Female,1,No,46,Yes,No,DSL,One year,110,Yes,1,3
3670,Female,0,No,44,Yes,Yes,Fiber optic,Month-to-month,50,No,0,1
3671,Female,0,No,42,Yes,Yes,DSL,Month-to-month,68,No,0,2
3672,Male,0,No,18,Yes,Yes,Fiber optic,Month-to-month,50,Yes,1,0
3673,Female,0,No,50,Yes,Yes,DSL,One year,19,No,0,1
3674,Female,0,Yes,7,Yes,Yes,Fiber optic,Month-to-month,51,No,0,0
3675,Female,0,Yes,66,Yes,No,DSL,Month-to-month,90,No,0,2
3676,Female,0,Yes,26,No,No,DSL,Month-to-month,46,No,0,1
3677,Male,0,No,1,Yes,No,DSL,One year,69,Yes,1,0
3678,Male,0,No,67,Yes,No,DSL,Month-to-month,93,No,0,2
3679,Female,0,No,26,Yes,Yes,DSL,Month-to-month,100,No,0,0
3680,Female,0,No,52,Yes,No,DSL,Month-to-month,95,No,0,2
3681,Female,0,Yes,12,Yes,No,DSL,Month-to-month,77,No,0,0
3682,Male,1,No,10,Yes,Yes,Fiber optic,Month-to-month,73,Yes,1,3
3683,Female,0,No,1,Yes,No,Fiber optic,Month-to-month,44,No,0,0
3684,Female,1,No,47,Yes,No,DSL,Two year,67,No,0,3
3685,Male,0,No,57,Yes,Yes,Fiber optic,Month-to-month,90,No,0,2
3686,Female,0,No,1,Yes,No,DSL,One year,71,Yes,1,0
3687,Male,1,No,72,Yes,Yes,Fiber optic,Month-to-month,114,No,0,3
3688,Female,1,No,45,No,No,Fiber optic,One year,34,No,0,3
3689,Female,0,No,38,Yes,Yes,Fiber optic,Month-to-month,20,No,0,1
3690,Male,0,Yes,1,Yes,No,Fiber optic,Month-to-month,90,No,0,0
3691,Male,0,Yes,17,Yes,No,DSL,Month-to-month,81,No,0,0
3692,Female,0,Yes,59,Yes,Yes,DSL,One year,76,No,0,2
3693,Male,0,No,15,Yes,Yes,DSL,Month-to-month,101,Yes,1,0
3694,Male,0,No,32,Yes,Yes,DSL,One year,73,No,0,0
3695,Male,0,No,43,Yes,Yes,Fiber optic,Two year,20,No,0,1
3696,Male,1,No,71,Yes,Yes,Fiber optic,Month-to-month,25,No,0,3
3697,Female,0,No,54,Yes,No,DSL,Month-to-month,115,No,0,2
3698,Female,0,No,5,Yes,Yes,Fiber optic,Month-to-month,81,Yes,1,0
3699,Female,0,Yes,14,Yes,Yes,Fiber optic,Month-to-month,20,No,0,1
3700,Female,0,Yes,62,Yes,No,DSL,One year,100,Yes,1,2
3701,Female,1,Yes,72,Yes,No,DSL,Month-to-month,90,No,0,3
3702,Male,0,No,42,Yes,Yes,DSL,Two year,108,No,0,2
3703,Female,0,No,2,Yes,Yes,Fiber optic,Month-to-month,70,No,0,0
3704,Female,1,No,72,Yes,No,DSL,One year,26,No,0,3
3705,Female,0,Yes,30,Yes,Yes,DSL,One year,25,No,0,1
3706,Male,0,No,40,Yes,Yes,DSL,Two year,97,Yes,1,2
3707,Female,0,Yes,25,No,Yes,Fiber optic,Month-to-month,35,No,0,1
3708,Male,0,No,65,Yes,No,DSL,Two year,67,No,0,2
3709,Female,0,No,14,Yes,No,DSL,Two year,20,No,0,1
3710,Female,0,Yes,35,Yes,Yes,DSL,Month-to-month,20,No,0,1
3711,Female,0,No,30,Yes,No,DSL,One year,70,No,0,0
3712,Female,0,Yes,30,Yes,Yes,DSL,One year,86,No,0,0
3713,Male,0,No,64,Yes,No,DSL,One year,100,No,0,2
3714,Male,0,Yes,71,Yes,No,Fiber optic,Month-to-month,90,No,0,2
3715,Male,0,No,3,No,No,DSL,Two year,37,Yes,1,1
3716,Male,0,No,8,Yes,No,Fiber optic,Month-to-month,75,No,0,0
3717,Male,0,No,13,Yes,Yes,Fiber optic,Month-to-month,99,Yes,1,0
3718,Female,0,No,48,Yes,No,DSL,Month-to-month,25,No,0,1
3719,Male,0,No,26,Yes,Yes,Fiber optic,Month-to-month,85,No,0,0
3720,Female,0,No,36,Yes,No,DSL,One year,76,No,0,0
3721,Female,0,Yes,50,Yes,No,DSL,Month-to-month,70,No,0,2
3722,Male,0,No,49,Yes,No,DSL,Month-to-month,55,No,0,2
3723,Male,1,No,43,Yes,No,DSL,One year,101,No,0,3
3724,Male,0,Yes,8,Yes,No,DSL,Month-to-month,19,No,0,1
3725,Female,0,Yes,2,Yes,Yes,DSL,One year,61,No,0,0
3726,Male,0,Yes,53,Yes,No,Fiber optic,Month-to-month,86,No,0,2
3727,Female,0,No,64,Yes,Yes,Fiber optic,Month-to-month,97,No,0,2
3728,Male,0,No,17,Yes,Yes,Fiber optic,Month-to-month,56,No,0,0
3729,Male,0,No,53,Yes,Yes,DSL,One year,20,No,0,1
3730,Male,0,No,1,Yes,No,DSL,Two year,51,No,0,0
3731,Female,0,Yes,48,Yes,Yes,Fiber optic,Month-to-month,100,No,0,2
3732,Female,0,Yes,8,No,No,Fiber optic,Month-to-month,38,No,0,1
3733,Female,0,Yes,10,Yes,Yes,DSL,Two year,91,No,0,0
3734,Male,0,No,40,Yes,No,DSL,Two year,81,No,0,2
3735,Female,0,Yes,32,Yes,Yes,Fiber optic,Two year,74,No,0,0
3736,Male,1,No,41,Yes,Yes,Fiber optic,Month-to-month,95,No,0,3
3737,Female,0,No,25,Yes,No,DSL,One year,100,Yes,1,0
3738,Male,0,Yes,22,Yes,Yes,DSL,Month-to-month,89,No,0,0
3739,Female,0,No,72,Yes,No,DSL,Month-to-month,25,No,0,1
3740,Male,0,No,24,Yes,Yes,DSL,One year,25,No,0,1
3741,Male,0,No,24,Yes,No,Fiber optic,Month-to-month,60,No,0,0
3742,Female,1,No,64,Yes,Yes,Fiber optic,Two year,75,No,0,3
3743,Male,0,No,3,Yes,Yes,Fiber optic,Month-to-month,108,No,0,0
3744,Male,0,No,1,Yes,No,DSL,Month-to-month,50,No,0,0
3745,Male,1,No,63,Yes,No,Fiber optic,One year,109,No,0,3
3746,Female,0,Yes,13,Yes,No,Fiber optic,Month-to-month,53,No,0,0
3747,Male,0,No,20,No,No,Fiber optic,Month-to-month,55,No,0,0
3748,Female,0,Yes,54,Yes,Yes,DSL,Month-to-month,86,No,0,2
3749,Female,0,Yes,38,Yes,No,DSL,Two year,20,No,0,1
3750,Male,1,No,1,Yes,Yes,Fiber optic,Month-to-month,70,Yes,1,3
3751,Male,0,No,67,No,No,DSL,One year,44,No,0,1
3752,Male,0,No,55,Yes,Yes,Fiber optic,Month-to-month,97,Yes,1,2
3753,Male,0,Yes,53,Yes,No,DSL,Two year,64,No,0,2
3754,Female,0,Yes,29,Yes,No,DSL,Month-to-month,26,No,0,1
3755,Female,0,No,14,Yes,No,DSL,Month-to-month,56,No,0,0
3756,Female,0,No,48,Yes,Yes,Fiber optic,Month-to-month,60,Yes,1,2
3757,Female,0,No,48,Yes,No,DSL,Month-to-month,70,No,0,2
3758,Male,0,Yes,1,Yes,No,DSL,Two year,60,No,0,0
3759,Male,0,Yes,44,Yes,No,DSL,Month-to-month,25,No,0,1
3760,Male,0,Yes,45,Yes,Yes,Fiber optic,Month-to-month,96,No,0,2
3761,Female,0,No,56,Yes,No,Fiber optic,Month-to-month,74,Yes,1,2
3762,Male,0,No,14,No,Yes,DSL,Two year,31,No,0,1
3763,Male,0,No,2,Yes,Yes,DSL,Month-to-month,71,No,0,0
3764,Male,1,No,36,Yes,No,Fiber optic,Month-to-month,54,No,0,3
3765,Female,0,No,5,No,Yes,DSL,One year,40,Yes,1,1
3766,Female,0,Yes,69,Yes,Yes,DSL,Month-to-month,61,No,0,2
3767,Male,0,Yes,62,Yes,No,DSL,Month-to-month,108,No,0,2
3768,Female,0,No,1,Yes,Yes,Fiber optic,Two year,20,No,0,1
3769,Female,0,No,34,Yes,Yes,Fiber optic,Month-to-month,65,No,0,0
3770,Male,0,No,16,Yes,Yes,DSL,Month-to-month,81,No,0,0
3771,Female,0,Yes,14,Yes,No,DSL,Two year,19,No,0,1
3772,Male,0,Yes,49,Yes,No,Fiber optic,Month-to-month,98,No,0,2
3773,Male,0,No,2,Yes,No,Fiber optic,Month-to-month,80,Yes,1,0
3774,Male,0,Yes,26,Yes,No,DSL,Month-to-month,19,No,0,1
3775,Male,0,No,22,Yes,Yes,DSL,One year,96,No,0,0
3776,Male,0,Yes,33,Yes,Yes,Fiber optic,Month-to-month,74,Yes,1,2
3777,Male,0,Yes,4,Yes,No,DSL,One year,20,No,0,1
3778,Male,0,No,19,Yes,No,DSL,Two year,20,No,0,1
3779,Male,0,Yes,57,Yes,Yes,DSL,Month-to-month,90,No,0,2
3780,Male,0,No,51,Yes,Yes,DSL,Two year,86,No,0,2
3781,Male,0,No,1,Yes,No,DSL,Two year,44,Yes,1,0
3782,Male,0,No,3,Yes,No,DSL,One year,90,No,0,0
3783,Male,0,Yes,1,Yes,Yes,Fiber optic,Month-to-month,20,No,0,1
3784,Female,0,No,15,No,Yes,Fiber optic,Month-to-month,46,No,0,1
3785,Male,0,No,52,Yes,Yes,Fiber optic,Month-to-month,80,No,0,2
3786,Male,0,No,56,Yes,Yes,Fiber optic,Month-to-month,100,Yes,1,2
3787,Male,0,No,3,Yes,Yes,Fiber optic,Month-to-month,77,Yes,1,0
3788,Female,0,No,26,No,No,Fiber optic,Month-to-month,35,No,0,1
3789,Female,0,No,68,Yes,No,Fiber optic,Two year,111,No,0,2
3790,Female,0,No,4,Yes,No,DSL,Month-to-month,51,No,0,0
3791,Male,0,Yes,72,Yes,No,DSL,One year,26,No,0,1
3792,Female,0,No,40,Yes,No,Fiber optic,Month-to-month,106,No,0,2
3793,Male,1,Yes,66,Yes,No,Fiber optic,Month-to-month,100,Yes,1,3
3794,Male,0,Yes,1,Yes,No,DSL,Month-to-month,20,No,0,1
3795,Female,1,No,19,Yes,No,DSL,Month-to-month,105,No,0,3
3796,Male,0,No,42,Yes,No,Fiber optic,Month-to-month,20,No,0,1
3797,Male,0,Yes,34,Yes,Yes,DSL,Month-to-month,98,No,0,2
3798,Female,0,No,1,Yes,Yes,DSL,One year,81,Yes,1,0
3799,Male,0,Yes,72,Yes,Yes,Fiber optic,Month-to-month,89,No,0,2
3800,Female,0,No,51,Yes,Yes,DSL,Month-to-month,20,No,0,1
3801,Female,1,No,55,Yes,Yes,Fiber optic,Two year,85,Yes,1,3
3802,Female,0,Yes,66,Yes,Yes,Fiber optic,Month-to-month,102,Yes,1,2
3803,Female,1,No,30,Yes,No,DSL,Month-to-month,90,No,0,3
3804,Male,1,No,34,Yes,Yes,Fiber optic,Two year,90,No,0,3
3805,Female,0,No,55,Yes,Yes,Fiber optic,Month-to-month,78,Yes,1,2
3806,Female,0,No,54,Yes,No,Fiber optic,Month-to-month,95,No,0,2
3807,Male,0,No,57,No,No,Fiber optic,Month-to-month,39,Yes,1,1
3808,Male,0,Yes,11,Yes,Yes,Fiber optic,Month-to-month,74,Yes,1,0
3809,Male,0,No,2,Yes,No,DSL,Month-to-month,20,No,0,1
3810,Male,1,No,4,Yes,No,DSL,One year,69,No,0,3
3811,Female,0,Yes,72,Yes,No,DSL,Month-to-month,91,No,0,2
3812,Male,0,No,48,Yes,No,DSL,Month-to-month,20,No,0,1
3813,Male,0,No,26,Yes,No,DSL,One year,21,No,0,1
3814,Female,0,Yes,15,Yes,Yes,Fiber optic,Two year,20,No,0,1
3815,Female,0,No,15,Yes,Yes,DSL,Two year,83,No,0,0
3816,Male,0,No,64,Yes,Yes,Fiber optic,Month-to-month,102,No,0,2
3817,Female,0,No,71,Yes,Yes,DSL,Two year,111,No,0,2
3818,Male,0,No,63,Yes,No,DSL,Two year,69,No,0,2
3819,Male,0,No,1,Yes,Yes,Fiber optic,Two year,20,No,0,1
3820,Female,0,Yes,64,Yes,No,DSL,One year,104,No,0,2
3821,Male,0,No,45,Yes,Yes,Fiber optic,Month-to-month,76,No,0,2
3822,Female,0,No,4,Yes,Yes,Fiber optic,Month-to-month,20,No,0,1
3823,Female,0,No,31,Yes,Yes,Fiber optic,Month-to-month,90,Yes,1,0
3824,Male,0,No,68,Yes,Yes,DSL,Two year,110,Yes,1,2
3825,Male,0,No,25,Yes,No,DSL,Month-to-month,82,No,0,0
3826,Male,0,Yes,72,Yes,No,DSL,Two year,25,No,0,1
3827,Female,0,No,36,Yes,Yes,DSL,Two year,56,No,0,0
3828,Male,0,No,1,Yes,No,DSL,One year,44,No,0,0
3829,Male,0,Yes,0,Yes,No,DSL,Two year,25,No,0,1
3830,Female,0,No,25,Yes,Yes,Fiber optic,Month-to-month,20,No,0,1
3831,Female,0,No,8,Yes,Yes,Fiber optic,Month-to-month,19,No,0,1
3832,Female,0,Yes,37,Yes,Yes,Fiber optic,One year,75,No,0,2
3833,Male,1,No,4,Yes,Yes,DSL,One year,95,No,0,3
3834,Female,0,Yes,28,Yes,Yes,DSL,Month-to-month,83,No,0,0
3835,Female,0,No,37,No,No,DSL,One year,45,No,0,1
3836,Male,0,No,8,Yes,No,DSL,One year,20,No,0,1
3837,Male,0,Yes,1,Yes,Yes,DSL,One year,49,No,0,0
3838,Female,0,Yes,25,Yes,No,Fiber optic,One year,20,No,0,1
3839,Male,0,No,26,Yes,Yes,Fiber optic,Month-to-month,98,Yes,1,0
3840,Female,1,No,9,Yes,No,DSL,Month-to-month,81,Yes,1,3
3841,Female,0,Yes,21,Yes,Yes,DSL,Two year,103,Yes,1,0
3842,Male,1,No,19,Yes,Yes,Fiber optic,Month-to-month,80,Yes,1,3
3843,Male,0,No,18,No,Yes,Fiber optic,Month-to-month,34,No,0,1
3844,Male,0,No,32,Yes,No,Fiber optic,Month-to-month,108,Yes,1,2
3845,Male,1,No,23,No,Yes,DSL,One year,35,No,0,3
3846,Female,0,Yes,55,Yes,No,Fiber optic,Month-to-month,75,No,0,2
3847,Male,0,No,43,Yes,No,DSL,Month-to-month,26,No,0,1
3848,Male,1,No,2,Yes,No,DSL,Month-to-month,45,Yes,1,3
3849,Female,0,No,5,Yes,No,DSL,Month-to-month,83,No,0,0
3850,Male,0,Yes,14,Yes,Yes,Fiber optic,Two year,61,No,0,0
3851,Male,0,No,4,Yes,No,DSL,Two year,61,No,0,0
3852,Male,0,No,4,Yes,No,DSL,Two year,45,No,0,0
3853,Female,0,No,12,Yes,No,DSL,Month-to-month,20,No,0,1
3854,Female,0,No,68,Yes,Yes,Fiber optic,Month-to-month,86,No,0,2
3855,Male,0,No,10,Yes,Yes,Fiber optic,Month-to-month,86,Yes,1,0
3856,Female,0,No,53,Yes,No,DSL,Month-to-month,95,Yes,1,2
3857,Female,0,No,66,Yes,Yes,Fiber optic,Month-to-month,89,No,0,2
3858,Male,0,No,27,Yes,No,DSL,Month-to-month,19,No,0,1
3859,Female,1,Yes,34,Yes,No,DSL,One year,80,Yes,1,3
3860,Female,1,No,11,Yes,Yes,Fiber optic,One year,85,Yes,1,3
3861,Female,0,No,64,Yes,No,DSL,Month-to-month,26,No,0,1
3862,Female,0,No,13,Yes,No,Fiber optic,Two year,82,No,0,0
3863,Male,0,Yes,3,Yes,Yes,DSL,Two year,20,No,0,1
3864,Male,0,No,24,Yes,Yes,Fiber optic,Month-to-month,90,No,0,0
3865,Female,0,No,69,Yes,Yes,Fiber optic,Month-to-month,61,No,0,2
3866,Female,0,Yes,20,Yes,Yes,DSL,Month-to-month,96,No,0,0
3867,Female,0,No,48,No,Yes,DSL,Two year,45,No,0,1
3868,Male,0,No,13,No,No,DSL,Two year,54,Yes,1,0
3869,Male,1,No,5,Yes,No,Fiber optic,Month-to-month,86,No,0,3
3870,Female,0,Yes,5,Yes,Yes,Fiber optic,One year,70,No,0,0
3871,Male,1,No,1,Yes,No,DSL,One year,74,No,0,3
3872,Male,0,Yes,30,Yes,Yes,Fiber optic,Month-to-month,94,Yes,1,2
3873,Male,0,No,13,Yes,No,Fiber optic,Month-to-month,101,No,0,0
3874,Female,0,No,61,Yes,No,DSL,Two year,94,No,0,2
3875,Female,0,No,4,Yes,No,DSL,Month-to-month,20,No,0,1
3876,Female,0,Yes,10,Yes,Yes,Fiber optic,One year,55,Yes,1,0
3877,Female,0,No,40,Yes,Yes,Fiber optic,Month-to-month,64,No,0,0
3878,Male,0,No,43,Yes,No,DSL,One year,66,No,0,2
3879,Female,0,No,1,No,Yes,Fiber optic,Two year,30,No,0,1
3880,Male,0,No,9,Yes,No,DSL,Month-to-month,70,No,0,0
3881,Female,1,No,1,Yes,Yes,DSL,One year,70,Yes,1,3
3882,Female,0,No,19,Yes,Yes,DSL,Two year,20,No,0,1
3883,Female,0,No,9,Yes,No,DSL,Month-to-month,75,No,0,0
3884,Male,0,No,9,Yes,Yes,Fiber optic,Month-to-month,81,No,0,0
3885,Male,0,Yes,18,Yes,Yes,Fiber optic,Month-to-month,20,No,0,1
3886,Female,0,No,67,Yes,Yes,Fiber optic,Month-to-month,106,No,0,2
3887,Female,0,No,13,Yes,Yes,Fiber optic,One year,44,No,0,0
3888,Male,0,No,5,Yes,No,Fiber optic,Month-to-month,70,Yes,1,0
3889,Male,1,No,33,Yes,No,Fiber optic,Month-to-month,110,No,0,3
3890,Female,0,No,62,Yes,No,DSL,One year,65,No,0,2
3891,Male,0,No,72,Yes,Yes,Fiber optic,One year,101,No,0,2
3892,Male,0,No,8,Yes,Yes,DSL,One year,84,Yes,1,0
3893,Female,1,No,1,Yes,No,DSL,Month-to-month,46,Yes,1,3
3894,Female,0,No,44,Yes,No,DSL,Month-to-month,95,No,0,2
3895,Male,0,No,17,Yes,Yes,Fiber optic,Two year,97,No,0,0
3896,Female,0,Yes,30,Yes,Yes,DSL,Two year,100,Yes,1,2
3897,Male,0,Yes,69,Yes,No,DSL,One year,26,No,0,1
3898,Female,0,No,23,Yes,Yes,Fiber optic,Two year,50,No,0,0
3899,Female,0,No,2,Yes,Yes,DSL,One year,86,Yes,1,0
3900,Female,1,No,3,Yes,Yes,Fiber optic,Month-to-month,45,Yes,1,3
3901,Female,0,No,30,Yes,No,DSL,One year,75,No,0,0
3902,Male,0,No,1,Yes,Yes,Fiber optic,Two year,44,No,0,0
3903,Female,1,No,8,Yes,No,DSL,Month-to-month,100,No,0,3
3904,Male,1,No,59,Yes,No,Fiber optic,Month-to-month,83,No,0,3
3905,Female,1,No,7,Yes,No,DSL,Month-to-month,51,No,0,3
3906,Female,0,Yes,37,Yes,No,DSL,Month-to-month,95,No,0,2
3907,Male,0,Yes,49,Yes,No,Fiber optic,Month-to-month,109,No,0,2
3908,Female,0,No,26,Yes,No,Fiber optic,Month-to-month,82,No,0,0
3909,Female,0,No,1,Yes,Yes,Fiber optic,Two year,80,Yes,1,0
3910,Female,0,No,62,Yes,No,DSL,Two year,114,No,0,2
3911,Female,0,No,17,Yes,Yes,Fiber optic,Month-to-month,20,No,0,1
3912,Male,0,No,36,Yes,No,DSL,Month-to-month,95,No,0,2
3913,Male,0,Yes,32,Yes,Yes,Fiber optic,Two year,20,No,0,1
3914,Male,0,No,2,Yes,Yes,DSL,Two year,20,No,0,1
3915,Female,0,Yes,30,Yes,No,DSL,One year,19,No,0,1
3916,Male,0,No,21,Yes,No,Fiber optic,One year,106,Yes,1,0
3917,Male,0,No,66,Yes,No,Fiber optic,Month-to-month,106,Yes,1,2
3918,Male,0,No,32,Yes,No,Fiber optic,Month-to-month,80,Yes,1,0
3919,Female,1,No,3,Yes,No,Fiber optic,Month-to-month,80,Yes,1,3
3920,Female,0,Yes,69,Yes,Yes,Fiber optic,Month-to-month,20,No,0,1
3921,Male,0,No,10,Yes,Yes,Fiber optic,Two year,110,Yes,1,0
3922,Female,1,No,1,Yes,Yes,DSL,Month-to-month,69,Yes,1,3
3923,Male,0,No,69,Yes,Yes,Fiber optic,Month-to-month,91,No,0,2
3924,Female,1,No,4,Yes,No,Fiber optic,Month-to-month,94,Yes,1,3
3925,Male,0,Yes,66,Yes,Yes,Fiber optic,One year,63,No,0,2
3926,Female,0,No,35,No,Yes,DSL,One year,24,No,0,1
3927,Male,0,No,22,Yes,No,DSL,Month-to-month,105,No,0,0
3928,Female,0,Yes,55,Yes,No,DSL,Month-to-month,19,No,0,1
3929,Male,0,No,9,Yes,No,Fiber optic,Month-to-month,81,Yes,1,0
3930,Female,0,No,55,Yes,No,DSL,One year,90,No,0,2
3931,Female,0,No,36,Yes,Yes,Fiber optic,One year,106,No,0,2
3932,Male,1,No,27,Yes,No,DSL,Month-to-month,81,Yes,1,3
3933,Female,0,Yes,67,Yes,Yes,Fiber optic,Month-to-month,107,No,0,2
3934,Female,1,No,54,Yes,No,DSL,Month-to-month,102,Yes,1,3
3935,Male,0,No,62,No,No,DSL,One year,39,No,0,1
3936,Male,0,Yes,56,No,No,DSL,Two year,52,No,0,1
3937,Female,0,No,34,Yes,No,DSL,Month-to-month,110,Yes,1,2
3938,Female,0,Yes,33,Yes,No,DSL,Month-to-month,86,Yes,1,2
3939,Female,0,No,5,Yes,No,DSL,Month-to-month,94,Yes,1,0
3940,Female,0,No,16,Yes,No,Fiber optic,Month-to-month,20,No,0,1
3941,Male,0,No,34,Yes,No,DSL,Month-to-month,89,No,0,0
3942,Female,1,No,58,Yes,No,DSL,Month-to-month,106,Yes,1,3
3943,Female,1,No,66,Yes,No,DSL,Month-to-month,71,No,0,3
3944,Male,0,No,37,Yes,No,DSL,Month-to-month,20,No,0,1
3945,Female,0,Yes,6,Yes,No,DSL,One year,46,No,0,1
3946,Male,0,No,65,Yes,No,DSL,Month-to-month,74,No,0,2
3947,Male,0,No,51,Yes,No,DSL,Month-to-month,20,No,0,1
3948,Male,0,No,2,Yes,No,DSL,Month-to-month,45,Yes,1,0
3949,Male,0,No,18,Yes,No,Fiber optic,One year,68,No,0,0
3950,Female,0,No,51,Yes,Yes,DSL,Month-to-month,60,No,0,2
3951,Female,0,No,9,Yes,Yes,Fiber optic,Month-to-month,20,No,0,1
3952,Male,0,No,15,Yes,Yes,DSL,Two year,100,No,0,0
3953,Male,0,Yes,72,Yes,Yes,Fiber optic,Two year,106,No,0,2
3954,Male,0,Yes,12,Yes,No,Fiber optic,Month-to-month,19,No,0,1
3955,Male,0,No,60,No,Yes,Fiber optic,Month-to-month,40,No,0,1
3956,Female,0,No,32,Yes,No,DSL,Month-to-month,19,No,0,1
3957,Male,0,No,6,Yes,Yes,Fiber optic,Month-to-month,80,Yes,1,0
3958,Male,0,Yes,39,Yes,Yes,Fiber optic,Two year,100,No,0,2
3959,Male,0,No,2,Yes,Yes,Fiber optic,Month-to-month,75,No,0,0
3960,Male,0,No,71,Yes,No,DSL,One year,79,No,0,2
3961,Female,0,No,1,Yes,No,DSL,Month-to-month,60,Yes,1,0
3962,Male,0,No,2,Yes,No,DSL,Month-to-month,80,Yes,1,0
3963,Female,0,Yes,72,Yes,Yes,Fiber optic,Month-to-month,110,No,0,2
3964,Female,0,No,41,Yes,No,DSL,Two year,69,No,0,2
3965,Male,1,No,7,Yes,Yes,Fiber optic,Two year,75,No,0,3
3966,Male,1,No,35,Yes,Yes,Fiber optic,One year,95,No,0,3
3967,Male,0,No,31,Yes,Yes,Fiber optic,Two year,80,No,0,0
3968,Male,0,Yes,45,Yes,No,DSL,One year,24,No,0,1
3969,Male,0,No,15,Yes,No,DSL,Two year,93,Yes,1,0
3970,Male,0,Yes,27,Yes,No,Fiber optic,Month-to-month,20,No,0,1
3971,Female,1,No,31,Yes,No,DSL,One year,91,No,0,3
3972,Female,0,Yes,41,Yes,Yes,DSL,Two year,66,Yes,1,2
3973,Male,0,No,19,Yes,No,DSL,Month-to-month,19,No,0,1
3974,Female,0,Yes,25,No,No,DSL,One year,59,Yes,1,1
3975,Female,0,Yes,15,Yes,Yes,DSL,One year,105,No,0,0
3976,Female,0,Yes,2,Yes,Yes,Fiber optic,Month-to-month,72,No,0,0
3977,Male,0,No,12,Yes,No,DSL,Month-to-month,50,Yes,1,0
3978,Female,1,No,23,Yes,No,Fiber optic,Two year,79,No,0,3
3979,Female,0,Yes,22,Yes,No,Fiber optic,Month-to-month,20,No,0,1
3980,Male,0,Yes,71,Yes,Yes,DSL,Two year,101,No,0,2
3981,Female,1,Yes,30,Yes,Yes,Fiber optic,Month-to-month,101,No,0,3
3982,Female,0,No,1,Yes,Yes,Fiber optic,Month-to-month,45,Yes,1,0
3983,Female,0,No,20,Yes,Yes,DSL,Two year,19,No,0,1
3984,Male,0,No,1,Yes,No,DSL,Month-to-month,56,No,0,0
3985,Female,0,Yes,68,Yes,Yes,DSL,Two year,85,No,0,2
3986,Male,0,No,14,Yes,No,DSL,Month-to-month,20,No,0,1
3987,Male,0,Yes,2,Yes,Yes,Fiber optic,Two year,20,Yes,1,1
3988,Male,0,No,38,Yes,Yes,Fiber optic,Month-to-month,70,No,0,0
3989,Male,0,No,18,Yes,Yes,DSL,One year,20,No,0,1
3990,Female,0,No,31,Yes,No,DSL,Month-to-month,104,No,0,0
3991,Female,0,Yes,71,Yes,No,Fiber optic,Month-to-month,64,No,0,2
3992,Male,0,No,67,Yes,Yes,Fiber optic,Month-to-month,110,No,0,2
3993,Male,0,No,72,Yes,Yes,DSL,Two year,92,No,0,2
3994,Male,1,No,32,Yes,Yes,DSL,Two year,106,Yes,1,3
3995,Male,0,Yes,4,Yes,Yes,Fiber optic,One year,81,Yes,1,0
3996,Female,0,No,23,Yes,No,Fiber optic,Month-to-month,60,No,0,0
3997,Female,0,Yes,66,Yes,No,DSL,Two year,67,No,0,2
3998,Male,1,No,57,Yes,No,DSL,Two year,105,No,0,3
3999,Female,0,No,36,Yes,No,DSL,Month-to-month,90,No,0,2
4000,Male,0,No,13,No,No,Fiber optic,Month-to-month,25,No,0,1
4001,Female,0,No,9,Yes,Yes,Fiber optic,Month-to-month,83,Yes,1,0
4002,Female,0,Yes,5,Yes,Yes,Fiber optic,Two year,81,No,0,0
4003,Female,0,No,67,Yes,Yes,DSL,Two year,86,No,0,2
4004,Male,0,No,1,Yes,No,DSL,Two year,70,Yes,1,0
4005,Male,0,No,4,Yes,Yes,DSL,Two year,75,Yes,1,0
4006,Female,0,No,1,Yes,Yes,DSL,Month-to-month,70,Yes,1,0
4007,Female,0,Yes,31,Yes,No,DSL,Two year,20,Yes,1,1
4008,Male,0,No,3,Yes,Yes,DSL,Two year,43,Yes,1,0
4009,Female,0,Yes,4,Yes,No,DSL,One year,79,No,0,0
4010,Female,0,No,33,Yes,No,DSL,Two year,95,No,0,0
4011,Female,0,Yes,58,Yes,No,DSL,Month-to-month,25,No,0,1
4012,Male,0,Yes,25,Yes,No,DSL,Two year,25,No,0,1
4013,Male,0,No,4,Yes,No,DSL,Month-to-month,76,Yes,1,0
4014,Male,1,No,51,Yes,Yes,DSL,Month-to-month,94,No,0,3
4015,Male,0,No,19,No,Yes,Fiber optic,Month-to-month,25,No,0,1
4016,Female,0,No,11,Yes,Yes,DSL,One year,44,Yes,1,0
4017,Female,0,No,24,Yes,No,DSL,Month-to-month,56,No,0,0
4018,Male,0,No,18,Yes,Yes,DSL,One year,74,No,0,0
4019,Female,0,No,4,No,No,DSL,One year,24,Yes,1,1
4020,Female,0,No,12,Yes,Yes,Fiber optic,Month-to-month,78,Yes,1,0
4021,Male,1,No,19,Yes,No,DSL,Two year,88,Yes,1,3
4022,Male,1,No,31,Yes,No,DSL,Month-to-month,97,No,0,3
4023,Male,1,No,61,Yes,No,DSL,Month-to-month,64,No,0,3
4024,Male,1,No,8,Yes,No,DSL,One year,70,No,0,3
4025,Female,0,Yes,49,Yes,No,DSL,Month-to-month,87,No,0,2
4026,Male,0,No,5,No,No,Fiber optic,Month-to-month,51,Yes,1,0
4027,Male,0,Yes,35,Yes,Yes,Fiber optic,Two year,73,No,0,2
4028,Male,0,No,70,Yes,No,DSL,Month-to-month,116,Yes,1,2
4029,Male,0,No,1,Yes,No,Fiber optic,Two year,101,Yes,1,0
4030,Female,0,No,31,Yes,No,DSL,Two year,88,No,0,0
4031,Female,1,No,13,Yes,No,DSL,Month-to-month,74,Yes,1,3
4032,Male,0,Yes,28,No,Yes,Fiber optic,Two year,51,No,0,1
4033,Male,1,No,50,Yes,Yes,Fiber optic,Month-to-month,70,No,0,3
4034,Female,1,No,22,Yes,No,DSL,One year,20,No,0,3
4035,Male,0,Yes,36,No,No,DSL,Month-to-month,61,No,0,1
4036,Male,0,No,40,Yes,Yes,Fiber optic,Month-to-month,106,No,0,2
4037,Male,0,Yes,19,Yes,No,DSL,Month-to-month,50,No,0,1
4038,Female,0,Yes,4,Yes,Yes,DSL,Two year,81,Yes,1,0
4039,Female,0,No,35,Yes,No,DSL,Two year,86,Yes,1,0
4040,Female,0,No,20,Yes,Yes,Fiber optic,Month-to-month,69,No,0,0
4041,Male,0,No,11,Yes,No,DSL,One year,20,No,0,1
4042,Female,0,Yes,9,Yes,No,DSL,Two year,20,No,0,1
4043,Female,0,Yes,71,Yes,No,DSL,Month-to-month,99,No,0,2
4044,Female,0,Yes,71,Yes,No,DSL,Two year,20,No,0,1
4045,Female,0,No,71,Yes,Yes,DSL,Two year,113,No,0,2
4046,Female,0,No,31,Yes,No,Fiber optic,Month-to-month,79,No,0,0
4047,Female,1,No,1,Yes,Yes,DSL,Month-to-month,70,Yes,1,3
4048,Male,0,No,31,Yes,Yes,Fiber optic,Two year,76,No,0,0
4049,Female,0,No,1,Yes,No,DSL,Two year,71,Yes,1,0
4050,Male,0,No,1,Yes,Yes,Fiber optic,One year,69,Yes,1,0
4051,Male,0,Yes,67,Yes,Yes,Fiber optic,Month-to-month,80,Yes,1,2
4052,Female,1,No,43,Yes,Yes,Fiber optic,Two year,94,No,0,3
4053,Male,1,No,21,Yes,No,DSL,Month-to-month,87,No,0,3
4054,Female,0,No,61,Yes,Yes,DSL,Month-to-month,106,No,0,2
4055,Female,0,No,72,Yes,No,DSL,Month-to-month,25,No,0,1
4056,Male,0,Yes,6,Yes,No,DSL,Two year,25,No,0,1
4057,Female,0,Yes,47,Yes,No,DSL,Month-to-month,20,No,0,1
4058,Female,0,No,24,Yes,Yes,DSL,Two year,20,No,0,1
4059,Male,0,No,39,Yes,Yes,Fiber optic,Month-to-month,81,No,0,2
4060,Female,0,Yes,65,Yes,No,DSL,Month-to-month,25,No,0,1
4061,Female,0,No,1,Yes,Yes,DSL,Two year,86,Yes,1,0
4062,Male,0,No,6,Yes,No,DSL,Month-to-month,88,No,0,0
4063,Female,1,No,56,Yes,No,Fiber optic,Month-to-month,101,Yes,1,3
4064,Female,0,No,23,Yes,Yes,Fiber optic,Month-to-month,69,No,0,0
4065,Male,0,No,34,Yes,No,DSL,Month-to-month,20,No,0,1
4066,Male,0,No,21,Yes,No,DSL,Month-to-month,20,No,0,1
4067,Male,0,No,62,Yes,Yes,DSL,One year,69,No,0,2
4068,Male,0,No,62,Yes,No,DSL,Two year,20,No,0,1
4069,Female,0,No,51,Yes,No,DSL,One year,112,No,0,2
4070,Male,0,No,18,Yes,No,Fiber optic,Two year,57,No,0,0
4071,Female,0,No,34,Yes,Yes,Fiber optic,Month-to-month,74,Yes,1,0
4072,Female,0,No,61,Yes,No,DSL,Month-to-month,94,No,0,2
4073,Male,1,No,2,Yes,No,Fiber optic,Month-to-month,50,No,0,3
4074,Male,0,Yes,72,Yes,No,DSL,Month-to-month,55,No,0,2
4075,Female,0,No,53,Yes,Yes,Fiber optic,Month-to-month,110,No,0,2
4076,Male,0,No,6,Yes,No,DSL,Month-to-month,79,No,0,0
4077,Female,0,No,24,Yes,Yes,Fiber optic,Two year,84,No,0,0
4078,Male,0,Yes,68,Yes,Yes,Fiber optic,Month-to-month,71,No,0,2
4079,Female,0,Yes,47,No,No,DSL,One year,60,No,0,2
4080,Male,1,No,47,Yes,Yes,Fiber optic,Month-to-month,86,Yes,1,3
4081,Female,0,Yes,36,Yes,Yes,DSL,Two year,19,No,0,1
4082,Male,0,No,9,Yes,No,Fiber optic,Month-to-month,20,No,0,1
4083,Female,0,Yes,61,Yes,Yes,DSL,One year,101,No,0,2
4084,Male,0,No,72,Yes,Yes,Fiber optic,Month-to-month,79,No,0,2
4085,Female,0,Yes,35,Yes,No,Fiber optic,Month-to-month,55,No,0,1
4086,Female,0,No,25,Yes,No,DSL,One year,27,No,0,1
4087,Male,1,No,35,Yes,Yes,DSL,Two year,101,Yes,1,3
4088,Female,0,Yes,24,No,No,DSL,Month-to-month,58,No,0,1
4089,Male,0,No,56,Yes,Yes,Fiber optic,Month-to-month,25,Yes,1,1
4090,Male,1,No,26,Yes,Yes,Fiber optic,Month-to-month,94,No,0,3
4091,Female,0,No,72,Yes,No,DSL,Month-to-month,80,No,0,2
4092,Female,0,No,37,Yes,Yes,DSL,Month-to-month,65,No,0,0
4093,Female,0,No,7,Yes,No,DSL,Month-to-month,75,Yes,1,0
4094,Male,0,No,7,Yes,Yes,Fiber optic,Month-to-month,74,Yes,1,0
4095,Male,0,No,69,Yes,No,Fiber optic,Month-to-month,79,Yes,1,2
4096,Male,0,Yes,8,Yes,No,Fiber optic,Month-to-month,20,No,0,1
4097,Female,0,Yes,12,No,No,Fiber optic,Month-to-month,30,No,0,1
4098,Male,0,Yes,44,Yes,No,Fiber optic,Month-to-month,26,No,0,1
4099,Male,0,Yes,72,Yes,No,DSL,Month-to-month,81,No,0,2
4100,Male,0,No,56,Yes,No,DSL,Month-to-month,94,Yes,1,2
4101,Female,0,No,10,Yes,No,DSL,Two year,20,No,0,1
4102,Male,1,No,1,Yes,No,DSL,Month-to-month,69,Yes,1,3
4103,Male,0,Yes,47,Yes,No,DSL,Month-to-month,54,No,0,1
4104,Male,0,No,44,Yes,Yes,Fiber optic,Two year,20,No,0,1
4105,Male,0,No,3,Yes,No,DSL,Month-to-month,78,Yes,1,0
4106,Female,0,No,8,Yes,Yes,Fiber optic,Two year,71,Yes,1,0
4107,Male,0,No,16,Yes,Yes,Fiber optic,Month-to-month,21,No,0,1
4108,Male,0,Yes,72,Yes,Yes,Fiber optic,Two year,82,No,0,2
4109,Female,0,No,1,Yes,No,DSL,One year,46,Yes,1,0
4110,Female,1,No,71,Yes,No,DSL,Month-to-month,89,No,0,3
4111,Female,1,No,56,Yes,No,DSL,Two year,68,No,0,3
4112,Female,0,Yes,3,Yes,No,DSL,One year,19,No,0,1
4113,Male,0,Yes,11,Yes,Yes,Fiber optic,Month-to-month,65,No,0,0
4114,Female,0,No,60,Yes,No,DSL,One year,81,No,0,2
4115,Female,1,No,42,Yes,No,DSL,Two year,105,No,0,3
4116,Female,0,No,2,Yes,Yes,DSL,One year,51,No,0,0
4117,Female,0,No,9,Yes,No,DSL,One year,20,No,0,1
4118,Male,0,No,1,Yes,No,Fiber optic,Two year,75,No,0,0
4119,Male,0,Yes,52,No,No,Fiber optic,Month-to-month,50,No,0,1
4120,Male,1,No,35,Yes,No,DSL,One year,99,Yes,1,3
4121,Male,0,Yes,20,Yes,No,Fiber optic,One year,19,Yes,1,1
4122,Female,0,No,15,Yes,Yes,Fiber optic,Month-to-month,75,No,0,0
4123,Male,0,No,17,Yes,No,DSL,One year,71,No,0,0
4124,Male,0,No,30,Yes,No,Fiber optic,Month-to-month,90,Yes,1,0
4125,Female,0,No,1,Yes,Yes,Fiber optic,Month-to-month,96,No,0,0
4126,Male,0,No,10,Yes,No,Fiber optic,Month-to-month,85,Yes,1,0
4127,Female,0,No,13,Yes,No,DSL,Month-to-month,70,No,0,0
4128,Male,0,No,4,Yes,Yes,DSL,Two year,100,Yes,1,0
4129,Female,1,No,3,Yes,No,DSL,Month-to-month,70,Yes,1,3
4130,Female,0,No,59,Yes,No,Fiber optic,Month-to-month,80,No,0,2
4131,Female,0,No,2,Yes,No,DSL,Month-to-month,70,Yes,1,0
4132,Female,0,Yes,14,Yes,No,DSL,Month-to-month,81,No,0,0
4133,Male,0,No,1,No,No,DSL,Month-to-month,25,Yes,1,1
4134,Male,1,No,43,Yes,Yes,Fiber optic,Month-to-month,103,Yes,1,3
4135,Female,0,No,16,Yes,Yes,Fiber optic,Month-to-month,75,No,0,0
4136,Male,1,No,53,No,Yes,DSL,Two year,54,Yes,1,3
4137,Female,0,Yes,4,Yes,No,DSL,One year,25,No,0,1
4138,Female,0,No,16,Yes,No,DSL,Month-to-month,75,No,0,0
4139,Female,0,No,43,Yes,No,Fiber optic,Month-to-month,55,No,0,1
4140,Male,1,No,8,Yes,Yes,Fiber optic,Month-to-month,81,Yes,1,3
4141,Male,0,Yes,6,Yes,Yes,Fiber optic,One year,49,No,0,0
4142,Female,0,No,72,Yes,No,DSL,Month-to-month,112,No,0,2
4143,Female,0,Yes,60,No,No,DSL,One year,50,No,0,1
4144,Male,0,Yes,0,Yes,Yes,Fiber optic,Month-to-month,20,No,0,1
4145,Female,0,No,2,Yes,Yes,Fiber optic,Month-to-month,20,No,0,1
4146,Female,0,No,55,Yes,No,DSL,Month-to-month,90,No,0,2
4147,Female,0,No,56,Yes,Yes,Fiber optic,Month-to-month,99,No,0,2
4148,Male,0,Yes,71,Yes,Yes,DSL,Two year,85,No,0,2
4149,Male,0,No,2,Yes,No,DSL,Month-to-month,62,Yes,1,0
4150,Female,0,No,64,Yes,No,DSL,Two year,105,No,0,2
4151,Female,0,No,42,Yes,No,Fiber optic,Month-to-month,74,Yes,1,2
4152,Male,1,No,25,Yes,No,DSL,Month-to-month,89,Yes,1,3
4153,Female,0,Yes,5,Yes,Yes,DSL,Two year,49,No,0,0
4154,Male,0,Yes,72,Yes,No,DSL,One year,117,No,0,2
4155,Female,1,No,33,Yes,Yes,Fiber optic,Month-to-month,81,Yes,1,3
4156,Male,1,No,32,Yes,Yes,Fiber optic,Two year,85,Yes,1,3
4157,Male,0,Yes,5,Yes,No,DSL,Month-to-month,20,No,0,1
4158,Female,0,No,3,Yes,No,DSL,Month-to-month,74,Yes,1,0
4159,Female,1,No,6,Yes,Yes,DSL,Two year,84,Yes,1,3
4160,Male,0,No,69,Yes,Yes,Fiber optic,Month-to-month,106,Yes,1,2
4161,Female,0,No,13,Yes,No,DSL,One year,80,No,0,0
4162,Male,0,Yes,22,Yes,No,DSL,Month-to-month,75,No,0,0
4163,Male,0,No,61,Yes,No,DSL,Two year,70,No,0,2
4164,Female,1,No,33,No,Yes,DSL,One year,59,No,0,3
4165,Male,0,No,41,Yes,Yes,Fiber optic,Two year,73,Yes,1,2
4166,Female,0,No,45,Yes,Yes,Fiber optic,Month-to-month,113,No,0,2
4167,Male,1,No,70,Yes,No,DSL,One year,90,No,0,3
4168,Male,0,Yes,55,Yes,Yes,DSL,One year,58,Yes,1,2
4169,Male,0,Yes,52,No,No,DSL,Two year,44,No,0,1
4170,Male,0,No,3,No,No,Fiber optic,Month-to-month,40,Yes,1,1
4171,Female,0,No,30,Yes,Yes,Fiber optic,Two year,100,Yes,1,0
4172,Male,1,No,70,No,No,DSL,Month-to-month,45,Yes,1,3
4173,Female,0,Yes,9,Yes,No,DSL,Month-to-month,93,No,0,0
4174,Male,0,Yes,21,Yes,Yes,Fiber optic,Month-to-month,20,No,0,1
4175,Female,0,Yes,55,Yes,No,DSL,Month-to-month,76,No,0,2
4176,Male,0,No,41,Yes,No,DSL,One year,65,No,0,2
4177,Female,0,Yes,62,Yes,No,DSL,One year,26,No,0,1
4178,Female,0,No,1,Yes,No,DSL,Month-to-month,80,Yes,1,0
4179,Female,1,No,67,Yes,No,DSL,Two year,55,No,0,3
4180,Female,0,No,63,Yes,Yes,Fiber optic,Month-to-month,80,No,0,2
4181,Male,0,No,38,Yes,No,DSL,Month-to-month,69,No,0,0
4182,Female,0,No,70,No,Yes,Fiber optic,Month-to-month,58,No,0,2
4183,Male,0,Yes,38,Yes,Yes,Fiber optic,Month-to-month,20,No,0,1
4184,Female,0,Yes,5,No,No,DSL,Month-to-month,30,No,0,1
4185,Male,0,No,24,Yes,Yes,Fiber optic,Month-to-month,50,No,0,0
4186,Male,0,No,16,Yes,No,DSL,Month-to-month,74,Yes,1,0
4187,Female,0,No,68,No,Yes,Fiber optic,Two year,39,No,0,1
4188,Female,0,Yes,57,Yes,No,DSL,Two year,101,No,0,2
4189,Male,1,No,60,Yes,Yes,Fiber optic,Month-to-month,104,No,0,3
4190,Female,0,No,29,Yes,Yes,DSL,One year,71,No,0,0
4191,Female,0,Yes,9,Yes,Yes,Fiber optic,Month-to-month,66,No,0,0
4192,Female,0,No,71,Yes,Yes,Fiber optic,Month-to-month,26,No,0,1
4193,Female,0,No,24,No,No,DSL,One year,54,Yes,1,1
4194,Male,1,No,2,Yes,No,DSL,Month-to-month,49,Yes,1,3
4195,Male,0,Yes,66,Yes,Yes,DSL,Two year,21,No,0,1
4196,Male,0,No,54,Yes,Yes,DSL,Month-to-month,104,Yes,1,2
4197,Female,0,No,72,Yes,Yes,DSL,Two year,114,No,0,2
4198,Male,0,No,52,Yes,Yes,Fiber optic,Month-to-month,20,No,0,1
4199,Male,0,Yes,71,Yes,Yes,DSL,Two year,77,No,0,2
4200,Female,1,No,5,Yes,Yes,Fiber optic,One year,79,Yes,1,3
4201,Male,0,No,42,Yes,No,DSL,Two year,20,No,0,1
4202,Female,0,No,2,Yes,No,DSL,Two year,45,Yes,1,0
4203,Male,0,No,11,Yes,No,DSL,One year,75,Yes,1,0
4204,Female,0,Yes,41,Yes,No,DSL,One year,80,Yes,1,2
4205,Female,0,Yes,68,Yes,No,Fiber optic,Month-to-month,88,No,0,2
4206,Female,1,No,50,Yes,Yes,DSL,Two year,95,Yes,1,3
4207,Male,0,No,53,Yes,Yes,Fiber optic,Two year,94,Yes,1,2
4208,Female,0,Yes,8,Yes,No,DSL,Month-to-month,84,Yes,1,0
4209,Female,0,No,50,Yes,No,DSL,One year,104,No,0,2
4210,Female,0,No,50,Yes,No,DSL,Month-to-month,100,No,0,2
4211,Female,0,No,8,Yes,Yes,DSL,One year,60,No,0,0
4212,Female,0,No,10,No,Yes,Fiber optic,Month-to-month,30,No,0,1
4213,Female,0,Yes,37,Yes,No,Fiber optic,Month-to-month,24,No,0,1
4214,Female,0,Yes,49,Yes,No,DSL,Month-to-month,62,No,0,2
4215,Female,0,No,17,No,Yes,Fiber optic,Month-to-month,36,No,0,1
4216,Male,0,Yes,12,Yes,Yes,Fiber optic,Two year,20,No,0,1
4217,Male,0,Yes,23,Yes,Yes,DSL,Two year,100,Yes,1,0
4218,Female,0,Yes,71,No,Yes,Fiber optic,Month-to-month,59,No,0,2
4219,Female,0,Yes,71,Yes,Yes,DSL,Month-to-month,78,No,0,2
4220,Male,0,No,24,Yes,No,Fiber optic,One year,89,No,0,0
4221,Male,0,Yes,45,Yes,No,DSL,One year,79,No,0,2
4222,Male,0,Yes,42,Yes,No,DSL,Month-to-month,64,No,0,2
4223,Female,0,No,18,Yes,No,Fiber optic,One year,96,Yes,1,0
4224,Female,0,No,26,Yes,No,Fiber optic,Month-to-month,74,No,0,0
4225,Male,0,Yes,9,Yes,No,DSL,Two year,55,Yes,1,0
4226,Female,0,No,2,Yes,No,DSL,Month-to-month,44,No,0,0
4227,Female,0,Yes,5,Yes,Yes,Fiber optic,Month-to-month,45,No,0,1
4228,Male,1,No,6,Yes,No,DSL,Two year,84,Yes,1,3
4229,Male,1,No,52,Yes,No,Fiber optic,Month-to-month,111,No,0,3
4230,Male,0,No,57,Yes,Yes,Fiber optic,Two year,74,No,0,2
4231,Male,0,No,29,Yes,No,Fiber optic,Month-to-month,75,No,0,0
4232,Female,0,Yes,67,Yes,Yes,DSL,Two year,25,No,0,1
4233,Female,0,No,42,Yes,No,Fiber optic,Month-to-month,105,Yes,1,2
4234,Female,0,No,12,Yes,No,DSL,Two year,19,No,0,1
4235,Male,0,Yes,7,No,No,DSL,One year,34,Yes,1,1
4236,Female,0,No,12,Yes,Yes,Fiber optic,One year,20,No,0,1
4237,Female,0,No,13,No,No,DSL,Month-to-month,49,Yes,1,1
4238,Male,0,No,31,Yes,No,DSL,Month-to-month,71,No,0,0
4239,Male,0,Yes,9,No,No,DSL,One year,30,Yes,1,1
4240,Male,0,No,63,Yes,No,DSL,One year,20,No,0,1
4241,Male,1,No,45,Yes,Yes,Fiber optic,Month-to-month,99,No,0,3
4242,Female,1,No,12,Yes,No,DSL,Month-to-month,79,No,0,3
4243,Male,0,No,41,Yes,No,DSL,Month-to-month,80,No,0,2
4244,Male,0,No,5,Yes,No,DSL,Month-to-month,21,Yes,1,1
4245,Male,1,No,71,No,No,DSL,Two year,46,No,0,3
4246,Female,0,Yes,72,Yes,No,DSL,Two year,79,No,0,2
4247,Male,0,No,9,Yes,Yes,Fiber optic,Two year,69,No,0,0
4248,Female,0,Yes,51,Yes,No,Fiber optic,Two year,90,No,0,2
4249,Female,0,Yes,35,No,Yes,Fiber optic,Month-to-month,41,No,0,1
4250,Male,0,No,56,Yes,No,DSL,One year,101,No,0,2
4251,Female,1,No,18,Yes,Yes,Fiber optic,One year,75,No,0,3
4252,Male,0,No,44,Yes,No,DSL,Two year,112,No,0,2
4253,Female,0,Yes,48,No,Yes,DSL,Month-to-month,30,No,0,1
4254,Female,0,No,11,Yes,Yes,Fiber optic,Month-to-month,65,No,0,0
4255,Male,0,Yes,71,Yes,Yes,Fiber optic,Month-to-month,106,Yes,1,2
4256,Male,1,No,35,Yes,Yes,DSL,One year,82,No,0,3
4257,Male,1,No,24,No,Yes,DSL,Two year,34,No,0,3
4258,Female,0,No,60,Yes,No,Fiber optic,Month-to-month,105,No,0,2
4259,Male,0,No,6,No,Yes,Fiber optic,One year,30,Yes,1,1
4260,Male,0,Yes,15,Yes,No,DSL,Month-to-month,20,Yes,1,1
4261,Male,1,No,21,Yes,No,DSL,One year,104,No,0,3
4262,Male,0,Yes,33,Yes,No,DSL,One year,21,No,0,1
4263,Female,0,No,1,Yes,No,DSL,Month-to-month,21,No,0,1
4264,Female,0,Yes,58,Yes,Yes,Fiber optic,Two year,20,No,0,1
4265,Female,0,No,10,Yes,Yes,Fiber optic,Month-to-month,65,No,0,0
4266,Female,0,Yes,33,Yes,Yes,Fiber optic,Month-to-month,24,No,0,1
4267,Female,1,No,1,No,Yes,Fiber optic,One year,25,Yes,1,3
4268,Female,0,Yes,1,Yes,Yes,DSL,Two year,46,Yes,1,0
4269,Male,0,Yes,42,Yes,No,Fiber optic,One year,73,No,0,2
4270,Male,0,Yes,1,Yes,Yes,Fiber optic,Month-to-month,20,No,0,1
4271,Male,0,No,38,Yes,Yes,DSL,Two year,20,No,0,1
4272,Female,0,No,5,Yes,No,DSL,One year,51,Yes,1,0
4273,Male,0,No,65,Yes,Yes,DSL,Two year,110,No,0,2
4274,Female,1,No,43,No,Yes,Fiber optic,Month-to-month,33,No,0,3
4275,Female,0,No,72,Yes,No,DSL,One year,85,No,0,2
4276,Male,0,No,60,Yes,Yes,DSL,Month-to-month,94,Yes,1,2
4277,Male,0,No,55,Yes,No,DSL,Month-to-month,101,No,0,2
4278,Female,0,Yes,70,Yes,No,DSL,Month-to-month,113,No,0,2
4279,Female,0,No,6,Yes,No,Fiber optic,One year,74,No,0,0
4280,Female,0,Yes,13,Yes,Yes,DSL,Month-to-month,104,No,0,0
4281,Male,0,Yes,8,Yes,No,DSL,Two year,20,No,0,1
4282,Male,0,Yes,45,Yes,No,DSL,Month-to-month,100,No,0,2
4283,Female,0,No,54,Yes,Yes,Fiber optic,One year,110,Yes,1,2
4284,Female,0,No,33,Yes,No,Fiber optic,Month-to-month,83,Yes,1,0
4285,Male,0,Yes,21,Yes,No,Fiber optic,Month-to-month,76,No,0,0
4286,Female,1,No,55,Yes,Yes,DSL,Two year,100,Yes,1,3
4287,Female,0,No,1,Yes,Yes,Fiber optic,Month-to-month,75,Yes,1,0
4288,Male,0,No,44,Yes,Yes,Fiber optic,One year,69,No,0,2
4289,Male,0,No,72,Yes,Yes,Fiber optic,Month-to-month,87,No,0,2
4290,Male,0,Yes,13,Yes,No,DSL,Two year,62,No,0,0
4291,Female,0,Yes,36,Yes,No,DSL,Month-to-month,104,No,0,2
4292,Male,0,No,71,Yes,Yes,Fiber optic,Two year,26,No,0,1
4293,Male,1,No,9,Yes,Yes,Fiber optic,Month-to-month,100,Yes,1,3
4294,Female,0,No,46,Yes,No,Fiber optic,Month-to-month,55,No,0,2
4295,Female,1,No,61,Yes,No,Fiber optic,One year,104,Yes,1,3
4296,Male,1,No,72,Yes,No,DSL,One year,77,No,0,3
4297,Male,0,No,11,Yes,Yes,DSL,Month-to-month,75,Yes,1,0
4298,Female,0,No,2,Yes,Yes,DSL,Two year,70,No,0,0
4299,Male,0,No,2,Yes,No,DSL,Month-to-month,19,No,0,1
4300,Female,0,No,4,Yes,Yes,DSL,Month-to-month,79,Yes,1,0
4301,Male,0,No,3,Yes,Yes,DSL,One year,49,Yes,1,0
4302,Female,0,No,3,No,No,DSL,Two year,35,No,0,1
4303,Female,0,No,43,Yes,No,Fiber optic,One year,65,No,0,2
4304,Female,0,Yes,61,Yes,Yes,DSL,Two year,20,No,0,1
4305,Female,1,No,49,Yes,No,DSL,One year,91,Yes,1,3
4306,Female,0,No,34,Yes,No,DSL,Two year,64,No,0,0
4307,Male,0,No,1,Yes,Yes,Fiber optic,Month-to-month,50,No,0,0
4308,Female,0,No,1,Yes,Yes,Fiber optic,Month-to-month,46,Yes,1,0
4309,Female,0,No,61,Yes,No,Fiber optic,Month-to-month,86,No,0,2
4310,Female,0,Yes,4,Yes,No,DSL,Month-to-month,74,Yes,1,0
4311,Male,0,No,59,Yes,No,DSL,Two year,69,No,0,2
4312,Male,0,Yes,4,Yes,No,DSL,Month-to-month,45,No,0,1
4313,Male,0,Yes,0,Yes,No,DSL,Two year,20,No,0,1
4314,Male,0,No,22,Yes,No,Fiber optic,Month-to-month,20,No,0,1
4315,Female,0,No,72,Yes,Yes,Fiber optic,Month-to-month,85,No,0,2
4316,Male,0,Yes,15,No,No,Fiber optic,Month-to-month,30,No,0,1
4317,Female,0,No,1,Yes,Yes,DSL,Two year,19,Yes,1,1
4318,Female,0,No,57,Yes,No,DSL,One year,95,Yes,1,2
4319,Male,0,Yes,39,Yes,No,DSL,One year,86,Yes,1,2
4320,Female,1,No,6,Yes,Yes,Fiber optic,One year,20,No,0,3
4321,Female,0,No,16,Yes,No,DSL,One year,63,No,0,0
4322,Female,0,Yes,39,No,Yes,Fiber optic,Month-to-month,30,Yes,1,1
4323,Male,0,Yes,4,Yes,No,Fiber optic,Month-to-month,20,No,0,1
4324,Male,0,No,59,Yes,Yes,Fiber optic,One year,107,Yes,1,2
4325,Female,0,Yes,69,Yes,No,DSL,Month-to-month,84,No,0,2
4326,Male,0,Yes,24,Yes,No,DSL,Month-to-month,70,No,0,0
4327,Male,0,Yes,6,Yes,No,Fiber optic,Month-to-month,20,No,0,1
4328,Male,0,No,9,Yes,No,Fiber optic,Month-to-month,94,No,0,0
4329,Female,0,Yes,8,Yes,Yes,DSL,Month-to-month,20,No,0,1
4330,Female,0,No,30,Yes,Yes,Fiber optic,Month-to-month,20,Yes,1,1
4331,Male,0,Yes,62,Yes,No,Fiber optic,Month-to-month,71,No,0,2
4332,Female,0,No,35,Yes,Yes,DSL,Two year,21,No,0,1
4333,Female,0,Yes,55,Yes,Yes,DSL,Two year,19,No,0,1
4334,Female,0,No,2,Yes,Yes,Fiber optic,Month-to-month,61,No,0,0
4335,Male,1,No,29,Yes,No,Fiber optic,Month-to-month,94,Yes,1,3
4336,Male,0,No,2,Yes,No,Fiber optic,Month-to-month,75,No,0,0
4337,Male,1,No,33,No,Yes,Fiber optic,Two year,55,No,0,3
4338,Male,0,No,5,Yes,Yes,Fiber optic,Month-to-month,76,Yes,1,0
4339,Female,0,No,1,Yes,No,DSL,Month-to-month,69,Yes,1,0
4340,Female,0,No,72,Yes,Yes,DSL,One year,106,No,0,2
4341,Male,1,No,43,Yes,No,DSL,Month-to-month,90,Yes,1,3
4342,Female,0,No,10,Yes,No,DSL,Month-to-month,75,Yes,1,0
4343,Female,0,No,70,Yes,Yes,DSL,Two year,26,No,0,1
4344,Male,0,No,24,Yes,Yes,Fiber optic,Month-to-month,96,Yes,1,0
4345,Female,0,No,23,Yes,Yes,DSL,Two year,20,No,0,1
4346,Female,0,Yes,43,No,No,DSL,One year,51,No,0,1
4347,Female,0,No,1,Yes,Yes,DSL,Month-to-month,19,Yes,1,1
4348,Male,0,No,24,Yes,No,Fiber optic,Two year,80,Yes,1,0
4349,Female,1,Yes,65,Yes,No,DSL,Month-to-month,104,No,0,3
4350,Female,0,Yes,56,Yes,Yes,Fiber optic,Month-to-month,110,No,0,2
4351,Male,1,No,1,Yes,No,DSL,Month-to-month,79,Yes,1,3
4352,Male,1,No,28,Yes,No,DSL,Month-to-month,106,No,0,3
4353,Female,0,No,13,No,Yes,Fiber optic,Month-to-month,29,No,0,1
4354,Female,0,No,8,Yes,No,Fiber optic,Month-to-month,80,Yes,1,0
4355,Female,0,No,3,Yes,No,DSL,Two year,70,No,0,0
4356,Male,0,No,1,Yes,Yes,DSL,Month-to-month,20,Yes,1,1
4357,Female,1,No,26,Yes,No,DSL,Month-to-month,89,Yes,1,3
4358,Male,1,No,1,Yes,No,DSL,Month-to-month,76,Yes,1,3
4359,Female,0,No,5,Yes,No,DSL,One year,20,No,0,1
4360,Male,0,No,28,Yes,Yes,Fiber optic,Month-to-month,94,Yes,1,0
4361,Female,0,No,11,Yes,Yes,Fiber optic,Month-to-month,59,No,0,0
4362,Female,1,No,11,Yes,No,DSL,One year,104,Yes,1,3
4363,Female,1,No,66,Yes,No,DSL,One year,80,Yes,1,3
4364,Male,0,No,56,Yes,Yes,Fiber optic,Month-to-month,20,No,0,1
4365,Female,1,No,53,Yes,Yes,DSL,Two year,25,No,0,3
4366,Female,0,Yes,3,No,Yes,DSL,Two year,31,Yes,1,1
4367,Female,1,No,72,Yes,Yes,Fiber optic,Month-to-month,117,No,0,3
4368,Female,0,No,6,Yes,No,DSL,One year,71,No,0,0
4369,Female,0,Yes,71,Yes,No,Fiber optic,Month-to-month,115,No,0,2
4370,Male,0,No,15,Yes,No,DSL,Month-to-month,20,No,0,1
4371,Female,1,No,57,Yes,No,DSL,One year,70,No,0,3
4372,Male,0,No,68,Yes,Yes,DSL,One year,25,No,0,1
4373,Female,0,No,13,No,No,DSL,Month-to-month,31,Yes,1,1
4374,Female,0,Yes,71,Yes,No,DSL,One year,25,No,0,1
4375,Male,0,No,5,No,No,DSL,Two year,40,Yes,1,1
4376,Male,0,No,18,Yes,Yes,Fiber optic,One year,90,No,0,0
4377,Male,0,Yes,36,Yes,No,Fiber optic,One year,95,No,0,2
4378,Male,0,No,63,Yes,No,Fiber optic,Month-to-month,85,No,0,2
4379,Male,0,Yes,39,No,No,DSL,One year,55,No,0,1
4380,Female,0,No,3,Yes,Yes,Fiber optic,Two year,20,No,0,1
4381,Male,0,No,32,Yes,No,DSL,Two year,20,No,0,1
4382,Male,1,No,4,Yes,Yes,Fiber optic,Month-to-month,70,No,0,3
4383,Female,1,No,32,Yes,Yes,DSL,Month-to-month,93,Yes,1,3
4384,Male,1,No,15,Yes,Yes,DSL,One year,74,Yes,1,3
4385,Female,1,No,5,Yes,No,Fiber optic,Month-to-month,81,Yes,1,3
4386,Female,0,Yes,9,Yes,No,DSL,One year,20,No,0,1
4387,Female,0,Yes,31,Yes,No,DSL,Two year,81,No,0,0
4388,Female,0,No,1,Yes,No,DSL,Month-to-month,50,No,0,0
4389,Male,0,Yes,1,Yes,No,DSL,Two year,81,No,0,0
4390,Male,0,No,2,Yes,Yes,Fiber optic,Month-to-month,100,No,0,0
4391,Female,0,No,35,Yes,No,DSL,Month-to-month,23,No,0,1
4392,Female,0,No,5,Yes,No,DSL,Month-to-month,20,No,0,1
4393,Male,0,Yes,3,Yes,No,DSL,Month-to-month,50,Yes,1,0
4394,Male,0,No,12,Yes,Yes,Fiber optic,Month-to-month,49,No,0,0
4395,Male,0,Yes,56,Yes,Yes,DSL,Month-to-month,24,No,0,1
4396,Male,0,Yes,72,Yes,Yes,Fiber optic,Month-to-month,25,No,0,1
4397,Female,0,No,1,Yes,No,DSL,Month-to-month,69,Yes,1,0
4398,Male,0,No,1,Yes,Yes,Fiber optic,Two year,85,Yes,1,0
4399,Female,0,No,26,Yes,Yes,DSL,Two year,90,No,0,0
4400,Female,0,No,13,No,Yes,Fiber optic,Month-to-month,49,No,0,1
4401,Female,0,Yes,15,Yes,No,DSL,Month-to-month,66,No,0,0
4402,Male,1,No,68,Yes,Yes,Fiber optic,Month-to-month,96,No,0,3
4403,Female,1,No,27,Yes,No,DSL,Month-to-month,101,Yes,1,3
4404,Female,1,No,5,Yes,Yes,DSL,Month-to-month,69,No,0,3
4405,Female,0,No,64,Yes,No,Fiber optic,Month-to-month,25,No,0,1
4406,Female,0,No,16,Yes,No,Fiber optic,Month-to-month,65,Yes,1,0
4407,Female,0,No,2,Yes,Yes,DSL,Month-to-month,80,Yes,1,0
4408,Female,0,No,52,No,No,DSL,Month-to-month,39,No,0,1
4409,Female,0,No,15,Yes,Yes,DSL,Two year,25,No,0,1
4410,Female,0,Yes,41,Yes,No,DSL,Two year,109,No,0,2
4411,Male,1,No,20,Yes,No,Fiber optic,Month-to-month,71,Yes,1,3
4412,Female,0,No,32,Yes,No,DSL,Month-to-month,19,No,0,1
4413,Male,0,No,1,Yes,Yes,DSL,One year,50,Yes,1,0
4414,Female,0,Yes,72,Yes,No,Fiber optic,Month-to-month,83,No,0,2
4415,Female,0,Yes,34,Yes,No,DSL,Month-to-month,85,No,0,2
4416,Male,0,Yes,44,Yes,Yes,DSL,Two year,20,No,0,1
4417,Male,0,No,72,Yes,Yes,DSL,Month-to-month,75,No,0,2
4418,Male,0,Yes,8,Yes,No,Fiber optic,Month-to-month,95,No,0,0
4419,Male,0,No,7,No,No,DSL,One year,34,No,0,1
4420,Male,0,Yes,59,Yes,No,DSL,Month-to-month,20,No,0,1
4421,Female,0,No,3,Yes,No,DSL,One year,97,Yes,1,0
4422,Female,0,No,41,Yes,Yes,Fiber optic,Month-to-month,99,No,0,2
4423,Female,0,No,61,Yes,No,Fiber optic,One year,25,No,0,1
4424,Male,0,No,29,Yes,No,DSL,Month-to-month,80,Yes,1,0
4425,Female,0,Yes,48,Yes,No,DSL,Month-to-month,20,No,0,1
4426,Male,0,No,1,Yes,Yes,DSL,Month-to-month,20,Yes,1,1
4427,Male,0,Yes,64,Yes,Yes,Fiber optic,One year,25,No,0,1
4428,Male,0,No,58,Yes,No,Fiber optic,Two year,21,No,0,1
4429,Male,0,No,29,Yes,Yes,Fiber optic,Month-to-month,85,No,0,0
4430,Male,1,No,7,Yes,Yes,DSL,Two year,95,Yes,1,3
4431,Male,0,No,67,Yes,No,DSL,Month-to-month,111,No,0,2
4432,Male,0,No,5,Yes,No,Fiber optic,Month-to-month,70,Yes,1,0
4433,Female,0,No,27,Yes,No,DSL,Two year,53,No,0,0
4434,Male,0,No,4,No,Yes,Fiber optic,Month-to-month,49,Yes,1,0
4435,Male,0,No,1,Yes,Yes,Fiber optic,Month-to-month,20,No,0,1
4436,Female,0,Yes,4,Yes,Yes,Fiber optic,Month-to-month,20,No,0,1
4437,Male,0,Yes,6,Yes,No,DSL,Month-to-month,20,No,0,1
4438,Male,0,Yes,1,No,Yes,Fiber optic,Two year,34,No,0,1
4439,Male,0,No,49,Yes,Yes,DSL,Two year,84,Yes,1,2
4440,Female,0,No,2,Yes,No,DSL,Two year,55,Yes,1,0
4441,Male,0,Yes,16,Yes,No,DSL,Two year,85,No,0,0
4442,Female,0,Yes,1,Yes,No,DSL,Two year,25,No,0,1
4443,Male,0,No,25,Yes,No,Fiber optic,Month-to-month,70,No,0,0
4444,Male,0,Yes,25,Yes,No,DSL,Month-to-month,54,No,0,1
4445,Female,0,No,72,Yes,No,DSL,Month-to-month,111,No,0,2
4446,Male,0,No,10,Yes,Yes,Fiber optic,Two year,20,No,0,1
4447,Male,0,No,54,Yes,No,Fiber optic,Month-to-month,84,No,0,2
4448,Male,1,Yes,1,Yes,Yes,Fiber optic,Month-to-month,49,Yes,1,3
4449,Female,0,No,66,Yes,Yes,Fiber optic,Month-to-month,67,No,0,2
4450,Male,0,No,4,Yes,Yes,Fiber optic,Two year,66,No,0,0
4451,Female,0,No,7,Yes,Yes,DSL,Month-to-month,20,No,0,1
4452,Male,1,No,69,No,Yes,Fiber optic,Month-to-month,57,No,0,3
4453,Female,0,No,8,Yes,No,DSL,Two year,96,Yes,1,0
4454,Male,0,No,25,Yes,Yes,Fiber optic,Month-to-month,56,No,0,0
4455,Male,1,No,37,Yes,No,DSL,Month-to-month,101,Yes,1,3
4456,Male,0,Yes,1,Yes,No,DSL,Month-to-month,20,No,0,1
4457,Male,0,Yes,4,Yes,Yes,DSL,Two year,24,No,0,1
4458,Male,0,No,10,No,No,Fiber optic,Month-to-month,34,Yes,1,1
4459,Female,0,No,13,No,Yes,Fiber optic,Month-to-month,35,No,0,1
4460,Female,0,No,12,Yes,Yes,Fiber optic,Month-to-month,79,No,0,0
4461,Male,0,No,61,Yes,No,Fiber optic,Month-to-month,25,No,0,1
4462,Male,0,No,65,Yes,No,Fiber optic,Month-to-month,99,No,0,2
4463,Male,0,No,56,Yes,Yes,Fiber optic,Month-to-month,65,No,0,2
4464,Male,0,No,51,Yes,No,Fiber optic,Month-to-month,81,No,0,2
4465,Male,0,Yes,43,Yes,No,Fiber optic,Month-to-month,91,No,0,2
4466,Female,0,No,1,Yes,No,DSL,One year,50,No,0,0
4467,Female,0,No,3,Yes,No,Fiber optic,Month-to-month,54,No,0,0
4468,Female,0,No,19,No,Yes,DSL,One year,40,No,0,1
4469,Male,0,No,45,Yes,Yes,DSL,Month-to-month,108,No,0,2
4470,Female,1,No,68,Yes,No,Fiber optic,One year,100,Yes,1,3
4471,Female,0,No,1,Yes,No,DSL,Month-to-month,20,Yes,1,1
4472,Female,0,Yes,32,Yes,Yes,Fiber optic,Month-to-month,90,No,0,2
4473,Male,0,Yes,59,No,No,Fiber optic,Two year,35,No,0,1
4474,Male,0,Yes,45,Yes,Yes,Fiber optic,Month-to-month,20,No,0,1
4475,Male,1,No,24,Yes,No,DSL,Two year,104,Yes,1,3
4476,Male,0,Yes,63,Yes,No,DSL,Month-to-month,89,No,0,2
4477,Male,1,No,29,Yes,No,DSL,Month-to-month,52,No,0,3
4478,Male,0,Yes,55,Yes,No,DSL,One year,86,No,0,2
4479,Female,0,No,8,Yes,No,DSL,Month-to-month,85,Yes,1,0
4480,Male,0,No,34,No,Yes,DSL,Two year,25,No,0,1
4481,Female,0,No,1,Yes,No,Fiber optic,Month-to-month,70,Yes,1,0
4482,Male,0,No,10,Yes,No,DSL,Month-to-month,55,No,0,0
4483,Male,0,Yes,71,Yes,Yes,Fiber optic,Month-to-month,73,No,0,2
4484,Male,0,No,5,Yes,Yes,DSL,Two year,56,No,0,0
4485,Male,0,No,31,Yes,No,Fiber optic,Month-to-month,79,No,0,0
4486,Female,0,No,1,Yes,Yes,DSL,Two year,75,Yes,1,0
4487,Male,0,No,20,Yes,Yes,Fiber optic,Month-to-month,89,Yes,1,0
4488,Female,0,Yes,19,Yes,Yes,DSL,One year,20,No,0,1
4489,Male,0,Yes,72,Yes,No,Fiber optic,Month-to-month,113,No,0,2
4490,Female,0,Yes,11,Yes,Yes,DSL,One year,25,No,0,1
4491,Male,0,No,4,Yes,Yes,Fiber optic,One year,90,Yes,1,0
4492,Female,0,No,25,Yes,No,DSL,Month-to-month,105,Yes,1,0
4493,Male,1,No,45,Yes,Yes,DSL,Two year,25,No,0,3
4494,Female,1,No,64,Yes,Yes,DSL,Two year,109,No,0,3
4495,Male,0,No,4,Yes,No,Fiber optic,Month-to-month,21,No,0,1
4496,Male,0,No,34,Yes,No,Fiber optic,Month-to-month,20,No,0,1
4497,Female,0,Yes,48,Yes,Yes,DSL,Two year,70,No,0,2
4498,Female,0,No,24,Yes,No,Fiber optic,One year,80,No,0,0
4499,Male,1,No,8,Yes,No,DSL,One year,61,No,0,3
4500,Female,0,Yes,67,Yes,Yes,Fiber optic,Month-to-month,104,No,0,2
4501,Male,0,No,14,Yes,No,Fiber optic,One year,67,No,0,0
4502,Female,1,No,10,No,No,DSL,Two year,30,Yes,1,3
4503,Male,0,Yes,42,Yes,Yes,Fiber optic,Month-to-month,97,No,0,2
4504,Female,0,Yes,15,Yes,Yes,Fiber optic,Month-to-month,20,No,0,1
4505,Female,0,No,2,Yes,No,DSL,One year,46,No,0,0
4506,Female,0,Yes,45,Yes,Yes,DSL,Two year,105,No,0,2
4507,Female,0,Yes,4,Yes,Yes,DSL,Two year,84,Yes,1,0
4508,Female,0,Yes,67,Yes,No,DSL,Month-to-month,109,Yes,1,2
4509,Male,0,No,12,Yes,No,DSL,Month-to-month,57,Yes,1,0
4510,Male,0,No,60,Yes,No,Fiber optic,Month-to-month,96,Yes,1,2
4511,Male,0,Yes,1,Yes,Yes,DSL,Month-to-month,51,Yes,1,0
4512,Female,1,No,1,Yes,No,DSL,One year,71,No,0,3
4513,Female,0,No,1,Yes,Yes,DSL,Two year,20,Yes,1,1
4514,Male,0,Yes,8,Yes,Yes,DSL,Two year,43,No,0,1
4515,Male,1,No,5,Yes,No,Fiber optic,Month-to-month,90,Yes,1,3
4516,Male,0,No,1,Yes,No,Fiber optic,Month-to-month,69,Yes,1,0
4517,Female,0,Yes,58,Yes,Yes,DSL,Two year,20,No,0,1
4518,Male,0,No,72,Yes,Yes,Fiber optic,Month-to-month,109,No,0,2
4519,Female,0,Yes,23,Yes,Yes,Fiber optic,Month-to-month,25,No,0,1
4520,Male,0,No,5,Yes,Yes,Fiber optic,One year,96,Yes,1,0
4521,Male,0,No,70,No,No,DSL,Month-to-month,39,No,0,1
4522,Female,0,Yes,12,Yes,No,DSL,Month-to-month,84,Yes,1,0
4523,Female,0,No,7,Yes,No,DSL,One year,70,No,0,0
4524,Male,0,No,1,Yes,No,Fiber optic,Month-to-month,46,Yes,1,0
4525,Male,0,Yes,44,No,Yes,Fiber optic,Month-to-month,54,No,0,1
4526,Male,0,Yes,46,Yes,No,Fiber optic,Month-to-month,81,No,0,2
4527,Male,0,No,20,Yes,No,Fiber optic,Month-to-month,20,No,0,1
4528,Male,1,Yes,32,Yes,No,Fiber optic,Two year,94,No,0,3
4529,Male,0,No,1,Yes,No,Fiber optic,Month-to-month,20,No,0,1
4530,Female,0,No,67,Yes,No,DSL,Month-to-month,85,No,0,2
4531,Female,1,No,29,Yes,No,DSL,Two year,99,Yes,1,3
4532,Female,0,Yes,72,Yes,Yes,Fiber optic,Month-to-month,23,No,0,1
4533,Male,1,No,12,Yes,Yes,Fiber optic,Month-to-month,101,Yes,1,3
4534,Male,0,Yes,27,Yes,Yes,Fiber optic,Two year,72,No,0,0
4535,Male,0,Yes,56,Yes,No,DSL,Month-to-month,116,No,0,2
4536,Female,0,Yes,62,Yes,Yes,Fiber optic,Month-to-month,100,Yes,1,2
4537,Male,0,No,11,No,No,Fiber optic,Month-to-month,35,No,0,1
4538,Male,1,No,30,Yes,No,DSL,Month-to-month,75,No,0,3
4539,Female,0,No,40,Yes,No,Fiber optic,Month-to-month,20,No,0,1
4540,Male,1,No,38,No,Yes,DSL,Two year,25,No,0,3
4541,Female,0,No,28,No,No,DSL,Month-to-month,30,No,0,1
4542,Female,0,No,1,Yes,Yes,DSL,Month-to-month,94,Yes,1,0
4543,Female,0,No,12,Yes,Yes,Fiber optic,Month-to-month,45,No,0,0
4544,Female,0,Yes,24,Yes,No,DSL,One year,78,No,0,0
4545,Male,1,No,72,Yes,No,Fiber optic,Month-to-month,25,No,0,3
4546,Male,0,No,3,Yes,No,DSL,Month-to-month,82,No,0,0
4547,Female,0,Yes,72,Yes,Yes,Fiber optic,Month-to-month,116,No,0,2
4548,Male,0,No,4,Yes,Yes,Fiber optic,Month-to-month,25,No,0,1
4549,Female,0,No,3,Yes,No,Fiber optic,Month-to-month,76,No,0,0
4550,Female,1,No,1,Yes,Yes,Fiber optic,Month-to-month,50,Yes,1,3
4551,Male,0,No,43,Yes,Yes,DSL,Two year,78,Yes,1,2
4552,Female,0,No,10,No,Yes,Fiber optic,Month-to-month,41,No,0,1
4553,Female,1,No,2,Yes,No,DSL,Month-to-month,44,No,0,3
4554,Male,0,No,15,Yes,Yes,Fiber optic,Two year,19,No,0,1
4555,Female,1,No,3,Yes,No,Fiber optic,Month-to-month,75,No,0,3
4556,Female,0,No,65,No,No,DSL,Two year,60,No,0,2
4557,Male,0,No,27,Yes,No,Fiber optic,Month-to-month,20,No,0,1
4558,Male,1,No,1,Yes,No,DSL,One year,74,Yes,1,3
4559,Male,0,No,35,Yes,Yes,Fiber optic,Month-to-month,21,No,0,1
4560,Male,0,No,2,Yes,No,DSL,Month-to-month,47,No,0,0
4561,Female,0,No,60,Yes,Yes,Fiber optic,One year,100,No,0,2
4562,Female,0,Yes,49,Yes,Yes,DSL,Month-to-month,19,No,0,1
4563,Male,0,No,3,No,Yes,Fiber optic,Two year,35,Yes,1,1
4564,Female,0,Yes,24,Yes,Yes,Fiber optic,Month-to-month,20,No,0,1
4565,Male,0,Yes,62,Yes,No,DSL,Month-to-month,89,No,0,2
4566,Female,0,Yes,25,Yes,No,DSL,One year,89,Yes,1,0
4567,Female,0,Yes,10,Yes,No,Fiber optic,One year,89,No,0,0
4568,Male,0,Yes,67,Yes,Yes,Fiber optic,Month-to-month,54,No,0,2
4569,Male,1,No,7,Yes,No,Fiber optic,One year,85,Yes,1,3
4570,Male,0,Yes,24,Yes,No,DSL,Month-to-month,81,No,0,0
4571,Male,1,No,72,Yes,No,DSL,Month-to-month,116,No,0,3
4572,Male,0,No,53,Yes,No,Fiber optic,Month-to-month,74,No,0,2
4573,Male,1,No,2,Yes,Yes,Fiber optic,Month-to-month,87,Yes,1,3
4574,Female,0,No,5,Yes,No,DSL,Two year,76,Yes,1,0
4575,Female,0,No,52,No,Yes,Fiber optic,One year,35,No,0,1
4576,Female,0,Yes,72,Yes,Yes,DSL,Month-to-month,74,No,0,2
4577,Male,0,Yes,70,Yes,No,DSL,Month-to-month,79,No,0,2
4578,Male,0,No,9,Yes,Yes,Fiber optic,One year,20,No,0,1
4579,Female,0,No,2,Yes,No,DSL,Month-to-month,20,No,0,1
4580,Female,0,No,28,Yes,Yes,Fiber optic,Month-to-month,60,No,0,0
4581,Male,0,No,72,Yes,No,DSL,Two year,86,No,0,2
4582,Male,0,No,42,No,No,DSL,Two year,40,No,0,1
4583,Female,0,No,11,Yes,Yes,DSL,Two year,102,Yes,1,0
4584,Female,0,Yes,61,Yes,Yes,DSL,Two year,50,No,0,2
4585,Male,0,Yes,63,Yes,Yes,DSL,Two year,76,No,0,2
4586,Male,0,No,1,Yes,Yes,Fiber optic,Month-to-month,46,Yes,1,0
4587,Male,0,Yes,23,Yes,Yes,Fiber optic,Two year,48,Yes,1,1
4588,Female,0,No,61,Yes,No,Fiber optic,Month-to-month,20,No,0,1
4589,Male,0,No,7,Yes,Yes,Fiber optic,Month-to-month,20,No,0,1
4590,Male,0,No,14,Yes,No,DSL,Two year,20,No,0,1
4591,Female,1,Yes,23,Yes,Yes,Fiber optic,Two year,88,No,0,3
4592,Female,0,No,9,Yes,No,DSL,Month-to-month,92,Yes,1,0
4593,Female,1,No,11,Yes,Yes,DSL,One year,100,Yes,1,3
4594,Female,0,No,48,Yes,No,DSL,Month-to-month,75,No,0,2
4595,Male,0,No,63,Yes,No,Fiber optic,Month-to-month,20,No,0,1
4596,Female,0,No,6,Yes,Yes,DSL,Two year,100,Yes,1,0
4597,Female,0,No,5,No,Yes,Fiber optic,One year,51,No,0,0
4598,Male,0,No,70,Yes,No,Fiber optic,Month-to-month,88,No,0,2
4599,Male,0,No,8,Yes,Yes,DSL,Month-to-month,66,No,0,0
4600,Female,0,Yes,46,Yes,No,DSL,One year,25,No,0,1
4601,Male,0,Yes,6,Yes,Yes,Fiber optic,Two year,20,No,0,1
4602,Female,0,Yes,68,Yes,Yes,Fiber optic,Month-to-month,84,No,0,2
4603,Male,0,Yes,31,Yes,Yes,DSL,Two year,21,No,0,1
4604,Female,0,Yes,23,Yes,No,DSL,Month-to-month,20,No,0,1
4605,Female,0,No,6,Yes,No,Fiber optic,Month-to-month,84,Yes,1,0
4606,Male,0,No,1,Yes,Yes,DSL,Two year,51,Yes,1,0
4607,Male,0,No,2,Yes,Yes,DSL,Two year,79,No,0,0
4608,Male,1,No,43,Yes,No,DSL,Month-to-month,94,No,0,3
4609,Male,0,Yes,46,Yes,Yes,DSL,Two year,20,No,0,1
4610,Male,0,No,49,Yes,Yes,DSL,One year,99,No,0,2
4611,Male,0,No,51,Yes,Yes,Fiber optic,One year,95,Yes,1,2
4612,Male,0,Yes,28,Yes,Yes,DSL,Two year,93,No,0,0
4613,Male,0,No,65,Yes,No,DSL,Two year,92,Yes,1,2
4614,Male,0,No,51,Yes,Yes,Fiber optic,Month-to-month,83,No,0,2
4615,Male,0,No,1,Yes,No,DSL,Month-to-month,21,No,0,1
4616,Male,0,Yes,1,Yes,Yes,DSL,Two year,75,Yes,1,0
4617,Female,0,No,24,Yes,No,DSL,Month-to-month,20,No,0,1
4618,Female,0,No,48,No,No,DSL,Month-to-month,35,Yes,1,1
4619,Male,1,No,1,Yes,No,Fiber optic,Month-to-month,80,Yes,1,3
4620,Female,0,No,2,Yes,Yes,Fiber optic,Month-to-month,54,No,0,0
4621,Male,0,No,27,Yes,Yes,Fiber optic,Two year,55,No,0,0
4622,Male,0,Yes,1,Yes,No,DSL,Month-to-month,50,Yes,1,0
4623,Female,0,Yes,70,No,No,Fiber optic,Month-to-month,58,No,0,2
4624,Male,0,No,35,Yes,Yes,Fiber optic,Month-to-month,75,Yes,1,0
4625,Male,0,No,67,No,No,Fiber optic,Month-to-month,49,No,0,2
4626,Male,0,No,2,Yes,No,Fiber optic,Month-to-month,46,Yes,1,0
4627,Female,0,Yes,15,Yes,Yes,Fiber optic,Month-to-month,21,No,0,1
4628,Female,0,No,1,Yes,Yes,Fiber optic,One year,20,No,0,1
4629,Male,0,Yes,62,Yes,No,DSL,Month-to-month,25,No,0,1
4630,Female,0,Yes,36,Yes,No,DSL,Month-to-month,20,No,0,1
4631,Male,0,No,1,Yes,Yes,DSL,Month-to-month,20,Yes,1,1
4632,Male,0,No,72,Yes,Yes,Fiber optic,Month-to-month,105,No,0,2
4633,Male,0,No,70,Yes,No,DSL,Month-to-month,79,No,0,2
4634,Male,0,No,1,Yes,Yes,DSL,Two year,54,Yes,1,0
4635,Male,0,No,24,Yes,No,DSL,Month-to-month,58,No,0,0
4636,Male,1,No,45,Yes,No,DSL,Two year,63,Yes,1,3
4637,Male,0,No,29,Yes,No,DSL,One year,20,No,0,1
4638,Female,0,Yes,33,Yes,No,DSL,One year,89,No,0,2
4639,Female,0,No,7,Yes,Yes,Fiber optic,Month-to-month,100,No,0,0
4640,Female,0,No,7,Yes,Yes,Fiber optic,Month-to-month,80,Yes,1,0
4641,Male,0,No,18,Yes,No,Fiber optic,Month-to-month,73,No,0,0
4642,Male,0,Yes,2,Yes,No,DSL,Month-to-month,19,No,0,1
4643,Male,0,Yes,66,Yes,No,DSL,Two year,80,No,0,2
4644,Female,0,No,3,Yes,Yes,DSL,Month-to-month,20,Yes,1,1
4645,Female,0,No,72,Yes,No,DSL,Month-to-month,26,No,0,1
4646,Female,0,Yes,72,Yes,Yes,Fiber optic,Month-to-month,67,No,0,2
4647,Female,1,No,13,No,No,Fiber optic,Month-to-month,45,No,0,3
4648,Male,0,No,24,Yes,No,DSL,Month-to-month,86,No,0,0
4649,Male,0,No,70,Yes,No,Fiber optic,Month-to-month,75,No,0,2
4650,Male,0,Yes,71,Yes,Yes,Fiber optic,Two year,97,No,0,2
4651,Male,0,No,56,Yes,Yes,DSL,Month-to-month,60,No,0,2
4652,Female,0,No,6,Yes,No,Fiber optic,Month-to-month,94,Yes,1,0
4653,Female,0,No,1,Yes,No,DSL,One year,45,Yes,1,0
4654,Female,0,Yes,21,Yes,No,DSL,Month-to-month,45,No,0,1
4655,Male,0,Yes,14,Yes,No,DSL,One year,65,Yes,1,0
4656,Male,0,No,13,Yes,Yes,DSL,One year,66,No,0,0
4657,Female,0,No,12,Yes,Yes,Fiber optic,Month-to-month,94,Yes,1,0
4658,Male,0,No,65,Yes,No,DSL,Month-to-month,91,No,0,2
4659,Male,0,No,30,Yes,No,DSL,Month-to-month,84,No,0,0
4660,Female,0,No,2,No,Yes,Fiber optic,Two year,24,No,0,1
4661,Female,0,Yes,12,Yes,No,DSL,Month-to-month,20,No,0,1
4662,Male,0,No,56,Yes,Yes,DSL,Two year,107,No,0,2
4663,Female,1,No,67,Yes,No,DSL,Month-to-month,92,No,0,3
4664,Male,0,Yes,4,Yes,Yes,Fiber optic,Month-to-month,51,Yes,1,0
4665,Female,1,No,65,Yes,Yes,Fiber optic,Month-to-month,94,No,0,3
4666,Male,0,No,60,Yes,No,DSL,Two year,101,No,0,2
4667,Female,0,No,37,Yes,No,DSL,Month-to-month,100,Yes,1,2
4668,Male,0,No,72,Yes,No,DSL,Month-to-month,20,No,0,1
4669,Female,0,Yes,52,Yes,No,DSL,Month-to-month,100,No,0,2
4670,Male,1,No,13,Yes,No,DSL,Two year,107,Yes,1,3
4671,Female,1,No,56,Yes,No,DSL,Month-to-month,97,No,0,3
4672,Female,0,No,51,Yes,Yes,Fiber optic,Month-to-month,21,No,0,1
4673,Male,0,Yes,7,No,No,DSL,Month-to-month,59,No,0,0
4674,Female,1,No,17,Yes,Yes,Fiber optic,Month-to-month,94,No,0,3
4675,Male,0,No,18,Yes,No,DSL,One year,20,No,0,1
4676,Male,0,No,50,Yes,Yes,Fiber optic,One year,99,No,0,2
4677,Female,1,No,32,Yes,No,DSL,Month-to-month,55,No,0,3
4678,Female,0,No,1,Yes,No,Fiber optic,Month-to-month,75,Yes,1,0
4679,Male,0,No,46,Yes,Yes,Fiber optic,Month-to-month,95,No,0,2
4680,Male,0,Yes,16,Yes,Yes,DSL,Two year,20,No,0,1
4681,Female,0,No,1,Yes,Yes,DSL,Month-to-month,71,Yes,1,0
4682,Female,0,No,51,Yes,Yes,Fiber optic,Month-to-month,99,No,0,2
4683,Female,0,No,25,Yes,Yes,Fiber optic,Month-to-month,109,No,0,0
4684,Male,0,No,8,Yes,Yes,Fiber optic,Month-to-month,44,No,0,0
4685,Female,0,No,33,Yes,No,Fiber optic,One year,54,No,0,0
4686,Male,0,No,54,Yes,Yes,Fiber optic,Two year,65,No,0,2
4687,Female,0,Yes,18,Yes,Yes,Fiber optic,Two year,25,No,0,1
4688,Female,0,Yes,27,Yes,No,Fiber optic,Month-to-month,21,No,0,1
4689,Male,0,Yes,68,Yes,Yes,Fiber optic,Month-to-month,101,No,0,2
4690,Female,0,Yes,59,Yes,No,DSL,Month-to-month,25,No,0,1
4691,Female,1,No,56,Yes,No,DSL,Month-to-month,77,No,0,3
4692,Male,1,No,72,Yes,Yes,Fiber optic,Month-to-month,25,No,0,3
4693,Female,1,No,54,Yes,No,Fiber optic,Month-to-month,72,No,0,3
4694,Female,0,No,47,Yes,Yes,DSL,Two year,21,No,0,1
4695,Male,0,Yes,50,No,No,DSL,Month-to-month,43,No,0,1
4696,Male,0,No,71,Yes,No,DSL,One year,104,No,0,2
4697,Female,0,No,1,Yes,No,Fiber optic,Two year,45,No,0,0
4698,Female,0,No,3,Yes,No,Fiber optic,Month-to-month,76,Yes,1,0
4699,Female,0,No,21,No,Yes,DSL,Two year,35,No,0,1
4700,Male,0,Yes,66,No,Yes,Fiber optic,Two year,51,No,0,2
4701,Female,0,Yes,48,Yes,No,DSL,Month-to-month,96,Yes,1,2
4702,Male,1,No,47,Yes,Yes,Fiber optic,Month-to-month,100,Yes,1,3
4703,Male,0,Yes,60,Yes,No,DSL,One year,24,No,0,1
4704,Male,0,No,37,Yes,Yes,Fiber optic,Month-to-month,91,No,0,2
4705,Male,0,Yes,18,Yes,Yes,DSL,Month-to-month,81,No,0,0
4706,Male,0,Yes,72,Yes,No,Fiber optic,Month-to-month,90,No,0,2
4707,Female,0,No,6,Yes,No,DSL,Month-to-month,91,No,0,0
4708,Male,1,No,33,Yes,Yes,Fiber optic,One year,94,No,0,3
4709,Male,0,No,35,Yes,No,DSL,Two year,97,No,0,2
4710,Female,0,No,37,Yes,Yes,Fiber optic,Month-to-month,79,No,0,0
4711,Male,1,No,1,Yes,No,DSL,Two year,70,Yes,1,3
4712,Male,0,No,71,Yes,No,DSL,One year,24,No,0,1
4713,Male,1,No,16,Yes,Yes,Fiber optic,One year,85,No,0,3
4714,Male,1,No,54,Yes,Yes,Fiber optic,One year,74,No,0,3
4715,Female,0,Yes,72,Yes,Yes,DSL,Two year,85,No,0,2
4716,Female,0,No,12,Yes,Yes,DSL,Two year,80,No,0,0
4717,Female,0,Yes,69,Yes,Yes,DSL,Two year,20,No,0,1
4718,Male,1,No,24,Yes,Yes,Fiber optic,One year,103,Yes,1,3
4719,Female,0,Yes,8,Yes,No,DSL,One year,20,Yes,1,1
4720,Male,1,Yes,11,Yes,Yes,Fiber optic,Month-to-month,55,No,0,3
4721,Female,0,No,9,Yes,Yes,Fiber optic,One year,44,No,0,0
4722,Male,0,Yes,34,Yes,No,DSL,Month-to-month,78,Yes,1,2
4723,Female,0,No,66,No,No,DSL,One year,47,No,0,2
4724,Female,0,No,41,Yes,No,Fiber optic,Month-to-month,21,No,0,1
4725,Female,0,Yes,16,Yes,Yes,DSL,One year,19,No,0,1
4726,Male,0,No,65,Yes,Yes,DSL,Month-to-month,105,No,0,2
4727,Male,0,No,27,Yes,No,DSL,Two year,20,No,0,1
4728,Male,0,Yes,68,Yes,No,DSL,Two year,106,No,0,2
4729,Male,1,No,23,Yes,No,DSL,Two year,106,Yes,1,3
4730,Male,0,No,33,Yes,No,DSL,Two year,20,No,0,1
4731,Male,1,No,25,Yes,Yes,Fiber optic,Month-to-month,90,Yes,1,3
4732,Male,0,Yes,72,Yes,No,DSL,One year,114,No,0,2
4733,Male,0,No,39,Yes,No,DSL,Two year,20,No,0,1
4734,Male,0,Yes,62,Yes,No,Fiber optic,Month-to-month,20,No,0,1
4735,Male,0,Yes,53,Yes,No,DSL,One year,20,Yes,1,1
4736,Female,0,No,53,Yes,Yes,DSL,One year,100,No,0,2
4737,Male,0,No,18,Yes,Yes,DSL,Two year,82,Yes,1,0
4738,Male,1,No,62,Yes,Yes,Fiber optic,Two year,89,No,0,3
4739,Female,0,No,70,Yes,Yes,Fiber optic,Month-to-month,65,Yes,1,2
4740,Male,1,No,27,Yes,Yes,Fiber optic,Month-to-month,105,No,0,3
4741,Female,0,No,61,Yes,No,DSL,Month-to-month,103,No,0,2
4742,Male,1,No,53,Yes,No,Fiber optic,Month-to-month,104,Yes,1,3
4743,Female,0,No,54,Yes,No,DSL,Two year,104,Yes,1,2
4744,Male,1,Yes,64,Yes,Yes,DSL,Two year,112,No,0,3
4745,Female,1,No,30,Yes,No,DSL,Two year,100,Yes,1,3
4746,Female,0,Yes,50,Yes,Yes,Fiber optic,Month-to-month,21,No,0,1
4747,Male,0,No,38,Yes,Yes,Fiber optic,Month-to-month,105,No,0,2
4748,Female,0,Yes,72,Yes,No,DSL,One year,99,No,0,2
4749,Male,1,No,39,Yes,No,DSL,One year,106,Yes,1,3
4750,Male,0,No,30,Yes,No,DSL,Month-to-month,64,No,0,0
4751,Female,1,No,26,Yes,No,DSL,One year,95,Yes,1,3
4752,Female,0,No,6,Yes,Yes,DSL,Month-to-month,86,No,0,0
4753,Female,0,No,16,Yes,No,DSL,One year,54,Yes,1,0
4754,Female,0,Yes,51,No,No,Fiber optic,Month-to-month,56,No,0,1
4755,Female,0,Yes,17,Yes,Yes,DSL,Two year,99,Yes,1,0
4756,Female,0,No,1,Yes,No,Fiber optic,Month-to-month,79,Yes,1,0
4757,Male,0,No,62,Yes,No,DSL,Month-to-month,20,No,0,1
4758,Male,0,Yes,13,Yes,Yes,DSL,Month-to-month,65,No,0,0
4759,Male,0,Yes,64,Yes,No,DSL,Two year,73,No,0,2
4760,Male,0,No,44,Yes,No,Fiber optic,Month-to-month,85,No,0,2
4761,Female,0,Yes,16,Yes,No,DSL,One year,113,No,0,0
4762,Male,0,Yes,15,Yes,Yes,DSL,Two year,25,No,0,1
4763,Female,0,Yes,36,No,No,Fiber optic,Month-to-month,41,No,0,1
4764,Male,0,Yes,1,Yes,No,Fiber optic,Month-to-month,91,Yes,1,0
4765,Male,1,No,24,Yes,No,DSL,Month-to-month,70,No,0,3
4766,Female,0,No,60,Yes,No,DSL,Two year,20,No,0,1
4767,Female,0,No,3,Yes,Yes,Fiber optic,Two year,92,Yes,1,0
4768,Male,0,Yes,16,Yes,No,DSL,One year,91,No,0,0
4769,Male,0,No,66,Yes,No,DSL,Two year,86,No,0,2
4770,Male,0,No,66,Yes,No,DSL,One year,104,No,0,2
4771,Male,0,No,45,Yes,No,DSL,One year,20,Yes,1,1
4772,Male,1,Yes,43,Yes,No,Fiber optic,Month-to-month,111,Yes,1,3
4773,Male,1,Yes,71,Yes,No,DSL,One year,20,No,0,3
4774,Male,0,No,1,Yes,No,DSL,One year,45,Yes,1,0
4775,Male,0,Yes,1,Yes,Yes,Fiber optic,One year,71,Yes,1,0
4776,Female,1,No,20,Yes,No,Fiber optic,Month-to-month,81,No,0,3
4777,Female,1,No,65,No,No,Fiber optic,Month-to-month,54,No,0,3
4778,Male,0,Yes,19,Yes,No,DSL,Month-to-month,20,No,0,1
4779,Male,0,No,36,Yes,Yes,DSL,Two year,20,No,0,1
4780,Male,0,No,71,Yes,No,Fiber optic,Month-to-month,109,Yes,1,2
4781,Female,1,No,1,No,No,Fiber optic,Month-to-month,25,Yes,1,3
4782,Male,0,No,33,Yes,No,DSL,Two year,68,Yes,1,0
4783,Male,0,No,71,Yes,No,Fiber optic,Month-to-month,54,No,0,2
4784,Female,0,No,13,Yes,Yes,DSL,One year,68,No,0,0
4785,Female,0,No,29,Yes,No,DSL,Month-to-month,19,No,0,1
4786,Female,0,No,13,Yes,Yes,Fiber optic,Month-to-month,72,No,0,0
4787,Male,0,No,22,No,Yes,Fiber optic,Two year,57,No,0,0
4788,Male,1,No,7,Yes,No,DSL,Month-to-month,99,Yes,1,3
4789,Male,0,No,47,Yes,Yes,DSL,Two year,25,No,0,1
4790,Male,0,No,26,Yes,No,Fiber optic,Month-to-month,20,No,0,1
4791,Male,1,No,13,Yes,Yes,Fiber optic,Month-to-month,60,No,0,3
4792,Male,0,No,26,Yes,No,DSL,Month-to-month,90,Yes,1,0
4793,Male,0,Yes,2,Yes,Yes,Fiber optic,One year,20,No,0,1
4794,Female,0,No,4,No,No,Fiber optic,One year,24,Yes,1,1
4795,Female,0,No,52,Yes,No,DSL,Month-to-month,81,No,0,2
4796,Male,1,No,3,Yes,No,DSL,One year,91,Yes,1,3
4797,Male,1,No,62,Yes,No,Fiber optic,One year,111,No,0,3
4798,Female,0,Yes,70,Yes,Yes,Fiber optic,Two year,94,Yes,1,2
4799,Female,0,No,71,Yes,Yes,Fiber optic,Month-to-month,104,No,0,2
4800,Male,0,No,69,No,No,DSL,Month-to-month,36,No,0,1
4801,Male,0,No,35,Yes,Yes,Fiber optic,Month-to-month,26,No,0,1
4802,Male,0,No,63,Yes,Yes,DSL,Two year,103,No,0,2
4803,Female,1,No,69,Yes,No,DSL,Month-to-month,105,No,0,3
4804,Female,0,Yes,72,Yes,Yes,Fiber optic,Month-to-month,100,No,0,2
4805,Female,0,No,36,Yes,Yes,Fiber optic,One year,80,No,0,0
4806,Male,0,No,33,Yes,Yes,DSL,Two year,73,No,0,0
4807,Female,0,No,28,Yes,No,DSL,One year,90,No,0,0
4808,Female,0,No,27,Yes,Yes,Fiber optic,Two year,20,No,0,1
4809,Female,0,No,1,Yes,No,DSL,Two year,74,No,0,0
4810,Male,0,Yes,72,No,No,DSL,Month-to-month,38,No,0,1
4811,Female,0,No,63,Yes,Yes,Fiber optic,Month-to-month,98,No,0,2
4812,Male,0,Yes,12,Yes,No,DSL,Month-to-month,70,No,0,0
4813,Male,0,Yes,12,Yes,No,DSL,Month-to-month,25,No,0,1
4814,Female,1,No,70,Yes,No,Fiber optic,Month-to-month,113,No,0,3
4815,Female,0,No,1,Yes,Yes,Fiber optic,Month-to-month,45,No,0,0
4816,Female,0,No,20,Yes,No,Fiber optic,One year,89,No,0,0
4817,Female,0,No,72,Yes,Yes,DSL,One year,25,No,0,1
4818,Female,0,No,5,Yes,No,DSL,Month-to-month,76,No,0,0
4819,Male,0,Yes,39,No,No,Fiber optic,One year,25,No,0,1
4820,Male,0,No,1,Yes,No,DSL,Two year,54,No,0,0
4821,Male,0,Yes,15,Yes,Yes,DSL,Two year,55,No,0,0
4822,Female,0,No,72,Yes,No,DSL,One year,25,No,0,1
4823,Male,0,Yes,24,No,No,Fiber optic,Two year,36,No,0,1
4824,Male,0,Yes,34,Yes,No,DSL,Month-to-month,104,No,0,2
4825,Female,0,No,9,Yes,Yes,Fiber optic,One year,80,Yes,1,0
4826,Female,1,Yes,72,Yes,Yes,Fiber optic,Month-to-month,88,No,0,3
4827,Female,0,Yes,8,Yes,Yes,Fiber optic,Month-to-month,21,No,0,1
4828,Female,0,Yes,6,Yes,No,Fiber optic,Month-to-month,19,No,0,1
4829,Female,0,No,36,Yes,No,DSL,Month-to-month,88,Yes,1,2
4830,Male,0,No,72,Yes,No,DSL,Month-to-month,25,No,0,1
4831,Female,0,No,8,Yes,No,DSL,Two year,50,Yes,1,0
4832,Male,0,No,44,Yes,No,DSL,One year,20,No,0,1
4833,Female,0,No,18,Yes,No,DSL,One year,70,No,0,0
4834,Female,0,Yes,39,Yes,No,DSL,One year,100,No,0,2
4835,Male,0,Yes,60,Yes,Yes,DSL,Two year,95,No,0,2
4836,Male,1,No,1,No,Yes,Fiber optic,Month-to-month,40,Yes,1,3
4837,Male,0,No,21,Yes,Yes,DSL,Month-to-month,20,No,0,1
4838,Male,0,Yes,60,Yes,No,Fiber optic,Month-to-month,85,No,0,2
4839,Female,0,Yes,62,Yes,Yes,Fiber optic,One year,71,No,0,2
4840,Female,0,Yes,8,Yes,Yes,Fiber optic,Month-to-month,20,No,0,1
4841,Male,0,No,65,Yes,No,DSL,Month-to-month,25,No,0,1
4842,Female,0,Yes,17,Yes,No,Fiber optic,Month-to-month,21,No,0,1
4843,Male,0,No,60,Yes,Yes,DSL,Month-to-month,61,No,0,2
4844,Female,0,Yes,11,Yes,No,DSL,Two year,19,Yes,1,1
4845,Female,0,No,2,Yes,No,DSL,One year,20,No,0,1
4846,Female,0,No,21,Yes,No,DSL,Two year,104,Yes,1,0
4847,Female,0,No,66,Yes,No,Fiber optic,Month-to-month,103,No,0,2
4848,Male,0,No,16,Yes,Yes,Fiber optic,Month-to-month,19,No,0,1
4849,Male,0,Yes,66,Yes,Yes,Fiber optic,Month-to-month,75,No,0,2
4850,Female,0,No,46,Yes,No,DSL,One year,79,No,0,2
4851,Female,0,No,70,Yes,No,Fiber optic,One year,90,No,0,2
4852,Male,0,Yes,72,Yes,No,Fiber optic,Month-to-month,20,No,0,1
4853,Male,0,No,1,Yes,No,DSL,Two year,45,No,0,0
4854,Female,0,Yes,1,Yes,No,Fiber optic,One year,24,No,0,1
4855,Male,1,No,8,Yes,No,DSL,One year,101,Yes,1,3
4856,Female,0,No,2,Yes,No,Fiber optic,Two year,49,No,0,0
4857,Male,0,Yes,1,Yes,Yes,Fiber optic,Month-to-month,19,No,0,1
4858,Male,0,No,17,Yes,No,DSL,Month-to-month,20,No,0,1
4859,Male,0,Yes,58,No,No,DSL,One year,50,No,0,1
4860,Male,0,Yes,59,Yes,Yes,Fiber optic,Two year,87,No,0,2
4861,Female,0,No,12,Yes,No,DSL,Two year,89,Yes,1,0
4862,Female,0,No,3,Yes,No,DSL,One year,64,Yes,1,0
4863,Male,0,Yes,32,No,No,Fiber optic,Month-to-month,51,No,0,1
4864,Female,0,Yes,7,No,No,DSL,Two year,25,No,0,1
4865,Male,0,Yes,8,Yes,Yes,Fiber optic,One year,20,No,0,1
4866,Male,0,No,22,Yes,Yes,DSL,Month-to-month,85,Yes,1,0
4867,Male,0,No,66,Yes,Yes,DSL,Month-to-month,97,No,0,2
4868,Female,1,No,23,Yes,Yes,Fiber optic,Month-to-month,75,No,0,3
4869,Female,1,No,1,Yes,Yes,Fiber optic,Month-to-month,86,Yes,1,3
4870,Male,0,No,21,Yes,Yes,Fiber optic,Month-to-month,65,No,0,0
4871,Female,0,No,9,Yes,Yes,DSL,One year,75,Yes,1,0
4872,Female,0,Yes,44,Yes,No,DSL,One year,56,No,0,1
4873,Male,1,No,15,Yes,Yes,DSL,Two year,79,Yes,1,3
4874,Female,0,Yes,67,Yes,No,DSL,Month-to-month,74,No,0,2
4875,Female,0,No,56,Yes,No,Fiber optic,Month-to-month,98,Yes,1,2
4876,Female,0,No,4,No,Yes,Fiber optic,Month-to-month,29,No,0,1
4877,Male,0,Yes,43,Yes,No,Fiber optic,Month-to-month,79,No,0,2
4878,Male,1,No,61,Yes,No,DSL,One year,82,No,0,3
4879,Male,0,No,44,Yes,Yes,DSL,Month-to-month,65,No,0,2
4880,Female,0,Yes,9,Yes,Yes,DSL,One year,76,No,0,0
4881,Female,0,Yes,72,Yes,No,DSL,Two year,116,No,0,2
4882,Female,0,No,7,Yes,No,Fiber optic,Month-to-month,95,Yes,1,0
4883,Male,0,No,9,Yes,No,DSL,Two year,44,No,0,0
4884,Female,0,Yes,51,Yes,No,DSL,Month-to-month,20,No,0,1
4885,Male,0,No,66,No,No,Fiber optic,Month-to-month,29,No,0,1
4886,Male,0,No,14,Yes,Yes,Fiber optic,Two year,25,No,0,1
4887,Female,0,Yes,10,Yes,No,DSL,One year,20,No,0,1
4888,Female,0,No,17,Yes,No,DSL,Month-to-month,19,No,0,1
4889,Male,0,No,48,Yes,No,Fiber optic,One year,95,No,0,2
4890,Male,0,No,19,Yes,Yes,Fiber optic,One year,20,No,0,1
4891,Male,0,Yes,1,Yes,No,Fiber optic,Month-to-month,19,No,0,1
4892,Male,0,Yes,63,Yes,Yes,DSL,Month-to-month,20,No,0,1
4893,Male,1,No,67,Yes,Yes,Fiber optic,Month-to-month,105,No,0,3
4894,Female,0,Yes,63,Yes,No,DSL,Month-to-month,64,No,0,2
4895,Female,1,Yes,71,Yes,Yes,DSL,One year,69,No,0,3
4896,Male,0,Yes,36,Yes,No,Fiber optic,Month-to-month,54,No,0,1
4897,Male,1,No,16,Yes,No,DSL,Month-to-month,92,No,0,3
4898,Female,0,No,2,Yes,No,DSL,Month-to-month,21,No,0,1
4899,Male,0,No,72,Yes,No,DSL,Month-to-month,105,No,0,2
4900,Female,0,Yes,24,Yes,Yes,Fiber optic,Month-to-month,55,No,0,1
4901,Male,0,No,42,Yes,Yes,Fiber optic,Month-to-month,102,Yes,1,2
4902,Female,0,Yes,45,Yes,No,Fiber optic,Month-to-month,21,No,0,1
4903,Male,0,No,59,Yes,No,DSL,Month-to-month,100,Yes,1,2
4904,Female,0,No,63,Yes,Yes,Fiber optic,Month-to-month,96,No,0,2
4905,Male,0,No,1,Yes,Yes,Fiber optic,Month-to-month,20,No,0,1
4906,Male,0,No,43,Yes,No,DSL,Two year,60,No,0,2
4907,Female,0,Yes,71,Yes,Yes,Fiber optic,Two year,87,No,0,2
4908,Female,0,No,12,Yes,Yes,DSL,Two year,44,No,0,0
4909,Male,0,Yes,25,Yes,Yes,Fiber optic,Month-to-month,19,No,0,1
4910,Male,0,Yes,72,Yes,No,DSL,Two year,84,No,0,2
4911,Female,0,No,6,Yes,No,DSL,One year,55,No,0,0
4912,Male,0,Yes,30,Yes,No,Fiber optic,Two year,25,No,0,1
4913,Female,1,No,46,Yes,Yes,Fiber optic,Month-to-month,100,No,0,3
4914,Male,0,No,2,Yes,No,DSL,Two year,73,Yes,1,0
4915,Female,0,No,47,Yes,Yes,DSL,Two year,106,No,0,2
4916,Female,0,Yes,51,No,No,DSL,Month-to-month,34,No,0,1
4917,Female,0,No,42,Yes,Yes,Fiber optic,Month-to-month,21,No,0,1
4918,Female,0,No,62,Yes,No,DSL,Month-to-month,101,No,0,2
4919,Female,0,No,5,Yes,No,DSL,Two year,21,No,0,1
4920,Male,0,Yes,53,Yes,No,DSL,Two year,72,No,0,2
4921,Female,0,No,10,Yes,No,DSL,Two year,99,Yes,1,0
4922,Male,0,Yes,18,Yes,Yes,Fiber optic,Month-to-month,57,Yes,1,0
4923,Male,0,No,1,Yes,Yes,DSL,Month-to-month,20,No,0,1
4924,Female,0,Yes,51,Yes,No,DSL,Month-to-month,86,No,0,2
4925,Male,1,No,61,Yes,No,DSL,Month-to-month,86,No,0,3
4926,Male,0,No,7,Yes,Yes,Fiber optic,One year,45,No,0,0
4927,Male,0,Yes,50,Yes,No,DSL,Two year,104,Yes,1,2
4928,Male,0,No,4,Yes,No,DSL,Two year,80,No,0,0
4929,Female,1,No,47,Yes,No,DSL,Month-to-month,85,Yes,1,3
4930,Female,0,Yes,32,Yes,No,DSL,One year,62,No,0,0
4931,Female,0,No,2,No,No,DSL,Month-to-month,45,Yes,1,0
4932,Male,1,No,27,No,Yes,Fiber optic,Month-to-month,36,Yes,1,3
4933,Female,0,Yes,10,Yes,No,Fiber optic,One year,56,No,0,0
4934,Female,0,No,1,Yes,No,DSL,Month-to-month,80,Yes,1,0
4935,Female,0,Yes,21,Yes,Yes,Fiber optic,Two year,74,Yes,1,0
4936,Male,0,Yes,12,Yes,Yes,DSL,One year,21,No,0,1
4937,Male,0,No,1,Yes,Yes,Fiber optic,Month-to-month,20,Yes,1,1
4938,Female,1,No,51,Yes,No,DSL,One year,20,No,0,3
4939,Female,0,Yes,3,Yes,No,Fiber optic,Month-to-month,59,No,0,0
4940,Female,0,Yes,72,Yes,No,DSL,Month-to-month,107,No,0,2
4941,Female,0,No,1,Yes,Yes,Fiber optic,Month-to-month,44,Yes,1,0
4942,Male,0,No,5,Yes,No,DSL,Month-to-month,85,Yes,1,0
4943,Female,1,No,1,Yes,Yes,DSL,Month-to-month,85,Yes,1,3
4944,Male,0,No,66,Yes,No,DSL,Two year,25,No,0,1
4945,Male,0,No,61,Yes,Yes,DSL,Month-to-month,75,No,0,2
4946,Male,0,Yes,32,Yes,No,DSL,Two year,100,Yes,1,2
4947,Female,0,No,65,Yes,No,Fiber optic,Month-to-month,19,No,0,1
4948,Female,1,No,41,Yes,Yes,Fiber optic,Month-to-month,101,No,0,3
4949,Female,0,No,14,Yes,No,DSL,Month-to-month,90,Yes,1,0
4950,Male,0,Yes,2,Yes,No,DSL,Month-to-month,90,Yes,1,0
4951,Female,0,No,29,Yes,Yes,Fiber optic,Month-to-month,58,No,0,0
4952,Female,0,No,10,Yes,Yes,Fiber optic,Month-to-month,51,No,0,0
4953,Male,0,Yes,32,Yes,No,Fiber optic,Month-to-month,70,Yes,1,0
4954,Male,0,No,7,Yes,No,DSL,Two year,20,No,0,1
4955,Female,0,No,71,Yes,No,Fiber optic,Month-to-month,77,No,0,2
4956,Male,0,No,11,Yes,No,Fiber optic,Month-to-month,20,No,0,1
4957,Male,0,No,2,Yes,No,Fiber optic,Month-to-month,21,No,0,1
4958,Male,0,Yes,1,Yes,No,DSL,Month-to-month,21,No,0,1
4959,Male,0,Yes,23,Yes,Yes,Fiber optic,Month-to-month,20,No,0,1
4960,Female,0,Yes,62,Yes,No,DSL,Month-to-month,101,No,0,2
4961,Female,0,No,7,Yes,Yes,Fiber optic,Month-to-month,79,No,0,0
4962,Female,0,Yes,71,Yes,No,DSL,Month-to-month,114,No,0,2
4963,Female,0,No,2,Yes,No,DSL,Month-to-month,87,Yes,1,0
4964,Female,0,Yes,72,Yes,No,DSL,Two year,69,No,0,2
4965,Female,0,Yes,71,Yes,Yes,Fiber optic,Month-to-month,20,No,0,1
4966,Male,1,No,12,Yes,No,DSL,Month-to-month,80,Yes,1,3
4967,Female,0,Yes,3,Yes,Yes,DSL,Month-to-month,44,Yes,1,1
4968,Female,0,No,21,Yes,Yes,DSL,Month-to-month,99,No,0,0
4969,Male,0,No,8,Yes,No,DSL,Two year,20,No,0,1
4970,Male,0,No,10,Yes,No,DSL,Month-to-month,20,No,0,1
4971,Male,0,No,3,Yes,No,DSL,One year,50,Yes,1,0
4972,Male,0,No,52,Yes,No,DSL,Month-to-month,84,Yes,1,2
4973,Male,0,No,58,Yes,Yes,DSL,Two year,19,No,0,1
4974,Female,0,No,36,Yes,Yes,Fiber optic,Month-to-month,76,No,0,0
4975,Male,0,No,61,Yes,No,DSL,Month-to-month,81,No,0,2
4976,Male,0,Yes,62,Yes,Yes,Fiber optic,Two year,20,No,0,1
4977,Female,1,No,72,Yes,No,DSL,Two year,115,No,0,3
4978,Female,0,No,59,Yes,No,DSL,One year,93,No,0,2
4979,Male,0,No,13,Yes,No,DSL,Month-to-month,20,No,0,1
4980,Male,0,Yes,34,Yes,Yes,DSL,Two year,90,No,0,2
4981,Female,0,Yes,1,Yes,Yes,DSL,One year,46,Yes,1,0
4982,Male,0,No,22,Yes,No,DSL,Month-to-month,54,Yes,1,0
4983,Female,0,No,71,Yes,Yes,Fiber optic,One year,24,No,0,1
4984,Male,1,No,49,Yes,No,DSL,Month-to-month,90,Yes,1,3
4985,Female,1,No,9,Yes,No,DSL,Month-to-month,90,No,0,3
4986,Male,0,No,4,Yes,Yes,DSL,Two year,78,Yes,1,0
4987,Male,0,Yes,72,Yes,Yes,Fiber optic,Month-to-month,25,No,0,1
4988,Female,0,No,25,Yes,Yes,DSL,Two year,100,Yes,1,0
4989,Male,1,No,1,No,No,DSL,One year,25,Yes,1,3
4990,Male,0,No,42,Yes,No,DSL,Month-to-month,20,No,0,1
4991,Female,1,No,35,Yes,No,DSL,Month-to-month,99,No,0,3
4992,Female,0,Yes,1,No,No,Fiber optic,One year,25,No,0,1
4993,Female,0,No,3,Yes,No,DSL,Month-to-month,19,No,0,1
4994,Male,0,No,44,Yes,No,DSL,Two year,60,No,0,2
4995,Male,0,Yes,45,Yes,No,Fiber optic,Month-to-month,95,No,0,2
4996,Male,0,Yes,1,No,Yes,Fiber optic,Month-to-month,30,Yes,1,1
4997,Male,0,No,71,Yes,Yes,DSL,Two year,91,No,0,2
4998,Female,0,No,18,Yes,No,DSL,Month-to-month,96,No,0,0
4999,Female,0,No,2,Yes,Yes,Fiber optic,One year,75,No,0,0
5000,Female,0,Yes,1,Yes,No,DSL,Two year,50,Yes,1,0
5001,Female,0,No,33,Yes,No,DSL,Month-to-month,100,No,0,0
5002,Male,0,No,72,Yes,No,DSL,Month-to-month,89,No,0,2
5003,Male,1,No,71,No,No,DSL,Two year,56,No,0,3
5004,Female,0,Yes,2,Yes,Yes,Fiber optic,Month-to-month,74,Yes,1,0
5005,Female,0,Yes,57,Yes,Yes,Fiber optic,Month-to-month,20,No,0,1
5006,Female,0,Yes,52,Yes,No,Fiber optic,One year,51,No,0,1
5007,Male,0,No,49,Yes,Yes,DSL,Month-to-month,104,Yes,1,2
5008,Female,0,No,1,Yes,No,DSL,Month-to-month,71,Yes,1,0
5009,Female,0,No,1,Yes,No,DSL,Two year,21,Yes,1,1
5010,Female,0,Yes,7,Yes,Yes,Fiber optic,One year,21,No,0,1
5011,Male,1,No,18,Yes,Yes,DSL,Two year,94,No,0,3
5012,Male,0,No,2,Yes,Yes,Fiber optic,Month-to-month,70,No,0,0
5013,Male,0,No,37,Yes,No,DSL,Month-to-month,55,No,0,1
5014,Male,0,No,1,Yes,No,DSL,Month-to-month,24,Yes,1,1
5015,Female,0,Yes,48,No,No,DSL,Month-to-month,45,No,0,1
5016,Male,0,No,37,Yes,Yes,DSL,Month-to-month,96,No,0,2
5017,Male,0,No,3,Yes,No,DSL,Month-to-month,74,No,0,0
5018,Male,0,No,35,Yes,No,DSL,One year,55,Yes,1,1
5019,Female,0,No,15,Yes,No,DSL,Two year,20,No,0,1
5020,Male,0,No,1,Yes,Yes,Fiber optic,Month-to-month,20,No,0,1
5021,Male,0,Yes,72,Yes,No,DSL,Two year,21,No,0,1
5022,Male,0,No,18,Yes,Yes,Fiber optic,One year,19,No,0,1
5023,Female,0,No,2,Yes,No,Fiber optic,Two year,86,Yes,1,0
5024,Male,0,No,35,Yes,No,Fiber optic,Month-to-month,55,No,0,1
5025,Female,0,No,11,Yes,Yes,DSL,Two year,49,Yes,1,0
5026,Female,1,No,26,Yes,No,Fiber optic,Month-to-month,79,No,0,3
5027,Male,1,No,37,Yes,No,DSL,One year,72,No,0,3
5028,Female,1,No,56,Yes,Yes,Fiber optic,Month-to-month,100,No,0,3
5029,Male,0,Yes,69,Yes,No,Fiber optic,Two year,60,No,0,2
5030,Female,0,Yes,71,Yes,No,DSL,Month-to-month,20,No,0,1
5031,Male,0,Yes,62,Yes,No,Fiber optic,Month-to-month,116,No,0,2
5032,Male,0,No,50,No,No,Fiber optic,Month-to-month,35,No,0,1
5033,Female,0,Yes,62,Yes,Yes,Fiber optic,Month-to-month,111,No,0,2
5034,Female,0,No,54,Yes,No,DSL,Month-to-month,100,No,0,2
5035,Male,0,No,63,Yes,No,DSL,One year,87,No,0,2
5036,Male,0,Yes,22,Yes,No,Fiber optic,Month-to-month,58,No,0,0
5037,Female,0,No,30,Yes,Yes,Fiber optic,Month-to-month,19,No,0,1
5038,Male,1,No,57,Yes,No,Fiber optic,Month-to-month,54,No,0,3
5039,Female,1,No,58,Yes,No,DSL,One year,98,No,0,3
5040,Male,1,No,55,No,No,Fiber optic,Month-to-month,45,No,0,3
5041,Female,0,No,37,Yes,Yes,Fiber optic,Month-to-month,102,Yes,1,2
5042,Male,0,No,2,Yes,No,DSL,One year,54,No,0,0
5043,Male,1,No,49,Yes,No,DSL,One year,88,No,0,3
5044,Male,1,No,24,Yes,Yes,Fiber optic,Month-to-month,79,Yes,1,3
5045,Female,0,No,29,Yes,No,Fiber optic,Month-to-month,55,No,0,0
5046,Male,0,No,1,Yes,Yes,Fiber optic,Month-to-month,45,Yes,1,0
5047,Male,0,No,72,Yes,No,DSL,Month-to-month,110,No,0,2
5048,Female,0,No,11,Yes,Yes,Fiber optic,Month-to-month,64,No,0,0
5049,Female,0,Yes,7,Yes,No,Fiber optic,One year,69,Yes,1,0
5050,Female,0,Yes,59,Yes,No,DSL,Month-to-month,21,No,0,1
5051,Female,0,No,68,Yes,Yes,Fiber optic,Two year,56,No,0,2
5052,Female,0,Yes,67,Yes,Yes,Fiber optic,Month-to-month,94,No,0,2
5053,Female,1,No,2,Yes,No,DSL,Month-to-month,79,Yes,1,3
5054,Male,1,No,31,Yes,Yes,Fiber optic,Month-to-month,91,No,0,3
5055,Male,0,Yes,16,Yes,No,DSL,One year,64,No,0,0
5056,Female,0,No,1,Yes,Yes,DSL,Two year,80,Yes,1,0
5057,Male,0,No,17,Yes,Yes,DSL,Two year,94,Yes,1,0
5058,Female,1,No,7,Yes,Yes,Fiber optic,Month-to-month,89,No,0,3
5059,Male,0,No,1,Yes,No,DSL,Month-to-month,21,No,0,1
5060,Female,0,No,10,No,Yes,Fiber optic,Month-to-month,36,No,0,1
5061,Female,0,No,2,Yes,No,DSL,Month-to-month,90,No,0,0
5062,Female,0,Yes,59,Yes,Yes,DSL,One year,90,No,0,2
5063,Female,1,No,3,Yes,No,DSL,Month-to-month,75,Yes,1,3
5064,Female,0,No,72,Yes,Yes,Fiber optic,Month-to-month,85,No,0,2
5065,Female,0,No,22,Yes,No,DSL,Month-to-month,89,No,0,0
5066,Male,0,No,13,Yes,Yes,DSL,One year,51,No,0,0
5067,Female,0,No,10,Yes,No,DSL,Two year,45,No,0,0
5068,Female,0,Yes,35,No,No,DSL,Month-to-month,46,No,0,1
5069,Male,0,No,71,Yes,No,DSL,Two year,99,No,0,2
5070,Male,1,No,32,Yes,Yes,Fiber optic,Month-to-month,75,Yes,1,3
5071,Male,0,No,5,Yes,No,Fiber optic,One year,56,No,0,0
5072,Female,1,No,31,Yes,No,Fiber optic,Month-to-month,85,No,0,3
5073,Male,0,No,46,Yes,Yes,Fiber optic,Month-to-month,45,No,0,1
5074,Female,1,No,20,Yes,No,DSL,One year,79,Yes,1,3
5075,Male,0,No,10,Yes,No,DSL,One year,80,No,0,0
5076,Male,0,Yes,47,Yes,No,Fiber optic,Month-to-month,107,Yes,1,2
5077,Female,0,No,23,Yes,No,Fiber optic,One year,90,No,0,0
5078,Female,0,No,21,Yes,No,DSL,Two year,94,No,0,0
5079,Female,0,No,63,Yes,Yes,Fiber optic,One year,90,No,0,2
5080,Female,1,No,2,Yes,Yes,Fiber optic,Month-to-month,50,Yes,1,3
5081,Female,0,No,5,Yes,Yes,Fiber optic,Two year,20,No,0,1
5082,Female,1,No,4,Yes,No,DSL,Two year,80,No,0,3
5083,Female,0,No,52,No,No,DSL,One year,66,No,0,2
5084,Male,0,No,26,Yes,No,DSL,Month-to-month,20,No,0,1
5085,Female,1,No,2,Yes,No,DSL,One year,70,Yes,1,3
5086,Female,0,No,1,Yes,No,DSL,Month-to-month,20,No,0,1
5087,Male,0,No,44,No,No,DSL,One year,54,No,0,1
5088,Male,0,No,2,No,No,DSL,Month-to-month,25,Yes,1,1
5089,Female,0,No,2,Yes,No,DSL,Two year,20,No,0,1
5090,Female,0,No,33,Yes,No,DSL,Month-to-month,108,No,0,2
5091,Male,0,No,30,Yes,Yes,Fiber optic,Month-to-month,95,No,0,0
5092,Female,1,No,14,Yes,No,DSL,Month-to-month,100,Yes,1,3
5093,Male,0,No,1,Yes,No,DSL,Month-to-month,20,Yes,1,1
5094,Male,0,No,12,Yes,Yes,DSL,Two year,95,No,0,0
5095,Male,0,No,41,Yes,Yes,Fiber optic,One year,89,No,0,2
5096,Male,0,Yes,9,Yes,No,DSL,One year,103,No,0,0
5097,Female,1,No,69,Yes,Yes,DSL,Two year,110,No,0,3
5098,Male,0,No,1,Yes,Yes,Fiber optic,Month-to-month,80,Yes,1,0
5099,Male,0,No,2,Yes,Yes,Fiber optic,Month-to-month,20,No,0,1
5100,Female,0,No,2,Yes,No,DSL,Month-to-month,49,Yes,1,0
5101,Male,0,No,30,Yes,No,Fiber optic,Month-to-month,56,No,0,0
5102,Female,0,No,51,Yes,Yes,Fiber optic,Month-to-month,94,No,0,2
5103,Female,1,No,50,Yes,Yes,Fiber optic,Two year,101,No,0,3
5104,Female,0,No,69,Yes,No,Fiber optic,One year,24,No,0,1
5105,Female,0,No,70,Yes,No,DSL,Two year,110,No,0,2
5106,Male,0,No,52,Yes,No,Fiber optic,One year,61,No,0,2
5107,Male,0,No,18,Yes,No,DSL,Month-to-month,49,Yes,1,0
5108,Male,0,No,46,Yes,No,DSL,Month-to-month,89,No,0,2
5109,Male,0,Yes,55,Yes,No,DSL,Month-to-month,19,No,0,1
5110,Female,1,No,5,Yes,No,DSL,Two year,76,Yes,1,3
5111,Female,1,No,3,Yes,Yes,Fiber optic,Month-to-month,87,Yes,1,3
5112,Male,0,No,6,Yes,No,Fiber optic,Month-to-month,19,No,0,1
5113,Male,0,Yes,70,Yes,No,DSL,Month-to-month,84,No,0,2
5114,Female,0,Yes,59,Yes,Yes,Fiber optic,Two year,72,No,0,2
5115,Female,0,No,40,No,Yes,Fiber optic,Month-to-month,55,No,0,1
5116,Male,0,No,71,Yes,No,DSL,Two year,20,No,0,1
5117,Male,0,No,5,Yes,No,Fiber optic,Month-to-month,80,No,0,0
5118,Female,0,Yes,10,Yes,No,DSL,Two year,86,No,0,0
5119,Female,1,Yes,65,Yes,Yes,Fiber optic,Month-to-month,107,No,0,3
5120,Male,0,No,5,No,No,Fiber optic,Month-to-month,24,No,0,1
5121,Male,0,Yes,1,Yes,No,DSL,One year,50,No,0,0
5122,Male,0,Yes,57,Yes,Yes,DSL,One year,19,No,0,1
5123,Female,0,No,62,Yes,No,DSL,Month-to-month,81,No,0,2
5124,Male,1,No,30,Yes,No,Fiber optic,Month-to-month,69,No,0,3
5125,Male,0,No,29,No,No,DSL,Two year,34,No,0,1
5126,Female,0,Yes,56,Yes,Yes,Fiber optic,Month-to-month,25,No,0,1
5127,Male,0,No,58,No,Yes,Fiber optic,Month-to-month,45,No,0,1
5128,Male,1,No,35,Yes,Yes,Fiber optic,One year,73,No,0,3
5129,Male,0,Yes,67,Yes,Yes,Fiber optic,Month-to-month,105,No,0,2
5130,Female,0,No,70,Yes,No,Fiber optic,Month-to-month,85,No,0,2
5131,Male,0,Yes,24,Yes,No,DSL,Month-to-month,56,No,0,1
5132,Male,0,No,34,Yes,Yes,Fiber optic,Month-to-month,57,No,0,0
5133,Female,1,No,71,Yes,Yes,DSL,One year,100,No,0,3
5134,Female,1,No,4,Yes,Yes,Fiber optic,Month-to-month,83,No,0,3
5135,Male,0,No,12,Yes,Yes,Fiber optic,Month-to-month,81,Yes,1,0
5136,Male,0,No,15,Yes,No,DSL,Month-to-month,52,Yes,1,0
5137,Male,0,Yes,46,Yes,Yes,Fiber optic,Month-to-month,25,No,0,1
5138,Male,0,Yes,44,Yes,Yes,Fiber optic,Month-to-month,62,No,0,2
5139,Male,0,No,40,Yes,Yes,Fiber optic,Two year,103,No,0,2
5140,Female,1,No,14,Yes,Yes,DSL,Two year,105,Yes,1,3
5141,Female,1,No,68,Yes,No,Fiber optic,Month-to-month,61,No,0,3
5142,Male,0,No,33,Yes,No,DSL,Month-to-month,61,No,0,0
5143,Female,0,Yes,29,Yes,Yes,Fiber optic,One year,20,No,0,1
5144,Female,0,No,59,Yes,No,DSL,One year,107,No,0,2
5145,Male,0,No,25,Yes,No,DSL,Month-to-month,74,No,0,0
5146,Female,0,No,7,Yes,Yes,DSL,One year,69,No,0,0
5147,Male,1,No,16,Yes,Yes,Fiber optic,Month-to-month,70,No,0,3
5148,Male,0,Yes,38,Yes,No,DSL,Month-to-month,74,No,0,2
5149,Female,0,No,10,Yes,Yes,Fiber optic,Two year,68,No,0,0
5150,Male,0,No,69,Yes,No,DSL,Two year,20,No,0,1
5151,Male,1,No,54,No,No,DSL,Month-to-month,55,No,0,3
5152,Female,0,Yes,53,Yes,No,DSL,Month-to-month,85,No,0,2
5153,Male,0,Yes,1,Yes,Yes,DSL,Two year,20,Yes,1,1
5154,Female,0,No,41,Yes,No,Fiber optic,Month-to-month,75,No,0,2
5155,Female,0,Yes,31,Yes,Yes,Fiber optic,Month-to-month,20,No,0,1
5156,Male,1,No,20,Yes,No,Fiber optic,One year,107,No,0,3
5157,Male,0,Yes,19,No,No,DSL,One year,25,No,0,1
5158,Female,0,No,50,Yes,No,DSL,Two year,76,No,0,2
5159,Male,0,Yes,27,Yes,Yes,DSL,Two year,20,No,0,1
5160,Male,0,No,54,Yes,Yes,Fiber optic,Month-to-month,110,Yes,1,2
5161,Female,1,No,42,Yes,No,Fiber optic,Month-to-month,95,No,0,3
5162,Female,0,Yes,1,Yes,No,DSL,Month-to-month,19,No,0,1
5163,Male,0,Yes,12,Yes,No,DSL,Month-to-month,19,No,0,1
5164,Male,0,Yes,49,Yes,No,DSL,Month-to-month,101,Yes,1,2
5165,Male,0,No,27,Yes,Yes,DSL,Month-to-month,69,No,0,0
5166,Female,0,No,24,Yes,No,Fiber optic,Month-to-month,20,No,0,1
5167,Male,0,Yes,67,Yes,Yes,Fiber optic,One year,105,No,0,2
5168,Female,0,No,2,Yes,No,DSL,Two year,45,No,0,0
5169,Male,0,No,72,Yes,No,Fiber optic,Month-to-month,114,No,0,2
5170,Female,1,No,52,Yes,No,DSL,One year,106,No,0,3
5171,Male,0,No,10,Yes,No,DSL,Month-to-month,74,Yes,1,0
5172,Male,1,No,72,Yes,No,DSL,Month-to-month,74,No,0,3
5173,Female,0,No,7,Yes,No,DSL,Two year,75,Yes,1,0
5174,Male,1,Yes,72,Yes,No,DSL,Month-to-month,116,No,0,3
5175,Female,0,Yes,51,Yes,No,Fiber optic,Month-to-month,81,No,0,2
5176,Female,1,No,26,Yes,No,DSL,One year,98,No,0,3
5177,Female,1,No,52,Yes,No,DSL,Month-to-month,109,No,0,3
5178,Male,0,Yes,47,Yes,Yes,Fiber optic,Month-to-month,21,No,0,1
5179,Male,0,No,36,Yes,Yes,Fiber optic,One year,19,No,0,1
5180,Female,0,No,3,Yes,No,DSL,Month-to-month,20,Yes,1,1
5181,Female,1,No,1,Yes,No,DSL,Two year,71,No,0,3
5182,Male,1,No,12,No,Yes,DSL,Two year,44,Yes,1,3
5183,Male,0,No,72,Yes,Yes,DSL,One year,112,No,0,2
5184,Male,0,No,12,Yes,Yes,Fiber optic,Month-to-month,20,No,0,1
5185,Male,1,No,1,Yes,Yes,Fiber optic,Two year,95,Yes,1,3
5186,Male,0,No,30,Yes,No,DSL,One year,70,No,0,0
5187,Female,0,No,42,Yes,No,DSL,Month-to-month,50,No,0,1
5188,Male,0,No,3,Yes,Yes,Fiber optic,Month-to-month,69,Yes,1,0
5189,Male,1,No,13,Yes,Yes,Fiber optic,Month-to-month,89,Yes,1,3
5190,Female,0,No,12,Yes,Yes,DSL,Month-to-month,100,Yes,1,0
5191,Male,1,No,57,Yes,Yes,Fiber optic,Month-to-month,101,Yes,1,3
5192,Male,1,No,32,Yes,Yes,DSL,Two year,85,Yes,1,3
5193,Male,0,No,68,Yes,No,DSL,Two year,77,No,0,2
5194,Female,0,Yes,8,Yes,Yes,DSL,Two year,20,No,0,1
5195,Female,0,No,1,Yes,No,Fiber optic,Month-to-month,20,Yes,1,1
5196,Male,0,Yes,46,Yes,No,DSL,Two year,20,No,0,1
5197,Male,0,No,10,Yes,Yes,Fiber optic,One year,95,No,0,0
5198,Male,1,No,4,No,Yes,Fiber optic,Two year,30,No,0,3
5199,Male,1,No,1,Yes,Yes,Fiber optic,Month-to-month,46,No,0,3
5200,Female,1,No,4,Yes,Yes,Fiber optic,One year,85,Yes,1,3
5201,Female,0,No,68,Yes,Yes,Fiber optic,One year,20,No,0,1
5202,Male,0,Yes,58,Yes,No,DSL,One year,94,No,0,2
5203,Male,0,No,1,No,Yes,Fiber optic,Two year,24,No,0,1
5204,Male,1,No,12,Yes,No,DSL,Month-to-month,73,No,0,3
5205,Male,0,Yes,72,Yes,No,DSL,Month-to-month,114,No,0,2
5206,Female,0,No,5,Yes,Yes,Fiber optic,Month-to-month,100,Yes,1,0
5207,Female,0,Yes,20,Yes,No,DSL,Two year,20,No,0,1
5208,Male,0,Yes,27,Yes,No,DSL,Month-to-month,19,No,0,1
5209,Female,0,No,31,Yes,No,DSL,Month-to-month,85,No,0,0
5210,Female,0,No,70,Yes,Yes,Fiber optic,Two year,98,No,0,2
5211,Male,0,Yes,67,Yes,No,DSL,One year,69,No,0,2
5212,Male,0,No,3,Yes,Yes,Fiber optic,Month-to-month,50,No,0,0
5213,Male,0,No,1,Yes,No,DSL,Two year,20,Yes,1,1
5214,Male,0,Yes,28,Yes,Yes,Fiber optic,Month-to-month,54,No,0,1
5215,Male,0,Yes,29,Yes,No,Fiber optic,Month-to-month,20,No,0,1
5216,Female,0,No,4,Yes,No,DSL,Month-to-month,75,Yes,1,0
5217,Female,0,No,50,Yes,No,DSL,One year,80,No,0,2
5218,Female,1,No,34,Yes,Yes,DSL,Month-to-month,64,No,0,3
5219,Male,0,Yes,67,Yes,No,DSL,One year,90,No,0,2
5220,Male,0,Yes,72,Yes,No,DSL,Month-to-month,104,No,0,2
5221,Female,1,No,4,Yes,No,DSL,One year,100,Yes,1,3
5222,Female,1,No,7,Yes,Yes,Fiber optic,One year,84,No,0,3
5223,Female,0,No,47,Yes,Yes,DSL,Month-to-month,104,No,0,2
5224,Female,0,Yes,11,Yes,Yes,DSL,Two year,51,No,0,0
5225,Male,0,No,40,Yes,Yes,Fiber optic,One year,105,Yes,1,2
5226,Male,1,No,40,Yes,Yes,Fiber optic,One year,102,Yes,1,3
5227,Female,0,No,41,Yes,No,DSL,Month-to-month,20,No,0,1
5228,Male,0,No,31,Yes,Yes,Fiber optic,Month-to-month,94,No,0,0
5229,Male,0,No,62,Yes,No,DSL,Month-to-month,23,No,0,1
5230,Female,0,No,61,Yes,Yes,Fiber optic,One year,104,No,0,2
5231,Female,0,Yes,67,No,Yes,Fiber optic,Two year,36,No,0,1
5232,Female,1,No,72,Yes,Yes,Fiber optic,Month-to-month,24,No,0,3
5233,Male,0,No,62,No,No,DSL,Month-to-month,39,No,0,1
5234,Female,1,No,2,Yes,No,Fiber optic,Month-to-month,70,Yes,1,3
5235,Female,0,No,59,Yes,Yes,Fiber optic,One year,100,No,0,2
5236,Male,0,No,4,Yes,Yes,Fiber optic,Month-to-month,56,No,0,0
5237,Male,0,No,72,Yes,No,Fiber optic,One year,90,No,0,2
5238,Male,0,Yes,70,Yes,No,DSL,Month-to-month,65,No,0,2
5239,Male,0,No,71,Yes,No,DSL,One year,24,No,0,1
5240,Male,0,Yes,38,Yes,No,Fiber optic,One year,99,Yes,1,2
5241,Male,1,No,19,Yes,No,Fiber optic,Two year,91,Yes,1,3
5242,Male,0,No,3,Yes,No,DSL,One year,70,Yes,1,0
5243,Female,0,Yes,4,Yes,Yes,Fiber optic,Month-to-month,58,No,0,0
5244,Female,0,No,4,Yes,No,Fiber optic,One year,46,Yes,1,0
5245,Male,0,Yes,18,Yes,Yes,Fiber optic,Month-to-month,95,Yes,1,0
5246,Male,0,No,51,Yes,No,DSL,Two year,25,No,0,1
5247,Female,0,No,13,Yes,No,Fiber optic,Month-to-month,85,Yes,1,0
5248,Male,0,No,3,Yes,Yes,Fiber optic,Month-to-month,80,No,0,0
5249,Female,1,No,10,Yes,No,DSL,Two year,85,Yes,1,3
5250,Male,0,No,61,Yes,No,DSL,Two year,99,No,0,2
5251,Male,0,No,12,Yes,Yes,Fiber optic,Month-to-month,20,No,0,1
5252,Male,0,Yes,31,No,No,Fiber optic,Month-to-month,35,Yes,1,1
5253,Male,0,No,1,Yes,Yes,Fiber optic,Month-to-month,20,No,0,1
5254,Male,0,No,72,No,No,DSL,One year,66,No,0,2
5255,Male,1,No,14,Yes,Yes,Fiber optic,Two year,90,Yes,1,3
5256,Male,0,No,11,Yes,Yes,Fiber optic,Month-to-month,80,Yes,1,0
5257,Male,1,Yes,56,Yes,Yes,Fiber optic,Two year,95,No,0,3
5258,Male,0,No,31,Yes,Yes,Fiber optic,Month-to-month,81,No,0,0
5259,Male,0,No,4,Yes,Yes,Fiber optic,One year,20,No,0,1
5260,Male,1,No,21,Yes,Yes,Fiber optic,Month-to-month,65,No,0,3
5261,Female,0,Yes,22,Yes,Yes,Fiber optic,Month-to-month,21,No,0,1
5262,Male,0,Yes,1,Yes,Yes,Fiber optic,Two year,70,Yes,1,0
5263,Male,1,No,23,Yes,Yes,DSL,One year,90,No,0,3
5264,Female,0,No,29,No,No,DSL,Month-to-month,40,No,0,1
5265,Male,1,No,47,Yes,No,DSL,One year,60,No,0,3
5266,Female,1,No,65,Yes,Yes,Fiber optic,One year,109,No,0,3
5267,Female,0,No,1,No,No,DSL,One year,30,No,0,1
5268,Male,0,Yes,8,Yes,No,DSL,One year,54,No,0,0
5269,Female,0,Yes,24,Yes,Yes,DSL,Two year,83,No,0,0
5270,Male,1,No,9,Yes,No,DSL,Month-to-month,84,Yes,1,3
5271,Male,1,No,5,Yes,No,DSL,Month-to-month,50,Yes,1,3
5272,Female,1,No,25,Yes,No,DSL,Month-to-month,90,Yes,1,3
5273,Female,0,No,2,Yes,Yes,Fiber optic,Month-to-month,69,Yes,1,0
5274,Female,0,Yes,6,Yes,No,DSL,Two year,20,No,0,1
5275,Male,0,Yes,41,Yes,Yes,Fiber optic,One year,20,No,0,1
5276,Female,0,No,11,Yes,Yes,DSL,Month-to-month,45,No,0,0
5277,Female,1,No,29,Yes,No,DSL,One year,99,Yes,1,3
5278,Female,0,Yes,30,Yes,No,Fiber optic,Month-to-month,20,No,0,1
5279,Female,0,Yes,72,Yes,Yes,Fiber optic,Month-to-month,116,No,0,2
5280,Male,0,Yes,70,Yes,Yes,DSL,Two year,98,No,0,2
5281,Female,0,No,25,Yes,Yes,DSL,One year,54,No,0,0
5282,Female,0,Yes,12,No,Yes,DSL,Two year,29,Yes,1,1
5283,Female,0,No,12,Yes,Yes,Fiber optic,Month-to-month,20,No,0,1
5284,Female,0,No,63,Yes,No,DSL,Month-to-month,108,Yes,1,2
5285,Female,0,No,47,Yes,No,DSL,Month-to-month,99,Yes,1,2
5286,Male,0,No,72,Yes,No,DSL,Two year,99,No,0,2
5287,Female,0,No,18,Yes,No,Fiber optic,Month-to-month,50,No,0,0
5288,Female,0,No,71,Yes,No,DSL,Month-to-month,85,No,0,2
5289,Male,0,No,1,Yes,No,Fiber optic,Month-to-month,75,Yes,1,0
5290,Male,0,Yes,42,Yes,Yes,Fiber optic,One year,54,No,0,1
5291,Female,0,No,19,Yes,No,DSL,Two year,89,No,0,0
5292,Male,0,Yes,72,Yes,Yes,Fiber optic,One year,105,No,0,2
5293,Female,0,No,70,Yes,No,DSL,One year,114,No,0,2
5294,Female,1,Yes,56,Yes,Yes,Fiber optic,One year,73,No,0,3
5295,Female,0,No,46,No,Yes,Fiber optic,Two year,46,No,0,1
5296,Female,0,No,2,Yes,Yes,Fiber optic,Month-to-month,20,No,0,1
5297,Female,0,Yes,72,Yes,No,DSL,One year,108,No,0,2
5298,Male,1,No,69,Yes,No,DSL,Two year,85,No,0,3
5299,Female,0,No,1,Yes,Yes,Fiber optic,Month-to-month,20,No,0,1
5300,Female,0,No,53,Yes,Yes,Fiber optic,Month-to-month,21,Yes,1,1
5301,Female,0,No,29,Yes,No,Fiber optic,Month-to-month,20,No,0,1
5302,Male,0,No,35,No,Yes,Fiber optic,Month-to-month,49,No,0,1
5303,Male,0,No,9,Yes,No,DSL,Month-to-month,88,No,0,0
5304,Male,0,No,19,Yes,No,DSL,Month-to-month,89,No,0,0
5305,Female,0,No,61,Yes,No,Fiber optic,Month-to-month,115,No,0,2
5306,Male,0,No,8,Yes,No,DSL,Two year,55,No,0,0
5307,Female,0,No,29,Yes,Yes,Fiber optic,Month-to-month,101,No,0,0
5308,Male,0,No,72,Yes,No,Fiber optic,Month-to-month,108,No,0,2
5309,Male,0,Yes,1,Yes,No,DSL,Two year,100,Yes,1,0
5310,Female,0,No,7,Yes,No,DSL,Two year,67,No,0,0
5311,Male,0,No,16,Yes,Yes,DSL,Month-to-month,49,No,0,0
5312,Male,0,Yes,21,No,No,DSL,Month-to-month,26,No,0,1
5313,Female,0,No,7,No,No,DSL,Month-to-month,40,Yes,1,1
5314,Male,1,No,7,Yes,No,Fiber optic,Month-to-month,90,Yes,1,3
5315,Male,0,Yes,32,Yes,No,DSL,Two year,91,No,0,2
5316,Male,0,No,67,Yes,No,DSL,Month-to-month,116,Yes,1,2
5317,Female,0,Yes,67,Yes,Yes,Fiber optic,One year,109,No,0,2
5318,Male,0,No,24,Yes,No,DSL,Month-to-month,55,No,0,0
5319,Male,0,No,17,Yes,No,DSL,Two year,21,No,0,1
5320,Male,0,No,24,Yes,Yes,Fiber optic,Two year,50,No,0,0
5321,Male,0,No,28,Yes,No,DSL,Two year,97,No,0,0
5322,Female,1,No,38,Yes,No,Fiber optic,One year,95,No,0,3
5323,Female,0,Yes,38,Yes,No,DSL,Month-to-month,80,Yes,1,2
5324,Male,0,No,1,Yes,Yes,Fiber optic,One year,79,Yes,1,0
5325,Male,0,Yes,72,Yes,Yes,DSL,One year,103,Yes,1,2
5326,Female,0,No,8,Yes,No,DSL,One year,101,Yes,1,0
5327,Male,1,No,62,Yes,No,DSL,Month-to-month,90,No,0,3
5328,Male,0,No,67,Yes,No,DSL,Two year,88,No,0,2
5329,Female,0,Yes,18,Yes,Yes,DSL,One year,20,No,0,1
5330,Male,0,No,2,Yes,No,DSL,Month-to-month,64,No,0,0
5331,Male,0,Yes,33,No,No,Fiber optic,Month-to-month,34,No,0,1
5332,Female,0,No,71,Yes,No,DSL,Two year,24,No,0,1
5333,Female,0,No,7,Yes,No,DSL,One year,21,No,0,1
5334,Male,0,No,5,Yes,No,Fiber optic,Month-to-month,70,Yes,1,0
5335,Female,0,Yes,17,Yes,Yes,Fiber optic,Two year,93,No,0,0
5336,Male,0,No,12,Yes,No,Fiber optic,One year,20,No,0,1
5337,Female,1,No,50,Yes,No,DSL,Month-to-month,109,No,0,3
5338,Male,0,No,45,Yes,No,DSL,Month-to-month,51,No,0,1
5339,Male,0,No,56,Yes,No,DSL,Two year,99,No,0,2
5340,Female,0,Yes,59,Yes,Yes,Fiber optic,Month-to-month,76,No,0,2
5341,Male,0,No,1,Yes,Yes,DSL,One year,87,Yes,1,0
5342,Male,0,No,1,Yes,Yes,Fiber optic,Month-to-month,81,Yes,1,0
5343,Male,0,Yes,67,Yes,No,DSL,Month-to-month,90,No,0,2
5344,Male,0,Yes,39,No,No,DSL,Two year,45,No,0,1
5345,Female,0,Yes,36,Yes,No,DSL,Two year,93,No,0,2
5346,Female,0,Yes,72,Yes,No,Fiber optic,Month-to-month,70,No,0,2
5347,Male,1,No,66,Yes,Yes,DSL,Two year,100,Yes,1,3
5348,Female,0,No,9,Yes,Yes,Fiber optic,Two year,20,No,0,1
5349,Female,0,No,68,Yes,No,DSL,One year,26,No,0,1
5350,Male,0,No,7,Yes,Yes,Fiber optic,Two year,24,No,0,1
5351,Male,0,No,1,Yes,Yes,DSL,Two year,20,No,0,1
5352,Male,0,No,4,Yes,No,Fiber optic,One year,50,Yes,1,0
5353,Male,0,No,39,Yes,No,Fiber optic,Month-to-month,73,No,0,2
5354,Female,0,Yes,7,Yes,No,DSL,Month-to-month,21,No,0,1
5355,Male,1,No,72,Yes,No,Fiber optic,Month-to-month,84,No,0,3
5356,Male,1,No,46,Yes,Yes,Fiber optic,Month-to-month,101,Yes,1,3
5357,Male,0,Yes,61,Yes,No,DSL,One year,98,No,0,2
5358,Male,0,No,20,Yes,No,DSL,Two year,20,No,0,1
5359,Male,0,No,43,Yes,No,DSL,Month-to-month,100,Yes,1,2
5360,Male,0,Yes,62,Yes,No,DSL,Month-to-month,21,No,0,1
5361,Female,0,Yes,69,No,Yes,Fiber optic,Month-to-month,46,No,0,2
5362,Male,0,Yes,2,Yes,No,DSL,One year,61,No,0,0
5363,Male,1,No,32,Yes,Yes,DSL,Two year,81,No,0,3
5364,Male,0,No,10,Yes,Yes,DSL,Two year,104,Yes,1,0
5365,Male,0,Yes,68,Yes,Yes,Fiber optic,Month-to-month,100,No,0,2
5366,Male,0,No,13,Yes,No,DSL,Two year,75,Yes,1,0
5367,Male,0,No,2,Yes,No,DSL,Two year,54,Yes,1,0
5368,Male,0,No,34,Yes,Yes,DSL,Two year,26,No,0,1
5369,Female,0,Yes,72,Yes,No,Fiber optic,Month-to-month,90,No,0,2
5370,Male,0,No,64,Yes,No,DSL,Month-to-month,105,No,0,2
5371,Male,0,Yes,60,Yes,Yes,Fiber optic,Month-to-month,21,No,0,1
5372,Female,0,No,3,Yes,Yes,Fiber optic,One year,65,No,0,0
5373,Female,0,No,2,Yes,Yes,Fiber optic,Month-to-month,70,No,0,0
5374,Female,0,No,65,Yes,No,Fiber optic,Two year,96,No,0,2
5375,Male,0,Yes,50,Yes,Yes,Fiber optic,Month-to-month,25,No,0,1
5376,Female,0,No,63,Yes,No,DSL,Month-to-month,81,No,0,2
5377,Female,1,No,60,Yes,Yes,DSL,One year,89,No,0,3
5378,Female,0,No,22,Yes,No,DSL,Month-to-month,26,No,0,1
5379,Female,1,No,8,Yes,Yes,DSL,Two year,81,Yes,1,3
5380,Female,0,No,23,Yes,Yes,Fiber optic,One year,74,No,0,0
5381,Male,0,No,4,Yes,No,Fiber optic,Month-to-month,74,Yes,1,0
5382,Male,1,No,2,Yes,Yes,Fiber optic,Month-to-month,19,No,0,3
5383,Female,0,Yes,20,Yes,No,DSL,One year,20,No,0,1
5384,Female,0,Yes,0,Yes,Yes,Fiber optic,Month-to-month,81,No,0,0
5385,Female,0,Yes,2,Yes,Yes,DSL,Month-to-month,20,Yes,1,1
5386,Female,0,No,62,Yes,Yes,Fiber optic,Month-to-month,26,No,0,1
5387,Female,1,No,14,Yes,No,DSL,Month-to-month,80,No,0,3
5388,Female,0,No,56,Yes,No,DSL,Month-to-month,20,No,0,1
5389,Female,1,No,34,Yes,No,DSL,Month-to-month,94,Yes,1,3
5390,Male,0,No,63,Yes,No,Fiber optic,Month-to-month,90,No,0,2
5391,Female,0,Yes,49,No,Yes,Fiber optic,Month-to-month,36,No,0,1
5392,Male,0,No,34,Yes,No,DSL,One year,101,No,0,2
5393,Male,0,No,1,Yes,No,DSL,Two year,44,No,0,0
5394,Male,0,Yes,72,Yes,No,Fiber optic,Month-to-month,91,No,0,2
5395,Male,0,Yes,13,Yes,Yes,Fiber optic,Month-to-month,50,No,0,1
5396,Female,0,Yes,68,Yes,No,Fiber optic,Month-to-month,83,Yes,1,2
5397,Female,0,No,4,Yes,No,DSL,One year,70,Yes,1,0
5398,Male,0,No,18,Yes,No,Fiber optic,Month-to-month,55,No,0,0
5399,Male,0,No,19,Yes,No,DSL,Month-to-month,100,Yes,1,0
5400,Female,1,No,40,Yes,No,DSL,One year,79,Yes,1,3
5401,Female,0,Yes,14,Yes,No,Fiber optic,Month-to-month,20,No,0,1
5402,Female,0,No,46,Yes,No,DSL,Two year,45,No,0,1
5403,Male,0,No,1,Yes,No,DSL,Two year,85,Yes,1,0
5404,Female,0,No,8,Yes,Yes,DSL,Month-to-month,65,No,0,0
5405,Male,0,Yes,23,Yes,No,Fiber optic,One year,60,No,0,0
5406,Female,1,No,56,Yes,Yes,Fiber optic,One year,73,No,0,3
5407,Male,0,No,3,Yes,Yes,Fiber optic,Two year,84,No,0,0
5408,Female,0,No,55,Yes,No,DSL,Two year,65,No,0,2
5409,Male,0,No,4,Yes,Yes,DSL,Two year,49,No,0,0
5410,Female,0,Yes,72,No,Yes,Fiber optic,Month-to-month,65,No,0,2
5411,Female,0,No,17,Yes,No,Fiber optic,Two year,19,No,0,1
5412,Female,0,Yes,65,Yes,No,DSL,Month-to-month,99,No,0,2
5413,Male,0,No,1,Yes,Yes,Fiber optic,One year,20,Yes,1,1
5414,Female,0,No,52,Yes,No,Fiber optic,Month-to-month,80,No,0,2
5415,Male,0,No,25,Yes,Yes,Fiber optic,One year,20,No,0,1
5416,Female,0,No,58,Yes,Yes,DSL,Month-to-month,94,No,0,2
5417,Female,0,No,71,No,No,Fiber optic,One year,48,No,0,2
5418,Male,0,No,3,Yes,No,DSL,Two year,74,No,0,0
5419,Male,0,Yes,17,Yes,Yes,Fiber optic,Month-to-month,67,No,0,0
5420,Male,0,No,1,Yes,Yes,Fiber optic,Two year,70,No,0,0
5421,Male,0,No,17,Yes,Yes,Fiber optic,Two year,80,No,0,0
5422,Female,0,Yes,13,Yes,No,DSL,Two year,54,No,0,0
5423,Female,1,No,1,Yes,No,DSL,Two year,70,Yes,1,3
5424,Male,0,No,29,Yes,No,Fiber optic,Month-to-month,59,No,0,0
5425,Female,0,No,57,Yes,Yes,Fiber optic,Two year,113,Yes,1,2
5426,Female,0,No,12,Yes,Yes,Fiber optic,Month-to-month,51,No,0,0
5427,Male,1,No,13,Yes,Yes,DSL,Two year,90,Yes,1,3
5428,Male,0,No,53,Yes,Yes,Fiber optic,Month-to-month,25,No,0,1
5429,Male,0,No,57,Yes,No,Fiber optic,Month-to-month,60,No,0,2
5430,Female,1,No,65,Yes,Yes,DSL,Two year,106,Yes,1,3
5431,Female,0,No,4,Yes,Yes,DSL,Month-to-month,60,Yes,1,0
5432,Female,1,No,13,Yes,No,DSL,One year,55,No,0,3
5433,Female,0,Yes,8,Yes,No,DSL,Month-to-month,19,No,0,1
5434,Female,0,No,60,Yes,No,Fiber optic,One year,106,No,0,2
5435,Female,0,No,15,Yes,Yes,Fiber optic,Month-to-month,88,Yes,1,0
5436,Female,0,No,1,Yes,No,Fiber optic,One year,70,Yes,1,0
5437,Female,0,No,4,Yes,No,DSL,Month-to-month,20,No,0,1
5438,Male,0,Yes,34,No,Yes,DSL,Month-to-month,30,No,0,1
5439,Male,0,Yes,1,Yes,No,Fiber optic,Month-to-month,45,No,0,1
5440,Female,1,No,35,Yes,Yes,Fiber optic,Month-to-month,108,No,0,3
5441,Male,0,Yes,2,Yes,No,DSL,Month-to-month,55,No,0,0
5442,Female,0,Yes,34,Yes,Yes,DSL,Two year,21,No,0,1
5443,Male,0,No,15,Yes,Yes,DSL,Two year,20,No,0,1
5444,Female,0,No,42,Yes,No,DSL,Month-to-month,66,No,0,2
5445,Female,0,No,70,Yes,Yes,Fiber optic,Month-to-month,20,No,0,1
5446,Male,0,Yes,34,Yes,Yes,Fiber optic,Two year,79,No,0,2
5447,Male,0,No,1,Yes,No,DSL,Month-to-month,20,Yes,1,1
5448,Male,1,No,42,Yes,No,DSL,Month-to-month,79,No,0,3
5449,Female,0,No,1,Yes,Yes,Fiber optic,One year,19,No,0,1
5450,Female,0,Yes,57,Yes,No,Fiber optic,Two year,53,No,0,2
5451,Female,0,No,14,Yes,Yes,Fiber optic,Month-to-month,65,Yes,1,0
5452,Male,0,No,10,Yes,Yes,Fiber optic,One year,57,No,0,0
5453,Female,0,No,22,Yes,No,DSL,One year,65,No,0,0
5454,Female,0,No,15,Yes,No,DSL,Two year,20,Yes,1,1
5455,Male,0,No,60,Yes,No,Fiber optic,Month-to-month,24,No,0,1
5456,Male,1,No,9,Yes,No,DSL,Month-to-month,99,Yes,1,3
5457,Male,0,No,59,Yes,No,DSL,Month-to-month,61,No,0,2
5458,Male,0,No,34,Yes,No,DSL,Month-to-month,106,Yes,1,2
5459,Female,0,No,1,Yes,No,DSL,Month-to-month,100,Yes,1,0
5460,Female,0,No,48,Yes,No,Fiber optic,Month-to-month,97,No,0,2
5461,Male,0,Yes,71,Yes,No,DSL,Two year,90,No,0,2
5462,Female,0,Yes,71,No,No,DSL,Two year,60,No,0,2
5463,Female,0,No,9,Yes,Yes,DSL,One year,44,Yes,1,0
5464,Female,0,No,10,Yes,No,DSL,Month-to-month,24,No,0,1
5465,Female,0,No,72,Yes,No,DSL,Two year,115,No,0,2
5466,Male,0,No,3,No,No,DSL,One year,30,No,0,1
5467,Male,0,No,57,No,No,DSL,One year,54,No,0,2
5468,Female,0,No,35,Yes,Yes,Fiber optic,One year,57,No,0,0
5469,Male,0,No,50,Yes,No,Fiber optic,Month-to-month,70,No,0,2
5470,Male,0,No,9,Yes,No,Fiber optic,Month-to-month,86,No,0,0
5471,Male,0,Yes,12,Yes,No,Fiber optic,Two year,49,No,0,1
5472,Male,1,No,60,Yes,Yes,Fiber optic,Month-to-month,98,No,0,3
5473,Male,0,No,46,No,Yes,DSL,Month-to-month,30,Yes,1,1
5474,Female,0,No,12,No,No,DSL,Month-to-month,34,No,0,1
5475,Female,0,No,11,Yes,Yes,Fiber optic,Month-to-month,54,No,0,0
5476,Male,0,No,39,No,Yes,DSL,Month-to-month,41,No,0,1
5477,Male,0,Yes,50,Yes,No,Fiber optic,Month-to-month,104,Yes,1,2
5478,Female,0,No,19,Yes,Yes,DSL,Two year,87,No,0,0
5479,Male,0,Yes,72,Yes,No,Fiber optic,Two year,105,No,0,2
5480,Male,1,No,7,Yes,No,Fiber optic,Month-to-month,96,Yes,1,3
5481,Male,0,No,37,Yes,No,DSL,Month-to-month,67,No,0,0
5482,Male,0,Yes,31,Yes,Yes,Fiber optic,Month-to-month,26,No,0,1
5483,Female,0,No,1,Yes,No,DSL,One year,70,Yes,1,0
5484,Female,1,No,72,Yes,Yes,Fiber optic,Month-to-month,112,No,0,3
5485,Female,0,Yes,32,Yes,Yes,Fiber optic,Two year,61,No,0,0
5486,Male,0,No,46,Yes,No,DSL,Month-to-month,73,No,0,2
5487,Female,0,No,27,Yes,Yes,DSL,Two year,96,No,0,0
5488,Male,0,Yes,69,Yes,No,DSL,One year,21,No,0,1
5489,Female,1,No,4,Yes,Yes,Fiber optic,One year,89,Yes,1,3
5490,Male,0,No,14,Yes,No,DSL,Month-to-month,93,No,0,0
5491,Female,0,No,32,Yes,No,DSL,Month-to-month,20,No,0,1
5492,Male,0,No,67,Yes,No,DSL,Month-to-month,19,No,0,1
5493,Female,0,No,1,Yes,Yes,DSL,Two year,20,No,0,1
5494,Male,0,No,43,Yes,Yes,Fiber optic,Month-to-month,91,No,0,2
5495,Male,0,No,21,Yes,No,Fiber optic,Month-to-month,20,No,0,1
5496,Male,0,No,2,Yes,No,Fiber optic,Month-to-month,49,No,0,0
5497,Female,0,No,12,No,Yes,DSL,Two year,50,No,0,0
5498,Female,0,No,28,No,No,DSL,One year,36,No,0,1
5499,Female,1,No,30,Yes,No,DSL,Month-to-month,104,No,0,3
5500,Male,0,No,16,Yes,No,Fiber optic,Month-to-month,89,Yes,1,0
5501,Male,0,Yes,31,Yes,No,DSL,Two year,79,Yes,1,0
5502,Female,0,Yes,14,Yes,No,DSL,Month-to-month,59,No,0,0
5503,Female,1,No,72,Yes,No,Fiber optic,Month-to-month,110,No,0,3
5504,Female,0,Yes,53,Yes,No,DSL,One year,21,No,0,1
5505,Male,0,No,68,No,Yes,Fiber optic,One year,40,No,0,1
5506,Female,0,No,50,Yes,No,DSL,One year,90,No,0,2
5507,Female,1,No,70,Yes,No,DSL,Month-to-month,106,No,0,3
5508,Female,0,No,65,Yes,No,DSL,One year,60,No,0,2
5509,Female,0,No,1,Yes,Yes,DSL,Two year,70,Yes,1,0
5510,Female,0,No,36,Yes,No,DSL,Month-to-month,95,No,0,2
5511,Female,0,No,57,No,No,Fiber optic,Month-to-month,59,No,0,2
5512,Female,0,No,9,Yes,Yes,DSL,Two year,88,No,0,0
5513,Male,0,Yes,3,Yes,Yes,DSL,Month-to-month,55,Yes,1,0
5514,Female,0,Yes,19,Yes,No,Fiber optic,Two year,25,No,0,1
5515,Female,0,No,68,Yes,No,DSL,Month-to-month,119,No,0,2
5516,Male,1,No,29,Yes,No,DSL,Two year,96,Yes,1,3
5517,Female,1,No,17,Yes,Yes,DSL,Month-to-month,83,No,0,3
5518,Male,1,No,71,Yes,No,Fiber optic,One year,115,No,0,3
5519,Male,0,Yes,1,Yes,Yes,Fiber optic,Month-to-month,89,Yes,1,0
5520,Female,0,Yes,49,Yes,No,DSL,Month-to-month,79,No,0,2
5521,Female,0,No,13,Yes,Yes,Fiber optic,One year,84,Yes,1,0
5522,Male,0,No,39,Yes,No,DSL,Month-to-month,100,No,0,2
5523,Female,0,Yes,49,Yes,No,Fiber optic,Month-to-month,20,No,0,1
5524,Female,0,Yes,22,Yes,No,Fiber optic,Month-to-month,85,No,0,0
5525,Male,0,Yes,61,Yes,No,DSL,Two year,68,No,0,2
5526,Male,0,No,1,Yes,Yes,DSL,One year,21,Yes,1,1
5527,Female,0,No,2,Yes,Yes,DSL,One year,104,Yes,1,0
5528,Female,0,Yes,7,Yes,Yes,Fiber optic,One year,20,No,0,1
5529,Male,1,No,71,Yes,No,DSL,One year,25,No,0,3
5530,Male,0,No,17,Yes,No,DSL,Month-to-month,20,No,0,1
5531,Female,0,No,3,Yes,Yes,Fiber optic,One year,76,Yes,1,0
5532,Male,0,No,72,Yes,No,DSL,One year,25,No,0,1
5533,Male,1,No,40,Yes,No,DSL,Two year,56,No,0,3
5534,Male,0,No,14,Yes,Yes,Fiber optic,Month-to-month,20,No,0,1
5535,Female,0,No,65,Yes,Yes,Fiber optic,Month-to-month,108,No,0,2
5536,Female,0,No,47,Yes,Yes,DSL,Two year,100,No,0,2
5537,Male,0,No,25,Yes,No,DSL,Month-to-month,20,No,0,1
5538,Male,1,No,2,Yes,Yes,Fiber optic,Two year,73,No,0,3
5539,Male,1,No,46,No,No,Fiber optic,Month-to-month,60,Yes,1,3
5540,Female,0,Yes,55,Yes,No,DSL,One year,21,No,0,1
5541,Female,0,No,63,Yes,No,DSL,Month-to-month,110,No,0,2
5542,Male,0,Yes,62,Yes,Yes,Fiber optic,Two year,86,No,0,2
5543,Female,0,No,48,No,Yes,DSL,Two year,45,Yes,1,1
5544,Male,0,No,18,Yes,No,Fiber optic,Month-to-month,78,No,0,0
5545,Male,0,No,71,Yes,Yes,Fiber optic,Month-to-month,86,No,0,2
5546,Male,0,Yes,35,Yes,No,Fiber optic,Month-to-month,90,No,0,2
5547,Female,0,No,27,Yes,No,DSL,Month-to-month,57,No,0,0
5548,Male,0,Yes,68,Yes,No,Fiber optic,Month-to-month,92,No,0,2
5549,Female,0,No,3,Yes,Yes,DSL,Two year,20,No,0,1
5550,Female,0,No,39,Yes,No,Fiber optic,Month-to-month,21,No,0,1
5551,Female,0,No,53,Yes,No,DSL,One year,94,No,0,2
5552,Female,0,Yes,28,Yes,No,DSL,Month-to-month,90,Yes,1,0
5553,Male,0,No,5,Yes,No,DSL,One year,75,No,0,0
5554,Male,0,No,10,Yes,No,DSL,Month-to-month,20,No,0,1
5555,Male,0,No,50,No,No,DSL,Two year,35,No,0,1
5556,Male,0,No,19,Yes,No,DSL,Two year,79,No,0,0
5557,Male,0,Yes,17,Yes,No,Fiber optic,Month-to-month,70,No,0,0
5558,Male,0,No,20,Yes,No,Fiber optic,Month-to-month,52,No,0,0
5559,Female,0,Yes,63,Yes,Yes,Fiber optic,Two year,20,No,0,1
5560,Male,0,No,72,Yes,No,DSL,Month-to-month,87,No,0,2
5561,Male,0,No,52,Yes,No,Fiber optic,Month-to-month,92,No,0,2
5562,Female,0,Yes,59,Yes,No,DSL,Month-to-month,20,No,0,1
5563,Male,0,Yes,30,Yes,Yes,Fiber optic,Month-to-month,64,No,0,0
5564,Female,1,No,19,Yes,No,DSL,Month-to-month,95,No,0,3
5565,Male,0,Yes,47,Yes,Yes,DSL,Two year,113,No,0,2
5566,Male,0,No,43,No,No,DSL,Month-to-month,44,No,0,1
5567,Male,0,No,57,No,Yes,DSL,Two year,58,No,0,2
5568,Male,0,No,59,Yes,Yes,Fiber optic,One year,54,No,0,2
5569,Female,0,No,12,Yes,Yes,Fiber optic,Month-to-month,85,No,0,0
5570,Male,0,No,43,Yes,No,Fiber optic,Month-to-month,56,No,0,1
5571,Male,0,No,64,Yes,Yes,Fiber optic,Month-to-month,87,No,0,2
5572,Male,0,Yes,6,Yes,Yes,DSL,One year,20,No,0,1
5573,Male,1,No,1,Yes,Yes,DSL,Two year,70,Yes,1,3
5574,Male,0,Yes,17,Yes,No,Fiber optic,Month-to-month,25,No,0,1
5575,Female,1,No,60,Yes,No,DSL,Month-to-month,106,Yes,1,3
5576,Male,0,Yes,72,Yes,Yes,DSL,One year,114,No,0,2
5577,Male,0,No,5,No,No,DSL,Month-to-month,43,Yes,1,1
5578,Female,0,Yes,65,Yes,No,DSL,One year,109,No,0,2
5579,Male,0,No,6,Yes,No,DSL,Two year,59,No,0,0
5580,Male,0,No,4,Yes,Yes,Fiber optic,Two year,74,Yes,1,0
5581,Female,0,Yes,20,Yes,No,DSL,One year,106,Yes,1,0
5582,Female,0,No,61,Yes,Yes,Fiber optic,Two year,24,No,0,1
5583,Female,1,No,65,Yes,Yes,DSL,Two year,105,Yes,1,3
5584,Female,0,No,72,Yes,No,Fiber optic,Month-to-month,116,No,0,2
5585,Female,1,No,8,Yes,Yes,Fiber optic,Month-to-month,106,Yes,1,3
5586,Female,0,No,12,Yes,No,DSL,Month-to-month,74,Yes,1,0
5587,Female,1,No,43,Yes,No,DSL,One year,108,Yes,1,3
5588,Female,1,No,30,No,No,Fiber optic,One year,40,Yes,1,3
5589,Male,0,No,58,Yes,No,DSL,Month-to-month,81,No,0,2
5590,Female,0,No,46,Yes,No,DSL,Two year,71,No,0,2
5591,Male,0,No,24,Yes,No,DSL,Month-to-month,94,No,0,0
5592,Male,0,Yes,49,No,No,Fiber optic,Month-to-month,52,Yes,1,1
5593,Male,1,No,4,Yes,No,DSL,Two year,71,No,0,3
5594,Male,0,Yes,10,Yes,No,DSL,One year,50,No,0,1
5595,Male,0,Yes,54,Yes,Yes,Fiber optic,Month-to-month,55,Yes,1,2
5596,Female,0,No,50,No,No,DSL,Month-to-month,40,No,0,1
5597,Female,0,Yes,48,Yes,Yes,DSL,Two year,82,Yes,1,2
5598,Female,0,No,30,Yes,Yes,Fiber optic,Month-to-month,85,Yes,1,0
5599,Female,0,Yes,3,Yes,No,DSL,One year,64,No,0,0
5600,Female,0,Yes,1,Yes,No,Fiber optic,Month-to-month,20,Yes,1,1
5601,Female,0,Yes,48,No,No,Fiber optic,Month-to-month,46,No,0,1
5602,Female,0,No,29,Yes,No,DSL,One year,66,No,0,0
5603,Female,0,No,3,Yes,No,DSL,Two year,20,No,0,1
5604,Female,0,No,14,Yes,No,DSL,Month-to-month,59,No,0,0
5605,Female,1,No,49,Yes,No,Fiber optic,Month-to-month,102,No,0,3
5606,Female,0,Yes,69,Yes,No,DSL,Month-to-month,19,No,0,1
5607,Female,0,Yes,72,No,No,DSL,One year,54,No,0,2
5608,Female,0,Yes,66,Yes,No,DSL,Month-to-month,58,No,0,2
5609,Male,0,Yes,53,Yes,No,DSL,One year,96,No,0,2
5610,Male,1,No,15,Yes,Yes,Fiber optic,Month-to-month,86,Yes,1,3
5611,Female,0,No,10,No,Yes,Fiber optic,Month-to-month,30,No,0,1
5612,Male,0,No,27,Yes,Yes,Fiber optic,Month-to-month,50,No,0,0
5613,Female,0,No,72,Yes,No,DSL,One year,73,No,0,2
5614,Male,0,No,21,Yes,Yes,DSL,Two year,55,No,0,0
5615,Female,0,No,1,Yes,Yes,Fiber optic,One year,55,Yes,1,0
5616,Male,0,No,55,Yes,No,DSL,Month-to-month,59,No,0,2
5617,Female,0,Yes,58,Yes,No,DSL,Month-to-month,20,No,0,1
5618,Female,1,No,6,Yes,No,DSL,Month-to-month,74,Yes,1,3
5619,Female,0,No,12,Yes,No,DSL,Month-to-month,20,No,0,1
5620,Female,0,No,18,No,No,Fiber optic,One year,40,No,0,1
5621,Male,0,No,3,Yes,Yes,Fiber optic,Two year,70,No,0,0
5622,Male,0,Yes,55,Yes,Yes,Fiber optic,Month-to-month,59,No,0,2
5623,Male,0,No,4,Yes,Yes,Fiber optic,Month-to-month,75,Yes,1,0
5624,Female,1,No,10,No,No,DSL,Month-to-month,35,Yes,1,3
5625,Female,1,No,70,Yes,Yes,Fiber optic,Month-to-month,91,No,0,3
5626,Female,0,No,50,Yes,No,DSL,Month-to-month,20,No,0,1
5627,Male,0,Yes,72,Yes,No,DSL,Month-to-month,24,No,0,1
5628,Male,1,No,66,Yes,Yes,Fiber optic,Month-to-month,111,Yes,1,3
5629,Male,1,No,2,Yes,Yes,Fiber optic,Month-to-month,94,Yes,1,3
5630,Female,0,Yes,44,Yes,No,DSL,Month-to-month,78,No,0,2
5631,Male,0,No,56,Yes,Yes,Fiber optic,Month-to-month,25,Yes,1,1
5632,Male,0,No,6,Yes,No,DSL,Month-to-month,50,No,0,0
5633,Male,0,No,25,Yes,No,DSL,Two year,21,No,0,1
5634,Male,0,No,6,Yes,Yes,DSL,Month-to-month,21,No,0,1
5635,Male,0,No,1,Yes,No,DSL,Month-to-month,45,Yes,1,0
5636,Female,0,No,53,Yes,No,DSL,Month-to-month,106,Yes,1,2
5637,Female,0,No,14,Yes,No,DSL,Month-to-month,106,Yes,1,0
5638,Male,0,Yes,66,No,Yes,Fiber optic,One year,55,No,0,2
5639,Male,0,No,68,Yes,No,DSL,Month-to-month,100,No,0,2
5640,Female,0,No,28,Yes,No,DSL,Month-to-month,55,No,0,0
5641,Female,0,Yes,3,No,No,Fiber optic,Month-to-month,30,Yes,1,1
5642,Female,0,No,24,Yes,Yes,DSL,One year,95,No,0,0
5643,Female,0,No,9,No,No,DSL,One year,41,No,0,1
5644,Male,0,No,22,Yes,No,Fiber optic,Month-to-month,20,No,0,1
5645,Female,0,No,56,Yes,No,Fiber optic,Month-to-month,105,No,0,2
5646,Male,0,Yes,21,Yes,Yes,DSL,One year,46,No,0,1
5647,Male,1,No,16,Yes,No,DSL,Month-to-month,87,Yes,1,3
5648,Male,0,Yes,72,Yes,No,DSL,Month-to-month,25,No,0,1
5649,Male,0,No,1,Yes,No,DSL,One year,45,No,0,0
5650,Female,0,Yes,32,Yes,No,DSL,Month-to-month,99,No,0,2
5651,Female,0,No,1,Yes,No,DSL,One year,20,No,0,1
5652,Female,0,No,25,Yes,Yes,Fiber optic,Month-to-month,19,No,0,1
5653,Female,0,Yes,17,Yes,No,DSL,Month-to-month,62,No,0,0
5654,Male,0,No,33,Yes,No,Fiber optic,Month-to-month,96,Yes,1,0
5655,Male,0,Yes,14,Yes,No,Fiber optic,Two year,69,No,0,0
5656,Female,0,No,72,No,Yes,DSL,Two year,66,No,0,2
5657,Male,0,No,47,Yes,No,DSL,Month-to-month,103,No,0,2
5658,Female,0,No,39,Yes,Yes,Fiber optic,Month-to-month,105,Yes,1,2
5659,Female,0,No,6,Yes,Yes,Fiber optic,Month-to-month,21,No,0,1
5660,Female,0,Yes,11,Yes,Yes,DSL,Two year,21,No,0,1
5661,Female,1,No,20,Yes,Yes,DSL,One year,91,No,0,3
5662,Male,0,Yes,62,Yes,No,DSL,Month-to-month,106,No,0,2
5663,Male,0,No,1,No,No,Fiber optic,Month-to-month,24,Yes,1,1
5664,Male,0,Yes,34,No,Yes,Fiber optic,Month-to-month,41,No,0,1
5665,Male,0,Yes,28,Yes,No,Fiber optic,Month-to-month,85,No,0,0
5666,Male,0,Yes,42,No,No,DSL,Month-to-month,45,No,0,1
5667,Female,1,No,24,No,No,DSL,One year,41,Yes,1,3
5668,Female,0,No,55,Yes,No,DSL,Month-to-month,73,No,0,2
5669,Male,0,No,36,Yes,Yes,Fiber optic,Month-to-month,85,Yes,1,2
5670,Male,0,No,24,Yes,No,Fiber optic,One year,56,Yes,1,0
5671,Female,0,No,25,Yes,Yes,DSL,Month-to-month,66,No,0,0
5672,Female,0,Yes,33,Yes,Yes,DSL,Two year,20,No,0,1
5673,Female,1,No,1,Yes,Yes,DSL,One year,78,Yes,1,3
5674,Female,1,No,2,Yes,No,DSL,One year,70,Yes,1,3
5675,Male,0,Yes,39,Yes,No,DSL,Two year,101,No,0,2
5676,Male,0,No,55,No,No,Fiber optic,Month-to-month,55,Yes,1,2
5677,Female,0,Yes,72,Yes,No,DSL,Month-to-month,71,No,0,2
5678,Female,0,Yes,70,Yes,No,Fiber optic,One year,74,No,0,2
5679,Female,0,No,4,Yes,No,DSL,Month-to-month,69,Yes,1,0
5680,Male,0,No,7,Yes,Yes,Fiber optic,Month-to-month,85,Yes,1,0
5681,Female,0,Yes,54,Yes,No,DSL,Month-to-month,20,No,0,1
5682,Female,0,Yes,31,Yes,No,DSL,One year,104,Yes,1,2
5683,Female,1,Yes,60,Yes,No,DSL,Month-to-month,75,No,0,3
5684,Female,0,No,1,Yes,No,DSL,Month-to-month,50,No,0,0
5685,Male,1,No,65,Yes,No,Fiber optic,One year,71,No,0,3
5686,Female,0,No,12,Yes,No,DSL,Two year,20,No,0,1
5687,Male,0,Yes,72,No,No,Fiber optic,Month-to-month,65,No,0,2
5688,Female,0,No,7,Yes,No,Fiber optic,One year,19,No,0,1
5689,Female,1,No,44,Yes,No,DSL,Two year,85,No,0,3
5690,Male,1,No,7,Yes,No,Fiber optic,Month-to-month,89,No,0,3
5691,Male,0,No,12,Yes,No,DSL,Two year,25,No,0,1
5692,Male,0,No,62,Yes,No,DSL,One year,60,No,0,2
5693,Male,0,Yes,4,Yes,No,DSL,Month-to-month,20,No,0,1
5694,Female,0,No,5,Yes,Yes,DSL,Two year,64,No,0,0
5695,Female,0,No,2,Yes,No,DSL,One year,76,Yes,1,0
5696,Male,0,No,1,Yes,Yes,Fiber optic,Two year,70,Yes,1,0
5697,Female,0,Yes,40,Yes,No,DSL,Month-to-month,71,No,0,2
5698,Female,0,No,1,No,Yes,Fiber optic,One year,36,No,0,1
5699,Male,0,Yes,25,Yes,Yes,Fiber optic,Month-to-month,20,No,0,1
5700,Male,0,No,6,Yes,No,Fiber optic,Month-to-month,56,No,0,0
5701,Male,0,No,41,Yes,Yes,Fiber optic,Month-to-month,74,No,0,2
5702,Male,0,Yes,9,Yes,No,DSL,Month-to-month,50,No,0,0
5703,Male,1,No,1,Yes,Yes,Fiber optic,Month-to-month,75,Yes,1,3
5704,Female,0,No,22,Yes,Yes,DSL,Two year,76,No,0,0
5705,Female,0,No,38,Yes,Yes,Fiber optic,Month-to-month,89,No,0,2
5706,Male,0,No,23,Yes,No,DSL,Month-to-month,99,Yes,1,0
5707,Male,0,Yes,60,Yes,No,Fiber optic,Month-to-month,77,No,0,2
5708,Female,0,No,47,Yes,No,DSL,Month-to-month,66,No,0,2
5709,Female,0,Yes,72,Yes,Yes,Fiber optic,Month-to-month,93,No,0,2
5710,Male,0,Yes,70,Yes,No,DSL,One year,106,No,0,2
5711,Male,0,No,1,Yes,Yes,Fiber optic,Two year,71,No,0,0
5712,Female,0,Yes,4,Yes,Yes,Fiber optic,Month-to-month,86,Yes,1,0
5713,Female,0,No,8,Yes,No,DSL,Month-to-month,76,No,0,0
5714,Male,0,Yes,71,Yes,Yes,DSL,Two year,114,No,0,2
5715,Female,0,No,2,Yes,Yes,Fiber optic,Month-to-month,80,Yes,1,0
5716,Male,0,Yes,34,Yes,Yes,Fiber optic,Month-to-month,20,No,0,1
5717,Male,0,No,40,Yes,No,DSL,Month-to-month,80,No,0,2
5718,Male,0,No,20,Yes,No,DSL,Two year,19,No,0,1
5719,Female,0,No,27,Yes,No,Fiber optic,Month-to-month,89,No,0,0
5720,Male,0,No,30,Yes,No,DSL,Two year,97,No,0,0
5721,Female,0,No,9,Yes,Yes,Fiber optic,One year,69,No,0,0
5722,Female,0,No,3,Yes,No,DSL,Two year,95,No,0,0
5723,Male,0,No,12,Yes,Yes,Fiber optic,Month-to-month,25,No,0,1
5724,Female,0,No,71,Yes,Yes,Fiber optic,Month-to-month,86,No,0,2
5725,Female,0,Yes,27,Yes,No,Fiber optic,Month-to-month,24,No,0,1
5726,Female,0,Yes,40,Yes,Yes,DSL,Two year,64,No,0,2
5727,Male,0,No,52,No,No,DSL,Two year,30,No,0,1
5728,Female,0,No,70,Yes,Yes,Fiber optic,Two year,95,No,0,2
5729,Male,0,Yes,3,Yes,Yes,Fiber optic,Month-to-month,71,No,0,0
5730,Male,0,Yes,10,Yes,No,DSL,Month-to-month,24,No,0,1
5731,Male,0,No,7,Yes,No,DSL,Two year,19,Yes,1,1
5732,Male,0,No,61,Yes,No,DSL,Month-to-month,96,No,0,2
5733,Female,0,No,7,Yes,No,Fiber optic,Month-to-month,63,No,0,0
5734,Male,0,Yes,72,Yes,No,DSL,Two year,105,No,0,2
5735,Male,0,No,1,Yes,Yes,DSL,Two year,20,No,0,1
5736,Male,0,No,1,Yes,No,DSL,Two year,60,Yes,1,0
5737,Male,1,No,3,Yes,No,DSL,Month-to-month,77,Yes,1,3
5738,Male,0,Yes,25,Yes,No,DSL,Month-to-month,26,No,0,1
5739,Female,0,Yes,1,No,No,DSL,Month-to-month,30,Yes,1,1
5740,Female,0,Yes,33,Yes,Yes,Fiber optic,Two year,79,No,0,2
5741,Female,1,No,32,Yes,No,DSL,Two year,80,No,0,3
5742,Male,0,Yes,52,Yes,Yes,Fiber optic,Month-to-month,25,No,0,1
5743,Female,1,No,28,Yes,Yes,Fiber optic,Two year,101,Yes,1,3
5744,Female,1,No,16,Yes,No,DSL,Two year,85,Yes,1,3
5745,Male,0,Yes,26,Yes,No,DSL,One year,79,No,0,0
5746,Male,0,No,1,Yes,Yes,DSL,Two year,79,Yes,1,0
5747,Male,0,Yes,58,Yes,Yes,Fiber optic,Month-to-month,82,No,0,2
5748,Female,1,No,60,Yes,Yes,DSL,One year,106,No,0,3
5749,Male,0,No,32,Yes,Yes,Fiber optic,Month-to-month,91,No,0,0
5750,Female,0,No,18,Yes,Yes,Fiber optic,One year,20,No,0,1
5751,Male,0,No,1,Yes,No,Fiber optic,Month-to-month,95,Yes,1,0
5752,Female,1,Yes,48,No,No,DSL,Two year,30,No,0,3
5753,Male,1,Yes,51,Yes,Yes,DSL,Two year,84,Yes,1,3
5754,Female,0,No,72,No,No,DSL,Month-to-month,54,Yes,1,2
5755,Male,0,No,23,Yes,No,DSL,Month-to-month,81,Yes,1,0
5756,Male,0,No,5,Yes,Yes,Fiber optic,Month-to-month,81,Yes,1,0
5757,Male,1,No,11,Yes,No,DSL,Two year,20,Yes,1,3
5758,Male,1,No,52,Yes,Yes,DSL,Month-to-month,104,Yes,1,3
5759,Female,0,No,41,Yes,No,DSL,One year,50,No,0,1
5760,Female,0,No,63,Yes,No,Fiber optic,Month-to-month,82,No,0,2
5761,Male,0,No,61,Yes,No,Fiber optic,Month-to-month,106,No,0,2
5762,Female,0,No,12,Yes,No,DSL,Two year,89,No,0,0
5763,Female,0,No,1,Yes,Yes,Fiber optic,Month-to-month,91,Yes,1,0
5764,Male,0,No,4,Yes,No,Fiber optic,Month-to-month,20,No,0,1
5765,Female,0,No,14,Yes,Yes,Fiber optic,Two year,80,No,0,0
5766,Male,0,No,69,Yes,Yes,Fiber optic,One year,24,No,0,1
5767,Male,0,No,44,No,No,DSL,One year,54,No,0,1
5768,Female,1,No,13,Yes,No,DSL,Two year,101,Yes,1,3
5769,Male,0,Yes,9,Yes,No,Fiber optic,One year,102,No,0,0
5770,Male,0,Yes,22,Yes,Yes,Fiber optic,Two year,20,No,0,1
5771,Female,0,Yes,1,Yes,Yes,DSL,One year,20,Yes,1,1
5772,Male,1,No,1,No,No,DSL,Month-to-month,43,Yes,1,3
5773,Female,0,No,71,Yes,Yes,DSL,Two year,94,Yes,1,2
5774,Female,0,Yes,42,Yes,No,DSL,Month-to-month,23,No,0,1
5775,Male,0,No,1,Yes,No,DSL,Month-to-month,80,Yes,1,0
5776,Male,0,No,1,Yes,Yes,Fiber optic,Two year,75,Yes,1,0
5777,Female,1,No,42,Yes,Yes,DSL,Two year,85,Yes,1,3
5778,Female,0,Yes,8,Yes,Yes,DSL,Two year,56,No,0,0
5779,Male,1,No,65,Yes,No,DSL,Month-to-month,101,No,0,3
5780,Male,0,No,20,Yes,No,Fiber optic,One year,69,No,0,0
5781,Female,0,No,1,Yes,No,DSL,One year,82,Yes,1,0
5782,Male,0,Yes,42,Yes,No,Fiber optic,Month-to-month,69,No,0,2
5783,Male,0,Yes,51,Yes,No,Fiber optic,Month-to-month,24,No,0,1
5784,Male,0,No,43,Yes,No,Fiber optic,Month-to-month,80,No,0,2
5785,Female,0,No,46,Yes,No,Fiber optic,Month-to-month,94,No,0,2
5786,Male,0,No,52,Yes,No,DSL,Two year,89,No,0,2
5787,Female,0,No,10,Yes,Yes,DSL,Two year,20,No,0,1
5788,Male,1,No,35,Yes,No,Fiber optic,Month-to-month,91,No,0,3
5789,Male,0,Yes,66,Yes,No,DSL,Month-to-month,66,No,0,2
5790,Female,0,Yes,52,Yes,No,DSL,Two year,96,No,0,2
5791,Male,0,No,46,Yes,No,DSL,Month-to-month,109,No,0,2
5792,Male,0,Yes,50,Yes,Yes,Fiber optic,Month-to-month,70,No,0,2
5793,Male,0,No,13,Yes,No,Fiber optic,Month-to-month,102,Yes,1,0
5794,Female,1,No,27,Yes,Yes,DSL,Month-to-month,78,Yes,1,3
5795,Male,0,No,22,Yes,Yes,Fiber optic,Two year,101,No,0,0
5796,Male,0,No,71,Yes,Yes,Fiber optic,Month-to-month,86,No,0,2
5797,Male,0,No,26,Yes,No,DSL,Two year,45,No,0,1
5798,Male,1,No,45,Yes,Yes,Fiber optic,Month-to-month,94,No,0,3
5799,Female,0,No,16,Yes,Yes,Fiber optic,Month-to-month,19,No,0,1
5800,Male,0,No,49,Yes,No,DSL,Month-to-month,107,No,0,2
5801,Female,0,Yes,14,Yes,Yes,Fiber optic,Month-to-month,26,No,0,1
5802,Male,1,No,17,Yes,Yes,Fiber optic,Month-to-month,45,Yes,1,3
5803,Female,0,Yes,72,Yes,No,DSL,Month-to-month,24,No,0,1
5804,Male,0,No,49,Yes,Yes,Fiber optic,Month-to-month,95,No,0,2
5805,Female,0,No,67,Yes,Yes,DSL,Two year,21,No,0,1
5806,Female,0,No,29,No,No,DSL,Month-to-month,31,No,0,1
5807,Male,0,Yes,13,Yes,No,DSL,Month-to-month,97,No,0,0
5808,Female,0,Yes,72,Yes,No,DSL,Two year,110,No,0,2
5809,Male,0,No,58,Yes,Yes,Fiber optic,Two year,50,No,0,2
5810,Male,0,Yes,72,Yes,No,Fiber optic,Month-to-month,90,No,0,2
5811,Female,1,No,1,Yes,Yes,Fiber optic,Month-to-month,72,No,0,3
5812,Male,1,No,5,Yes,Yes,DSL,Two year,20,No,0,3
5813,Female,0,Yes,34,Yes,No,Fiber optic,Month-to-month,116,No,0,2
5814,Female,0,Yes,72,Yes,Yes,Fiber optic,Two year,118,No,0,2
5815,Male,1,No,51,Yes,No,DSL,Month-to-month,94,No,0,3
5816,Female,0,Yes,4,Yes,Yes,Fiber optic,Month-to-month,56,Yes,1,0
5817,Male,0,No,4,Yes,No,DSL,Month-to-month,86,Yes,1,0
5818,Female,1,No,24,Yes,No,DSL,Month-to-month,94,Yes,1,3
5819,Female,1,No,31,No,Yes,Fiber optic,Two year,50,No,0,3
5820,Male,0,No,1,Yes,Yes,Fiber optic,Two year,54,Yes,1,0
5821,Male,1,No,1,Yes,No,DSL,One year,45,Yes,1,3
5822,Female,0,Yes,34,Yes,Yes,DSL,One year,68,No,0,0
5823,Female,1,No,22,Yes,No,Fiber optic,Month-to-month,74,Yes,1,3
5824,Female,1,No,4,Yes,No,DSL,Month-to-month,20,No,0,3
5825,Male,0,No,72,Yes,Yes,DSL,Two year,101,No,0,2
5826,Male,0,No,8,Yes,No,Fiber optic,Month-to-month,20,No,0,1
5827,Male,0,No,1,No,No,Fiber optic,Month-to-month,24,Yes,1,1
5828,Female,0,No,1,Yes,Yes,Fiber optic,Month-to-month,80,Yes,1,0
5829,Female,0,No,1,Yes,Yes,DSL,Two year,26,No,0,1
5830,Female,0,No,9,Yes,No,DSL,One year,91,Yes,1,0
5831,Male,1,No,33,Yes,Yes,DSL,One year,101,No,0,3
5832,Male,0,Yes,53,Yes,No,Fiber optic,Month-to-month,105,No,0,2
5833,Male,0,No,57,Yes,No,Fiber optic,Month-to-month,87,No,0,2
5834,Female,0,No,60,Yes,No,DSL,Month-to-month,79,No,0,2
5835,Male,0,No,72,No,Yes,Fiber optic,Month-to-month,65,No,0,2
5836,Male,1,No,32,Yes,No,DSL,Two year,94,No,0,3
5837,Male,1,No,48,Yes,No,DSL,One year,99,No,0,3
5838,Female,0,Yes,22,Yes,No,DSL,Month-to-month,19,No,0,1
5839,Female,0,Yes,65,No,Yes,DSL,Month-to-month,45,No,0,1
5840,Female,0,No,65,Yes,Yes,Fiber optic,Month-to-month,59,No,0,2
5841,Female,0,No,1,Yes,No,DSL,One year,20,No,0,1
5842,Female,1,No,66,Yes,No,DSL,One year,101,No,0,3
5843,Male,0,No,71,Yes,Yes,DSL,Month-to-month,105,No,0,2
5844,Male,0,No,17,Yes,Yes,Fiber optic,One year,70,Yes,1,0
5845,Male,1,No,2,Yes,No,Fiber optic,Month-to-month,45,Yes,1,3
5846,Male,0,No,51,Yes,Yes,Fiber optic,Month-to-month,96,No,0,2
5847,Male,0,No,20,Yes,Yes,Fiber optic,Month-to-month,71,No,0,0
5848,Male,0,No,71,Yes,Yes,Fiber optic,One year,110,No,0,2
5849,Male,0,Yes,67,Yes,Yes,Fiber optic,Two year,111,Yes,1,2
5850,Female,1,No,1,Yes,No,DSL,Two year,75,Yes,1,3
5851,Male,0,No,16,Yes,No,Fiber optic,Month-to-month,75,No,0,0
5852,Female,1,No,55,Yes,Yes,Fiber optic,One year,89,No,0,3
5853,Female,0,Yes,7,Yes,No,Fiber optic,Month-to-month,76,No,0,0
5854,Female,0,Yes,43,Yes,Yes,Fiber optic,One year,64,No,0,2
5855,Female,0,No,1,Yes,Yes,DSL,Month-to-month,55,Yes,1,0
5856,Female,0,No,4,No,No,DSL,Month-to-month,25,No,0,1
5857,Male,1,No,72,Yes,No,DSL,Month-to-month,114,No,0,3
5858,Female,1,No,49,Yes,Yes,Fiber optic,Month-to-month,103,No,0,3
5859,Male,0,No,53,Yes,No,DSL,One year,94,Yes,1,2
5860,Female,0,No,60,No,Yes,DSL,Two year,50,No,0,2
5861,Female,1,No,68,Yes,No,Fiber optic,Month-to-month,97,Yes,1,3
5862,Male,1,No,57,Yes,No,DSL,Two year,80,No,0,3
5863,Female,0,No,7,Yes,No,Fiber optic,Month-to-month,81,Yes,1,0
5864,Female,0,No,1,Yes,Yes,Fiber optic,Month-to-month,19,No,0,1
5865,Female,0,Yes,7,Yes,No,DSL,Two year,69,No,0,0
5866,Male,0,No,68,Yes,No,DSL,Month-to-month,24,No,0,1
5867,Male,0,Yes,19,Yes,No,DSL,Month-to-month,100,Yes,1,0
5868,Female,0,No,2,Yes,No,DSL,Two year,80,No,0,0
5869,Female,0,Yes,67,Yes,No,DSL,Month-to-month,106,No,0,2
5870,Male,0,Yes,67,Yes,Yes,Fiber optic,One year,60,No,0,2
5871,Male,0,No,35,Yes,Yes,DSL,Month-to-month,69,No,0,0
5872,Female,0,Yes,67,Yes,Yes,DSL,Month-to-month,107,No,0,2
5873,Female,0,No,11,Yes,No,Fiber optic,Month-to-month,90,Yes,1,0
5874,Male,1,No,56,Yes,No,Fiber optic,Month-to-month,86,No,0,3
5875,Male,0,No,8,No,Yes,Fiber optic,Month-to-month,29,No,0,1
5876,Female,0,Yes,22,Yes,No,DSL,Two year,25,No,0,1
5877,Male,0,No,71,Yes,No,Fiber optic,Month-to-month,84,No,0,2
5878,Female,0,Yes,46,No,Yes,Fiber optic,One year,35,No,0,1
5879,Female,0,No,66,Yes,No,DSL,One year,105,No,0,2
5880,Male,0,No,15,Yes,No,DSL,Two year,49,No,0,0
5881,Male,0,No,25,Yes,No,DSL,Month-to-month,96,No,0,0
5882,Male,0,No,32,Yes,No,DSL,One year,20,No,0,1
5883,Male,0,No,8,Yes,No,DSL,Two year,67,No,0,0
5884,Male,0,No,6,Yes,No,DSL,Month-to-month,25,No,0,1
5885,Female,0,No,3,Yes,No,DSL,One year,46,No,0,0
5886,Male,0,Yes,11,Yes,Yes,DSL,One year,60,No,0,0
5887,Male,0,Yes,15,Yes,No,DSL,Two year,91,No,0,0
5888,Female,0,No,23,Yes,No,DSL,Month-to-month,90,Yes,1,0
5889,Female,0,No,1,Yes,Yes,Fiber optic,Month-to-month,44,No,0,0
5890,Male,0,Yes,37,No,No,DSL,Month-to-month,40,No,0,1
5891,Male,0,Yes,69,Yes,Yes,DSL,Two year,81,No,0,2
5892,Male,0,No,71,Yes,No,DSL,One year,79,No,0,2
5893,Female,0,Yes,8,Yes,No,DSL,Month-to-month,55,No,0,0
5894,Female,0,No,6,No,Yes,DSL,Two year,63,No,0,0
5895,Female,0,No,58,Yes,Yes,Fiber optic,Month-to-month,84,No,0,2
5896,Female,0,Yes,39,Yes,No,DSL,Month-to-month,90,Yes,1,2
5897,Male,1,No,23,Yes,Yes,DSL,Two year,90,No,0,3
5898,Male,0,Yes,66,Yes,Yes,DSL,Two year,20,No,0,1
5899,Male,0,No,51,Yes,Yes,DSL,One year,83,No,0,2
5900,Female,0,No,7,Yes,Yes,Fiber optic,Month-to-month,80,Yes,1,0
5901,Male,0,Yes,15,Yes,No,DSL,Month-to-month,20,No,0,1
5902,Male,0,No,51,Yes,Yes,Fiber optic,Month-to-month,80,Yes,1,2
5903,Male,0,No,4,Yes,No,DSL,Month-to-month,19,No,0,1
5904,Female,0,No,18,Yes,Yes,Fiber optic,Two year,50,No,0,0
5905,Male,0,No,46,Yes,Yes,Fiber optic,One year,94,Yes,1,2
5906,Male,1,No,3,Yes,No,Fiber optic,Month-to-month,106,Yes,1,3
5907,Male,0,No,63,Yes,Yes,Fiber optic,Month-to-month,25,No,0,1
5908,Male,0,Yes,52,Yes,No,DSL,Month-to-month,96,Yes,1,2
5909,Female,0,No,17,Yes,No,DSL,Month-to-month,69,No,0,0
5910,Female,0,No,43,Yes,Yes,Fiber optic,One year,85,No,0,2
5911,Male,0,No,69,Yes,No,DSL,Month-to-month,20,No,0,1
5912,Female,0,Yes,70,Yes,No,DSL,Month-to-month,80,No,0,2
5913,Female,0,No,4,Yes,Yes,Fiber optic,Month-to-month,24,No,0,1
5914,Male,0,Yes,60,Yes,No,Fiber optic,One year,21,No,0,1
5915,Female,0,No,20,No,No,DSL,Month-to-month,24,Yes,1,1
5916,Male,0,Yes,69,Yes,No,DSL,Two year,96,No,0,2
5917,Female,0,Yes,48,Yes,Yes,Fiber optic,Two year,105,No,0,2
5918,Female,0,No,1,No,No,DSL,Month-to-month,31,No,0,1
5919,Male,0,Yes,8,Yes,No,DSL,Two year,51,Yes,1,0
5920,Male,1,No,1,Yes,No,DSL,Two year,46,No,0,3
5921,Female,0,No,1,Yes,No,Fiber optic,Month-to-month,20,No,0,1
5922,Male,0,No,22,Yes,No,DSL,One year,20,No,0,1
5923,Male,1,No,16,No,Yes,Fiber optic,Two year,39,Yes,1,3
5924,Male,0,No,72,Yes,No,Fiber optic,Month-to-month,118,No,0,2
5925,Male,0,No,11,Yes,No,DSL,Two year,61,No,0,0
5926,Male,0,No,4,Yes,Yes,DSL,One year,91,No,0,0
5927,Female,0,No,8,Yes,No,DSL,Month-to-month,20,No,0,1
5928,Female,1,No,54,Yes,Yes,DSL,Two year,82,Yes,1,3
5929,Male,0,No,69,Yes,No,DSL,Two year,82,No,0,2
5930,Male,1,No,46,Yes,Yes,Fiber optic,Month-to-month,80,Yes,1,3
5931,Female,0,Yes,67,Yes,Yes,Fiber optic,Two year,51,No,0,2
5932,Male,0,Yes,71,Yes,No,Fiber optic,Month-to-month,90,No,0,2
5933,Male,1,No,20,Yes,No,Fiber optic,Month-to-month,90,No,0,3
5934,Female,0,No,41,Yes,Yes,Fiber optic,Month-to-month,114,Yes,1,2
5935,Male,1,No,3,No,Yes,Fiber optic,Month-to-month,41,Yes,1,3
5936,Male,0,No,15,No,No,DSL,Month-to-month,51,No,0,1
5937,Male,0,No,22,Yes,No,DSL,Two year,79,Yes,1,0
5938,Male,0,No,18,Yes,Yes,Fiber optic,Month-to-month,81,Yes,1,0
5939,Female,0,No,9,Yes,Yes,Fiber optic,Month-to-month,98,Yes,1,0
5940,Male,0,No,26,Yes,No,DSL,Month-to-month,76,No,0,0
5941,Male,1,No,71,Yes,No,Fiber optic,One year,106,No,0,3
5942,Female,0,No,16,Yes,No,DSL,Month-to-month,19,No,0,1
5943,Female,1,No,72,Yes,No,DSL,Month-to-month,89,No,0,3
5944,Male,0,No,42,Yes,No,Fiber optic,Month-to-month,25,No,0,1
5945,Male,0,Yes,47,Yes,No,DSL,Month-to-month,96,No,0,2
5946,Male,0,No,66,Yes,No,Fiber optic,Month-to-month,66,No,0,2
5947,Male,0,No,5,Yes,No,DSL,One year,49,Yes,1,0
5948,Male,0,No,4,No,Yes,DSL,Two year,30,Yes,1,1
5949,Female,0,Yes,42,Yes,No,Fiber optic,Two year,19,No,0,1
5950,Male,0,No,69,No,No,DSL,Month-to-month,61,No,0,2
5951,Male,0,No,60,Yes,No,DSL,Month-to-month,117,No,0,2
5952,Female,0,No,12,Yes,Yes,Fiber optic,Month-to-month,19,No,0,1
5953,Male,0,No,3,Yes,Yes,DSL,Month-to-month,45,Yes,1,0
5954,Male,0,No,54,Yes,No,DSL,Month-to-month,105,Yes,1,2
5955,Male,0,Yes,6,Yes,No,DSL,Month-to-month,20,No,0,1
5956,Male,0,No,2,Yes,No,DSL,Two year,20,No,0,1
5957,Male,1,No,57,Yes,Yes,Fiber optic,Month-to-month,94,No,0,3
5958,Female,0,No,63,Yes,No,Fiber optic,Month-to-month,21,No,0,1
5959,Female,0,Yes,41,Yes,No,DSL,Month-to-month,94,No,0,2
5960,Male,0,No,25,Yes,No,DSL,Two year,99,No,0,0
5961,Female,0,No,65,Yes,Yes,Fiber optic,One year,85,No,0,2
5962,Female,0,No,54,Yes,No,DSL,Month-to-month,20,No,0,1
5963,Male,0,No,61,Yes,No,Fiber optic,Month-to-month,94,No,0,2
5964,Male,0,Yes,19,Yes,Yes,DSL,One year,20,No,0,1
5965,Female,0,No,12,Yes,No,DSL,Month-to-month,19,No,0,1
5966,Female,0,Yes,18,Yes,No,DSL,One year,25,No,0,1
5967,Male,0,Yes,68,Yes,Yes,Fiber optic,Month-to-month,95,No,0,2
5968,Female,0,Yes,10,Yes,No,DSL,Month-to-month,100,Yes,1,0
5969,Male,1,No,20,Yes,Yes,DSL,One year,95,Yes,1,3
5970,Male,0,No,42,Yes,No,Fiber optic,Month-to-month,99,Yes,1,2
5971,Male,0,No,45,No,Yes,Fiber optic,Month-to-month,42,No,0,1
5972,Male,0,No,72,Yes,No,DSL,Two year,115,No,0,2
5973,Female,1,No,35,Yes,Yes,DSL,Month-to-month,111,No,0,3
5974,Male,0,Yes,72,Yes,Yes,Fiber optic,Two year,90,No,0,2
5975,Female,0,No,8,Yes,No,DSL,Month-to-month,100,Yes,1,0
5976,Female,0,No,37,Yes,No,Fiber optic,Month-to-month,65,Yes,1,0
5977,Female,0,No,21,Yes,No,DSL,Month-to-month,105,No,0,0
5978,Female,0,No,71,Yes,No,DSL,Two year,80,No,0,2
5979,Male,0,No,40,Yes,Yes,Fiber optic,Month-to-month,67,No,0,2
5980,Male,0,No,10,Yes,No,DSL,Two year,62,No,0,0
5981,Female,1,No,25,Yes,No,DSL,One year,88,No,0,3
5982,Female,0,Yes,41,Yes,No,DSL,Two year,75,No,0,2
5983,Male,1,No,19,Yes,No,DSL,One year,96,Yes,1,3
5984,Female,1,No,23,Yes,No,DSL,Month-to-month,95,No,0,3
5985,Male,0,No,57,Yes,Yes,Fiber optic,Month-to-month,108,No,0,2
5986,Female,0,No,2,Yes,Yes,DSL,One year,84,No,0,0
5987,Female,0,No,70,Yes,No,Fiber optic,Month-to-month,80,No,0,2
5988,Male,0,No,1,Yes,No,DSL,Two year,88,Yes,1,0
5989,Male,0,No,70,Yes,No,DSL,Two year,110,Yes,1,2
5990,Female,0,No,72,Yes,Yes,Fiber optic,Month-to-month,97,No,0,2
5991,Male,1,No,25,Yes,No,Fiber optic,Month-to-month,106,Yes,1,3
5992,Male,0,No,23,Yes,No,Fiber optic,Month-to-month,104,Yes,1,0
5993,Male,0,No,65,Yes,Yes,DSL,One year,20,No,0,1
5994,Male,0,Yes,25,Yes,No,Fiber optic,Month-to-month,21,No,0,1
5995,Female,1,No,15,Yes,Yes,Fiber optic,Month-to-month,83,Yes,1,3
5996,Male,1,No,41,No,No,Fiber optic,Two year,54,No,0,3
5997,Female,0,No,1,Yes,No,DSL,Two year,55,No,0,0
5998,Male,0,No,48,Yes,Yes,Fiber optic,Month-to-month,71,No,0,2
5999,Male,0,Yes,4,Yes,No,DSL,Two year,61,Yes,1,0
6000,Male,0,No,17,Yes,Yes,Fiber optic,Two year,20,No,0,1
6001,Female,1,No,42,Yes,No,DSL,One year,105,Yes,1,3
6002,Male,0,Yes,49,No,No,DSL,Month-to-month,39,No,0,1
6003,Male,0,No,21,Yes,Yes,Fiber optic,Month-to-month,20,No,0,1
6004,Male,0,Yes,60,Yes,Yes,DSL,Two year,111,No,0,2
6005,Male,0,No,58,Yes,No,Fiber optic,One year,24,No,0,1
6006,Male,0,No,31,Yes,Yes,DSL,One year,20,No,0,1
6007,Female,0,No,61,Yes,No,DSL,Month-to-month,101,No,0,2
6008,Male,0,Yes,64,Yes,No,DSL,One year,90,No,0,2
6009,Female,0,Yes,61,No,No,DSL,One year,61,No,0,2
6010,Male,0,No,67,Yes,Yes,Fiber optic,Month-to-month,71,No,0,2
6011,Male,0,No,55,Yes,Yes,DSL,Two year,26,No,0,1
6012,Female,0,No,20,Yes,No,DSL,Month-to-month,20,No,0,1
6013,Male,0,No,11,Yes,No,Fiber optic,Month-to-month,80,No,0,0
6014,Female,0,Yes,72,Yes,Yes,Fiber optic,One year,117,No,0,2
6015,Female,0,Yes,57,Yes,No,Fiber optic,One year,84,No,0,2
6016,Male,1,No,70,No,No,Fiber optic,Month-to-month,44,No,0,3
6017,Female,0,No,68,Yes,Yes,Fiber optic,One year,110,No,0,2
6018,Male,0,No,1,Yes,No,DSL,Month-to-month,85,Yes,1,0
6019,Male,0,No,47,Yes,No,DSL,Two year,79,No,0,2
6020,Female,0,No,15,Yes,Yes,DSL,One year,65,Yes,1,0
6021,Female,0,Yes,69,Yes,No,DSL,One year,20,No,0,1
6022,Female,0,No,3,Yes,No,DSL,Month-to-month,55,Yes,1,0
6023,Female,0,Yes,1,Yes,No,DSL,Month-to-month,19,Yes,1,1
6024,Male,0,No,33,Yes,No,DSL,Two year,89,No,0,0
6025,Male,0,Yes,53,Yes,Yes,Fiber optic,Month-to-month,70,No,0,2
6026,Female,1,No,20,Yes,No,DSL,Month-to-month,81,No,0,3
6027,Male,1,No,1,Yes,No,DSL,Month-to-month,94,Yes,1,3
6028,Male,0,No,10,Yes,Yes,DSL,Two year,99,No,0,0
6029,Female,0,No,32,Yes,No,Fiber optic,Month-to-month,20,No,0,1
6030,Male,1,No,56,Yes,No,Fiber optic,Month-to-month,101,No,0,3
6031,Female,0,No,71,Yes,No,DSL,Month-to-month,19,No,0,1
6032,Female,1,No,13,Yes,No,DSL,Month-to-month,70,Yes,1,3
6033,Female,0,No,2,Yes,Yes,Fiber optic,Month-to-month,20,No,0,1
6034,Male,0,No,17,Yes,Yes,Fiber optic,Month-to-month,96,No,0,0
6035,Male,0,No,2,Yes,No,DSL,One year,55,Yes,1,0
6036,Female,0,No,72,Yes,Yes,Fiber optic,One year,101,No,0,2
6037,Male,0,No,26,No,No,Fiber optic,One year,55,No,0,1
6038,Male,0,Yes,5,Yes,Yes,Fiber optic,Month-to-month,26,Yes,1,1
6039,Male,0,No,3,Yes,Yes,Fiber optic,Two year,101,Yes,1,0
6040,Female,0,No,26,Yes,No,DSL,Month-to-month,81,No,0,0
6041,Female,0,Yes,59,Yes,No,Fiber optic,Month-to-month,66,No,0,2
6042,Female,0,Yes,27,Yes,No,DSL,Month-to-month,50,No,0,1
6043,Male,0,No,57,Yes,No,DSL,One year,103,No,0,2
6044,Female,0,No,1,Yes,No,DSL,Month-to-month,44,Yes,1,0
6045,Female,0,No,37,Yes,Yes,Fiber optic,Month-to-month,20,No,0,1
6046,Female,0,No,6,Yes,No,DSL,One year,49,No,0,0
6047,Male,0,No,18,Yes,No,Fiber optic,Month-to-month,76,No,0,0
6048,Male,0,Yes,19,Yes,Yes,DSL,Month-to-month,101,Yes,1,0
6049,Female,0,Yes,67,Yes,Yes,Fiber optic,Month-to-month,76,No,0,2
6050,Male,1,No,34,Yes,No,DSL,Two year,72,No,0,3
6051,Female,0,No,22,Yes,Yes,Fiber optic,Month-to-month,49,Yes,1,0
6052,Male,0,No,52,Yes,No,DSL,Month-to-month,91,No,0,2
6053,Male,0,No,56,No,No,DSL,Two year,54,No,0,2
6054,Male,1,No,18,Yes,Yes,DSL,Two year,95,Yes,1,3
6055,Male,1,Yes,56,Yes,Yes,Fiber optic,Month-to-month,105,Yes,1,3
6056,Male,0,No,4,Yes,No,DSL,Month-to-month,90,No,0,0
6057,Female,0,No,64,Yes,Yes,DSL,One year,115,No,0,2
6058,Male,0,No,61,Yes,No,DSL,Month-to-month,81,No,0,2
6059,Female,1,No,71,Yes,No,DSL,Month-to-month,99,No,0,3
6060,Male,0,No,2,Yes,No,DSL,One year,70,Yes,1,0
6061,Male,1,No,64,Yes,No,Fiber optic,Month-to-month,102,No,0,3
6062,Male,0,No,45,Yes,Yes,DSL,Month-to-month,108,No,0,2
6063,Male,0,No,18,Yes,No,Fiber optic,Month-to-month,24,No,0,1
6064,Male,0,Yes,66,Yes,No,DSL,Two year,26,No,0,1
6065,Male,0,No,37,No,No,DSL,Month-to-month,41,No,0,1
6066,Male,0,Yes,39,Yes,Yes,DSL,Two year,25,No,0,1
6067,Male,0,No,25,Yes,No,Fiber optic,Month-to-month,85,Yes,1,0
6068,Male,0,No,22,Yes,No,DSL,One year,87,No,0,0
6069,Male,0,No,10,Yes,No,DSL,Month-to-month,20,No,0,1
6070,Female,0,No,20,Yes,No,DSL,One year,20,No,0,1
6071,Male,1,No,8,Yes,Yes,DSL,Two year,64,No,0,3
6072,Female,0,No,49,Yes,Yes,Fiber optic,Two year,52,No,0,2
6073,Female,1,No,65,Yes,No,DSL,Month-to-month,106,No,0,3
6074,Male,1,No,1,Yes,Yes,DSL,One year,45,No,0,3
6075,Male,0,No,5,Yes,No,DSL,Month-to-month,94,Yes,1,0
6076,Female,1,No,72,Yes,No,DSL,One year,97,No,0,3
6077,Female,0,No,72,Yes,No,DSL,One year,110,No,0,2
6078,Female,0,No,53,Yes,Yes,Fiber optic,Two year,100,No,0,2
6079,Male,0,No,21,Yes,Yes,DSL,One year,75,No,0,0
6080,Female,1,Yes,70,Yes,Yes,DSL,Month-to-month,108,No,0,3
6081,Female,0,Yes,33,Yes,No,DSL,Month-to-month,104,Yes,1,2
6082,Female,0,No,23,Yes,No,DSL,Month-to-month,76,Yes,1,0
6083,Male,0,Yes,45,Yes,Yes,Fiber optic,Month-to-month,55,No,0,1
6084,Female,0,Yes,35,Yes,Yes,DSL,Two year,20,No,0,1
6085,Male,0,No,16,Yes,Yes,Fiber optic,Month-to-month,20,Yes,1,1
6086,Female,0,No,49,Yes,Yes,DSL,Month-to-month,107,No,0,2
6087,Male,0,No,1,Yes,Yes,DSL,Two year,19,Yes,1,1
6088,Male,0,No,61,Yes,No,DSL,One year,81,No,0,2
6089,Male,1,Yes,68,Yes,No,DSL,Month-to-month,20,No,0,3
6090,Male,0,No,1,Yes,Yes,Fiber optic,Month-to-month,20,No,0,1
6091,Female,0,No,60,No,No,Fiber optic,Two year,54,No,0,2
6092,Male,0,Yes,53,Yes,Yes,Fiber optic,Month-to-month,26,No,0,1
6093,Female,1,No,28,Yes,Yes,Fiber optic,Two year,103,Yes,1,3
6094,Female,0,No,2,Yes,No,DSL,Two year,70,Yes,1,0
6095,Female,1,No,1,Yes,No,DSL,Two year,70,No,0,3
6096,Female,0,No,16,Yes,No,DSL,Month-to-month,73,Yes,1,0
6097,Female,0,Yes,72,Yes,No,Fiber optic,Month-to-month,20,No,0,1
6098,Female,0,No,6,Yes,Yes,DSL,Two year,55,No,0,0
6099,Male,0,No,3,Yes,Yes,DSL,One year,108,No,0,0
6100,Male,0,Yes,49,Yes,Yes,DSL,Two year,90,No,0,2
6101,Female,0,No,1,Yes,Yes,Fiber optic,Month-to-month,50,Yes,1,0
6102,Male,0,No,50,Yes,Yes,Fiber optic,Two year,94,No,0,2
6103,Female,1,Yes,12,No,Yes,DSL,Two year,29,No,0,3
6104,Male,1,No,32,Yes,No,DSL,Month-to-month,80,Yes,1,3
6105,Male,0,Yes,68,Yes,Yes,DSL,One year,103,No,0,2
6106,Male,0,No,1,Yes,Yes,Fiber optic,One year,21,No,0,1
6107,Male,0,No,40,No,No,DSL,Month-to-month,36,No,0,1
6108,Male,0,No,5,Yes,No,DSL,Month-to-month,51,No,0,0
6109,Male,0,No,72,Yes,No,DSL,Month-to-month,79,No,0,2
6110,Female,0,No,1,Yes,Yes,DSL,Month-to-month,85,Yes,1,0
6111,Female,0,No,58,Yes,No,DSL,Month-to-month,109,No,0,2
6112,Female,0,No,24,Yes,Yes,Fiber optic,Month-to-month,25,No,0,1
6113,Female,1,No,3,Yes,Yes,Fiber optic,One year,84,Yes,1,3
6114,Female,0,Yes,62,Yes,Yes,Fiber optic,Month-to-month,20,No,0,1
6115,Male,0,Yes,72,Yes,No,DSL,Month-to-month,111,No,0,2
6116,Female,1,No,50,Yes,No,Fiber optic,Two year,71,Yes,1,3
6117,Male,0,Yes,66,Yes,Yes,DSL,One year,20,No,0,1
6118,Male,0,Yes,40,Yes,No,DSL,Two year,81,No,0,2
6119,Male,0,No,40,Yes,Yes,Fiber optic,Two year,71,No,0,2
6120,Male,0,Yes,67,Yes,No,DSL,One year,103,No,0,2
6121,Female,1,No,56,Yes,No,DSL,Month-to-month,105,No,0,3
6122,Female,0,Yes,64,Yes,No,DSL,Two year,20,No,0,1
6123,Male,1,No,20,Yes,No,DSL,One year,84,No,0,3
6124,Male,1,No,71,Yes,Yes,Fiber optic,One year,96,No,0,3
6125,Male,0,Yes,41,Yes,No,DSL,One year,75,No,0,2
6126,Male,0,Yes,72,No,Yes,Fiber optic,Month-to-month,49,No,0,2
6127,Male,0,Yes,18,No,No,Fiber optic,Month-to-month,46,No,0,1
6128,Male,1,No,71,Yes,Yes,Fiber optic,One year,71,No,0,3
6129,Male,0,No,46,Yes,No,Fiber optic,Month-to-month,66,No,0,2
6130,Female,0,Yes,46,Yes,No,DSL,Month-to-month,20,No,0,1
6131,Male,0,No,57,Yes,No,DSL,Two year,55,No,0,2
6132,Female,0,No,68,Yes,Yes,Fiber optic,Month-to-month,81,No,0,2
6133,Female,0,No,1,No,No,DSL,Month-to-month,25,No,0,1
6134,Male,0,No,38,Yes,No,DSL,Month-to-month,20,No,0,1
6135,Female,1,No,32,Yes,No,DSL,Month-to-month,79,No,0,3
6136,Female,0,No,2,Yes,Yes,Fiber optic,Two year,45,No,0,0
6137,Male,0,No,10,Yes,No,DSL,Two year,70,No,0,0
6138,Female,0,No,72,Yes,No,DSL,Month-to-month,19,No,0,1
6139,Female,0,Yes,65,Yes,Yes,Fiber optic,Month-to-month,111,No,0,2
6140,Male,0,No,21,Yes,No,DSL,Month-to-month,84,No,0,0
6141,Female,0,No,67,Yes,No,DSL,Month-to-month,20,No,0,1
6142,Female,0,No,12,Yes,Yes,Fiber optic,Month-to-month,76,No,0,0
6143,Female,1,No,25,Yes,Yes,DSL,Month-to-month,103,Yes,1,3
6144,Female,1,No,8,Yes,No,DSL,One year,85,No,0,3
6145,Male,0,No,1,Yes,No,Fiber optic,Month-to-month,19,No,0,1
6146,Female,0,Yes,65,Yes,No,DSL,Two year,79,No,0,2
6147,Female,1,No,2,Yes,No,Fiber optic,Month-to-month,55,Yes,1,3
6148,Female,0,Yes,62,No,No,Fiber optic,One year,49,No,0,2
6149,Male,0,No,36,Yes,Yes,DSL,Two year,85,Yes,1,0
6150,Female,0,No,38,Yes,No,DSL,One year,19,No,0,1
6151,Male,0,Yes,57,Yes,No,Fiber optic,Month-to-month,60,No,0,2
6152,Male,0,No,32,Yes,No,Fiber optic,Month-to-month,20,No,0,1
6153,Male,0,No,44,Yes,No,Fiber optic,Month-to-month,90,No,0,2
6154,Male,0,No,2,Yes,No,DSL,Two year,54,Yes,1,0
6155,Female,0,No,41,Yes,Yes,Fiber optic,Two year,114,Yes,1,2
6156,Female,0,Yes,14,Yes,No,DSL,Month-to-month,91,Yes,1,0
6157,Female,0,No,56,Yes,No,Fiber optic,Month-to-month,86,No,0,2
6158,Female,1,No,7,Yes,No,DSL,Month-to-month,85,Yes,1,3
6159,Male,0,No,11,Yes,No,DSL,Month-to-month,20,No,0,1
6160,Female,0,No,13,Yes,No,DSL,One year,20,No,0,1
6161,Female,0,No,71,Yes,Yes,DSL,One year,105,No,0,2
6162,Male,0,No,22,Yes,No,Fiber optic,Month-to-month,25,No,0,1
6163,Male,0,No,42,Yes,No,DSL,Two year,99,No,0,2
6164,Female,0,Yes,15,Yes,Yes,Fiber optic,Month-to-month,20,No,0,1
6165,Male,0,Yes,69,Yes,Yes,DSL,Two year,92,No,0,2
6166,Female,0,Yes,23,Yes,No,Fiber optic,Month-to-month,75,No,0,0
6167,Male,0,No,19,Yes,Yes,Fiber optic,Month-to-month,74,Yes,1,0
6168,Female,0,Yes,63,Yes,No,Fiber optic,Month-to-month,51,No,0,2
6169,Male,0,Yes,68,Yes,No,Fiber optic,Month-to-month,73,No,0,2
6170,Male,0,No,1,Yes,No,DSL,Month-to-month,81,Yes,1,0
6171,Female,0,No,18,No,No,DSL,Month-to-month,39,Yes,1,1
6172,Female,0,No,71,No,Yes,Fiber optic,Month-to-month,58,No,0,2
6173,Female,0,Yes,15,Yes,No,Fiber optic,Month-to-month,20,No,0,1
6174,Male,0,Yes,8,Yes,Yes,Fiber optic,Month-to-month,20,No,0,1
6175,Male,1,No,21,Yes,No,DSL,Month-to-month,97,Yes,1,3
6176,Female,0,No,6,Yes,No,Fiber optic,One year,90,No,0,0
6177,Male,1,No,69,No,Yes,Fiber optic,Month-to-month,30,No,0,3
6178,Male,0,Yes,68,No,No,DSL,Month-to-month,56,No,0,2
6179,Female,0,No,1,Yes,No,DSL,Two year,20,No,0,1
6180,Male,0,Yes,62,Yes,Yes,Fiber optic,Month-to-month,20,No,0,1
6181,Male,0,Yes,38,Yes,Yes,Fiber optic,Two year,79,No,0,2
6182,Male,0,No,5,Yes,Yes,Fiber optic,One year,85,Yes,1,0
6183,Male,1,No,3,Yes,Yes,DSL,Two year,95,Yes,1,3
6184,Female,0,No,45,Yes,No,DSL,One year,116,No,0,2
6185,Female,0,No,1,Yes,Yes,DSL,Month-to-month,21,Yes,1,1
6186,Female,1,No,9,Yes,Yes,Fiber optic,One year,76,No,0,3
6187,Female,0,No,20,Yes,Yes,Fiber optic,One year,70,No,0,0
6188,Female,1,No,54,Yes,No,DSL,Two year,80,Yes,1,3
6189,Male,0,No,20,Yes,No,DSL,Month-to-month,20,No,0,1
6190,Male,0,No,48,Yes,Yes,DSL,Two year,108,No,0,2
6191,Male,1,No,54,No,No,Fiber optic,Month-to-month,25,No,0,3
6192,Female,0,No,1,Yes,Yes,DSL,Month-to-month,50,No,0,0
6193,Female,0,No,1,Yes,No,Fiber optic,Month-to-month,44,No,0,0
6194,Male,0,No,1,Yes,Yes,Fiber optic,One year,20,No,0,1
6195,Male,0,No,48,Yes,Yes,Fiber optic,One year,20,No,0,1
6196,Female,0,No,1,Yes,Yes,Fiber optic,Month-to-month,20,No,0,1
6197,Female,0,No,37,Yes,Yes,Fiber optic,Two year,72,No,0,0
6198,Male,0,No,1,Yes,No,DSL,Month-to-month,19,No,0,1
6199,Male,0,Yes,39,Yes,Yes,DSL,Two year,25,No,0,1
6200,Female,0,No,4,Yes,No,Fiber optic,Month-to-month,56,No,0,0
6201,Female,0,Yes,33,Yes,No,DSL,Two year,24,No,0,1
6202,Male,0,No,18,Yes,No,Fiber optic,Month-to-month,19,No,0,1
6203,Male,0,No,4,Yes,Yes,DSL,One year,50,Yes,1,0
6204,Male,0,Yes,56,Yes,Yes,Fiber optic,One year,21,No,0,1
6205,Female,0,No,17,Yes,No,DSL,Month-to-month,70,Yes,1,0
6206,Male,0,No,50,Yes,Yes,Fiber optic,Month-to-month,90,No,0,2
6207,Male,0,Yes,72,Yes,Yes,Fiber optic,Month-to-month,20,No,0,1
6208,Male,0,No,10,Yes,No,Fiber optic,Month-to-month,75,No,0,0
6209,Female,0,Yes,25,Yes,Yes,DSL,Two year,20,No,0,1
6210,Female,0,No,71,Yes,No,DSL,One year,25,No,0,1
6211,Female,0,Yes,20,Yes,No,DSL,One year,26,No,0,1
6212,Male,0,No,14,Yes,No,Fiber optic,Month-to-month,86,Yes,1,0
6213,Male,0,Yes,62,Yes,No,DSL,One year,56,No,0,2
6214,Male,0,Yes,8,No,No,DSL,Two year,26,Yes,1,1
6215,Male,1,No,54,Yes,No,DSL,Two year,90,No,0,3
6216,Female,0,No,61,Yes,Yes,Fiber optic,Month-to-month,119,No,0,2
6217,Female,0,Yes,67,No,Yes,DSL,Two year,60,No,0,2
6218,Male,1,No,49,Yes,No,Fiber optic,One year,81,No,0,3
6219,Male,0,No,66,Yes,No,DSL,One year,92,No,0,2
6220,Male,0,No,47,Yes,No,DSL,Month-to-month,104,No,0,2
6221,Male,0,No,21,No,No,DSL,Two year,36,No,0,1
6222,Male,0,No,51,Yes,No,DSL,One year,99,No,0,2
6223,Female,1,No,22,Yes,Yes,Fiber optic,Month-to-month,82,No,0,3
6224,Male,0,No,3,Yes,No,Fiber optic,Month-to-month,21,No,0,1
6225,Female,0,No,64,Yes,Yes,Fiber optic,One year,110,No,0,2
6226,Female,0,No,67,No,Yes,Fiber optic,Two year,53,No,0,2
6227,Male,0,No,72,Yes,Yes,DSL,Two year,25,No,0,1
6228,Male,0,Yes,37,Yes,No,DSL,Month-to-month,61,No,0,1
6229,Female,1,No,37,Yes,Yes,DSL,One year,20,No,0,3
6230,Male,1,No,41,Yes,Yes,DSL,Two year,98,Yes,1,3
6231,Male,0,No,65,Yes,No,DSL,Month-to-month,104,No,0,2
6232,Male,0,No,47,Yes,No,Fiber optic,Month-to-month,20,No,0,1
6233,Female,0,No,26,Yes,Yes,Fiber optic,Month-to-month,75,Yes,1,0
6234,Male,0,No,9,Yes,No,DSL,Month-to-month,85,Yes,1,0
6235,Female,0,Yes,60,Yes,Yes,DSL,Two year,81,No,0,2
6236,Male,1,No,1,Yes,No,DSL,Month-to-month,86,Yes,1,3
6237,Female,0,No,62,No,Yes,Fiber optic,Month-to-month,44,No,0,1
6238,Female,0,No,6,Yes,No,Fiber optic,Month-to-month,69,Yes,1,0
6239,Female,0,No,53,Yes,Yes,Fiber optic,Month-to-month,99,No,0,2
6240,Female,0,No,32,Yes,Yes,Fiber optic,Two year,76,No,0,0
6241,Male,0,No,67,Yes,Yes,Fiber optic,Month-to-month,118,Yes,1,2
6242,Female,0,No,15,Yes,No,DSL,Month-to-month,25,Yes,1,1
6243,Male,0,No,49,No,Yes,Fiber optic,Two year,30,No,0,1
6244,Female,0,Yes,22,Yes,Yes,DSL,Two year,55,Yes,1,0
6245,Male,0,No,64,Yes,Yes,Fiber optic,Month-to-month,105,No,0,2
6246,Male,0,No,21,Yes,Yes,DSL,One year,82,Yes,1,0
6247,Female,1,No,12,Yes,No,DSL,Two year,98,Yes,1,3
6248,Female,0,No,43,Yes,Yes,Fiber optic,Two year,94,No,0,2
6249,Male,0,Yes,66,Yes,No,DSL,Two year,20,No,0,1
6250,Female,0,No,44,Yes,Yes,Fiber optic,Month-to-month,96,Yes,1,2
6251,Female,1,No,17,Yes,Yes,Fiber optic,Two year,21,No,0,3
6252,Female,0,No,1,Yes,No,DSL,Month-to-month,50,Yes,1,0
6253,Male,1,No,51,Yes,No,DSL,Month-to-month,98,Yes,1,3
6254,Male,0,No,9,Yes,No,DSL,Month-to-month,20,Yes,1,1
6255,Female,0,No,64,Yes,No,Fiber optic,Two year,100,Yes,1,2
6256,Male,0,No,8,Yes,Yes,Fiber optic,One year,75,No,0,0
6257,Male,0,Yes,57,Yes,No,DSL,Month-to-month,74,No,0,2
6258,Female,0,No,59,Yes,No,Fiber optic,Month-to-month,69,No,0,2
6259,Male,0,No,64,Yes,No,DSL,Month-to-month,66,No,0,2
6260,Female,0,Yes,1,Yes,No,DSL,Two year,19,No,0,1
6261,Female,0,Yes,72,Yes,No,DSL,Two year,86,No,0,2
6262,Male,0,No,1,Yes,No,DSL,Two year,80,Yes,1,0
6263,Male,1,No,51,Yes,Yes,Fiber optic,One year,25,No,0,3
6264,Female,0,No,42,Yes,No,DSL,One year,84,Yes,1,2
6265,Female,0,No,1,Yes,No,Fiber optic,Two year,20,No,0,1
6266,Female,0,No,56,Yes,No,DSL,Month-to-month,103,No,0,2
6267,Male,0,No,39,Yes,Yes,Fiber optic,Month-to-month,106,No,0,2
6268,Male,0,Yes,25,No,No,Fiber optic,Month-to-month,41,No,0,1
6269,Male,1,Yes,71,Yes,No,DSL,One year,73,No,0,3
6270,Male,0,No,10,Yes,No,DSL,Month-to-month,46,No,0,0
6271,Male,0,No,40,Yes,No,DSL,Two year,85,No,0,2
6272,Male,0,Yes,68,Yes,Yes,Fiber optic,One year,24,No,0,1
6273,Male,0,Yes,61,Yes,No,DSL,One year,20,No,0,1
6274,Male,0,Yes,69,Yes,No,Fiber optic,Month-to-month,87,No,0,2
6275,Female,0,No,30,Yes,Yes,Fiber optic,One year,85,Yes,1,0
6276,Male,0,No,1,Yes,Yes,DSL,Two year,46,Yes,1,0
6277,Female,0,No,22,Yes,No,DSL,One year,19,No,0,1
6278,Male,0,Yes,38,Yes,No,DSL,Month-to-month,95,No,0,2
6279,Female,0,No,3,Yes,Yes,Fiber optic,Two year,75,Yes,1,0
6280,Male,0,No,1,No,No,DSL,Month-to-month,35,Yes,1,1
6281,Male,0,No,41,Yes,No,DSL,One year,90,No,0,2
6282,Female,0,No,7,Yes,No,DSL,One year,50,No,0,0
6283,Female,0,Yes,68,Yes,No,DSL,Two year,104,No,0,2
6284,Male,0,No,5,Yes,No,Fiber optic,Month-to-month,64,No,0,0
6285,Male,0,Yes,41,Yes,Yes,Fiber optic,Month-to-month,103,Yes,1,2
6286,Female,0,Yes,35,Yes,No,DSL,One year,26,No,0,1
6287,Male,0,No,19,Yes,No,DSL,Month-to-month,86,Yes,1,0
6288,Male,0,Yes,69,Yes,Yes,Fiber optic,Month-to-month,79,No,0,2
6289,Male,0,Yes,45,Yes,Yes,Fiber optic,Month-to-month,74,No,0,2
6290,Male,0,Yes,67,Yes,Yes,Fiber optic,Two year,68,No,0,2
6291,Female,0,Yes,61,Yes,Yes,Fiber optic,Two year,79,No,0,2
6292,Male,0,No,24,Yes,Yes,DSL,One year,85,No,0,0
6293,Female,0,No,22,Yes,Yes,Fiber optic,One year,69,Yes,1,0
6294,Female,0,No,63,Yes,No,DSL,Two year,81,No,0,2
6295,Female,0,No,1,No,No,DSL,Month-to-month,36,Yes,1,1
6296,Female,0,No,24,Yes,No,DSL,Two year,104,No,0,0
6297,Female,0,No,39,Yes,No,DSL,One year,96,Yes,1,2
6298,Male,0,Yes,63,Yes,Yes,Fiber optic,One year,91,No,0,2
6299,Male,0,No,1,Yes,Yes,Fiber optic,Month-to-month,51,No,0,0
6300,Female,0,Yes,26,No,Yes,DSL,Two year,30,No,0,1
6301,Male,0,No,41,No,Yes,DSL,Two year,51,No,0,1
6302,Male,0,No,22,Yes,Yes,DSL,Month-to-month,20,No,0,1
6303,Male,0,Yes,35,Yes,Yes,Fiber optic,Month-to-month,90,No,0,2
6304,Male,0,Yes,37,Yes,Yes,Fiber optic,Two year,20,No,0,1
6305,Female,0,No,55,Yes,No,Fiber optic,Month-to-month,104,No,0,2
6306,Female,0,No,38,Yes,Yes,Fiber optic,Month-to-month,66,No,0,0
6307,Female,0,Yes,32,No,Yes,Fiber optic,One year,35,No,0,1
6308,Female,0,Yes,14,Yes,No,DSL,Month-to-month,86,No,0,0
6309,Male,0,Yes,62,Yes,No,Fiber optic,Month-to-month,104,No,0,2
6310,Female,0,No,14,Yes,Yes,DSL,Two year,86,Yes,1,0
6311,Male,0,Yes,29,Yes,No,DSL,One year,89,Yes,1,0
6312,Male,0,No,54,Yes,Yes,Fiber optic,One year,90,No,0,2
6313,Female,0,Yes,71,Yes,No,Fiber optic,One year,95,No,0,2
6314,Male,0,No,47,Yes,No,Fiber optic,Month-to-month,95,No,0,2
6315,Male,1,No,2,Yes,Yes,Fiber optic,Month-to-month,95,Yes,1,3
6316,Female,0,Yes,45,No,No,DSL,Two year,51,No,0,1
6317,Male,0,No,70,Yes,Yes,DSL,Two year,76,No,0,2
6318,Female,0,Yes,4,Yes,Yes,Fiber optic,Month-to-month,20,Yes,1,1
6319,Male,0,Yes,33,Yes,No,DSL,Month-to-month,82,No,0,2
6320,Male,1,Yes,20,Yes,No,DSL,Month-to-month,94,No,0,3
6321,Male,0,Yes,56,Yes,No,DSL,One year,24,No,0,1
6322,Female,0,No,12,Yes,No,DSL,Month-to-month,100,Yes,1,0
6323,Male,0,Yes,1,Yes,No,Fiber optic,Month-to-month,20,No,0,1
6324,Female,1,No,38,Yes,Yes,Fiber optic,One year,57,Yes,1,3
6325,Female,0,Yes,12,Yes,No,Fiber optic,Month-to-month,58,No,0,0
6326,Male,0,No,1,Yes,No,Fiber optic,Month-to-month,20,Yes,1,1
6327,Male,0,No,28,Yes,No,DSL,Two year,18,No,0,1
6328,Female,0,Yes,43,Yes,No,Fiber optic,One year,50,No,0,1
6329,Female,0,No,61,Yes,Yes,DSL,Two year,107,Yes,1,2
6330,Male,0,No,16,Yes,No,Fiber optic,Two year,55,No,0,0
6331,Male,0,No,10,Yes,Yes,Fiber optic,Month-to-month,70,Yes,1,0
6332,Male,0,Yes,63,Yes,No,DSL,One year,80,No,0,2
6333,Male,0,No,62,Yes,No,Fiber optic,Two year,24,No,0,1
6334,Male,0,No,46,No,Yes,Fiber optic,One year,40,No,0,1
6335,Male,0,Yes,1,Yes,Yes,Fiber optic,Two year,20,No,0,1
6336,Female,0,Yes,9,Yes,No,DSL,Month-to-month,55,No,0,0
6337,Male,0,No,2,Yes,Yes,Fiber optic,Month-to-month,96,Yes,1,0
6338,Male,0,Yes,35,Yes,Yes,Fiber optic,One year,69,No,0,2
6339,Male,0,Yes,69,Yes,No,DSL,Month-to-month,82,No,0,2
6340,Male,0,No,33,Yes,No,DSL,Month-to-month,80,No,0,0
6341,Female,0,No,46,Yes,Yes,Fiber optic,Month-to-month,21,No,0,1
6342,Female,1,No,1,Yes,Yes,Fiber optic,Month-to-month,70,Yes,1,3
6343,Female,0,No,1,Yes,Yes,Fiber optic,Month-to-month,76,No,0,0
6344,Female,0,Yes,65,Yes,No,DSL,One year,26,No,0,1
6345,Female,0,No,15,Yes,Yes,Fiber optic,Month-to-month,59,No,0,0
6346,Male,0,No,7,Yes,Yes,DSL,Month-to-month,69,No,0,0
6347,Male,0,No,19,Yes,No,DSL,Month-to-month,78,Yes,1,0
6348,Male,0,Yes,25,Yes,No,Fiber optic,Month-to-month,76,No,0,0
6349,Male,0,No,38,Yes,No,Fiber optic,Month-to-month,70,No,0,0
6350,Female,0,No,53,Yes,No,DSL,Two year,19,No,0,1
6351,Male,0,No,1,Yes,No,DSL,Month-to-month,45,Yes,1,0
6352,Female,0,Yes,1,Yes,Yes,Fiber optic,Month-to-month,69,Yes,1,0
6353,Male,0,Yes,52,Yes,Yes,Fiber optic,Month-to-month,21,No,0,1
6354,Female,0,No,43,Yes,No,DSL,Month-to-month,79,No,0,2
6355,Male,0,Yes,23,Yes,No,Fiber optic,One year,54,No,0,1
6356,Female,0,No,2,Yes,Yes,Fiber optic,Two year,81,Yes,1,0
6357,Female,0,No,34,Yes,No,Fiber optic,One year,50,No,0,1
6358,Male,0,Yes,6,Yes,Yes,Fiber optic,One year,45,Yes,1,1
6359,Male,0,No,26,Yes,No,DSL,Two year,52,No,0,0
6360,Male,0,No,2,Yes,No,Fiber optic,Month-to-month,45,No,0,0
6361,Female,0,Yes,11,Yes,No,DSL,Month-to-month,20,No,0,1
6362,Male,0,No,1,Yes,No,DSL,Month-to-month,50,Yes,1,0
6363,Male,0,No,53,Yes,Yes,Fiber optic,Month-to-month,98,No,0,2
6364,Male,0,No,1,Yes,No,Fiber optic,Month-to-month,20,No,0,1
6365,Male,0,No,14,Yes,Yes,DSL,Two year,76,No,0,0
6366,Female,1,No,22,Yes,Yes,Fiber optic,Month-to-month,26,No,0,3
6367,Male,0,No,64,Yes,No,DSL,Two year,84,No,0,2
6368,Female,0,No,62,Yes,No,DSL,Two year,72,No,0,2
6369,Male,0,No,36,Yes,Yes,Fiber optic,Month-to-month,65,Yes,1,0
6370,Male,0,No,4,Yes,No,Fiber optic,Two year,81,Yes,1,0
6371,Male,0,Yes,38,Yes,Yes,Fiber optic,Month-to-month,85,No,0,2
6372,Male,0,No,32,Yes,Yes,DSL,Two year,86,No,0,0
6373,Female,0,Yes,61,No,No,DSL,Two year,51,No,0,2
6374,Female,0,No,70,Yes,No,Fiber optic,Month-to-month,26,No,0,1
6375,Male,1,No,31,Yes,No,DSL,Two year,89,No,0,3
6376,Male,0,No,9,Yes,No,Fiber optic,Month-to-month,19,Yes,1,1
6377,Female,0,No,66,Yes,No,DSL,Two year,90,No,0,2
6378,Female,0,No,10,Yes,No,DSL,Month-to-month,20,No,0,1
6379,Female,0,Yes,30,Yes,No,Fiber optic,Month-to-month,64,No,0,0
6380,Male,0,Yes,5,Yes,Yes,Fiber optic,Month-to-month,90,No,0,0
6381,Male,0,Yes,54,Yes,Yes,Fiber optic,Month-to-month,24,No,0,1
6382,Male,0,No,59,No,No,DSL,Month-to-month,41,Yes,1,1
6383,Male,0,Yes,40,Yes,No,DSL,One year,25,No,0,1
6384,Male,0,No,35,Yes,No,DSL,Two year,109,No,0,2
6385,Female,0,No,12,Yes,No,DSL,One year,62,Yes,1,0
6386,Male,0,No,42,Yes,Yes,Fiber optic,Month-to-month,95,Yes,1,2
6387,Female,0,No,72,Yes,Yes,DSL,Two year,108,No,0,2
6388,Male,0,Yes,63,No,No,DSL,Month-to-month,39,No,0,1
6389,Male,0,No,4,Yes,No,DSL,Month-to-month,20,No,0,1
6390,Female,1,Yes,68,No,No,DSL,Two year,53,No,0,3
6391,Male,0,No,32,Yes,No,Fiber optic,One year,65,No,0,0
6392,Male,0,Yes,5,Yes,Yes,DSL,One year,80,Yes,1,0
6393,Female,0,No,72,Yes,No,DSL,Month-to-month,109,No,0,2
6394,Male,0,No,1,Yes,Yes,Fiber optic,Month-to-month,76,Yes,1,0
6395,Female,1,No,1,Yes,No,DSL,One year,56,Yes,1,3
6396,Female,0,Yes,71,Yes,Yes,Fiber optic,One year,91,No,0,2
6397,Female,0,Yes,46,Yes,Yes,Fiber optic,Month-to-month,19,No,0,1
6398,Female,0,No,13,No,No,DSL,One year,24,Yes,1,1
6399,Female,0,No,41,Yes,Yes,Fiber optic,Two year,81,No,0,2
6400,Male,1,No,30,Yes,Yes,Fiber optic,Month-to-month,75,No,0,3
6401,Female,0,No,1,Yes,Yes,DSL,Two year,69,Yes,1,0
6402,Female,0,Yes,22,No,No,DSL,Month-to-month,49,No,0,1
6403,Male,0,Yes,1,Yes,Yes,DSL,Two year,20,No,0,1
6404,Female,0,No,10,Yes,Yes,Fiber optic,Two year,78,No,0,0
6405,Female,0,No,19,No,Yes,Fiber optic,Two year,45,Yes,1,1
6406,Male,0,Yes,27,Yes,Yes,Fiber optic,One year,56,No,0,1
6407,Female,0,No,14,Yes,No,DSL,Month-to-month,70,No,0,0
6408,Male,0,No,59,Yes,No,DSL,One year,114,No,0,2
6409,Male,0,No,2,Yes,Yes,Fiber optic,Two year,76,Yes,1,0
6410,Male,0,Yes,12,Yes,No,DSL,One year,21,No,0,1
6411,Male,0,No,4,Yes,Yes,DSL,One year,46,No,0,0
6412,Male,1,No,65,Yes,No,Fiber optic,Month-to-month,110,No,0,3
6413,Male,0,Yes,2,Yes,No,Fiber optic,Two year,97,No,0,0
6414,Female,1,No,71,Yes,Yes,Fiber optic,Month-to-month,106,No,0,3
6415,Female,1,No,30,Yes,Yes,DSL,Two year,92,Yes,1,3
6416,Female,0,No,29,Yes,No,DSL,One year,75,No,0,0
6417,Female,0,Yes,5,Yes,No,DSL,Two year,99,Yes,1,0
6418,Female,0,No,17,Yes,Yes,Fiber optic,Month-to-month,93,No,0,0
6419,Female,0,Yes,61,Yes,Yes,DSL,One year,24,No,0,1
6420,Female,0,Yes,16,Yes,Yes,Fiber optic,Month-to-month,89,Yes,1,0
6421,Male,0,Yes,47,Yes,Yes,Fiber optic,One year,20,No,0,1
6422,Male,0,No,37,Yes,No,DSL,Two year,79,No,0,0
6423,Male,0,No,8,No,No,DSL,One year,25,No,0,1
6424,Female,0,Yes,64,No,Yes,DSL,Two year,55,No,0,2
6425,Female,0,Yes,40,Yes,No,DSL,Two year,25,No,0,1
6426,Female,0,No,10,Yes,No,DSL,One year,21,No,0,1
6427,Female,0,No,9,Yes,No,DSL,One year,76,Yes,1,0
6428,Female,1,No,53,Yes,No,DSL,Two year,94,No,0,3
6429,Female,0,No,1,Yes,No,Fiber optic,Month-to-month,21,No,0,1
6430,Male,0,No,13,Yes,Yes,DSL,One year,20,No,0,1
6431,Female,0,No,34,Yes,No,DSL,Month-to-month,55,No,0,0
6432,Male,0,Yes,21,Yes,No,DSL,Two year,25,No,0,1
6433,Male,0,Yes,0,Yes,No,DSL,Month-to-month,20,No,0,1
6434,Female,0,No,25,Yes,No,DSL,Two year,76,No,0,0
6435,Male,0,Yes,1,Yes,No,DSL,Month-to-month,70,No,0,0
6436,Female,1,No,2,Yes,No,DSL,Two year,75,Yes,1,3
6437,Female,0,Yes,47,Yes,No,DSL,Two year,21,No,0,1
6438,Female,0,No,72,Yes,Yes,DSL,Two year,94,No,0,2
6439,Female,1,No,31,Yes,Yes,Fiber optic,Month-to-month,100,Yes,1,3
6440,Female,0,Yes,0,Yes,No,Fiber optic,Month-to-month,20,No,0,1
6441,Male,0,No,47,Yes,Yes,Fiber optic,Month-to-month,20,No,0,1
6442,Male,0,No,72,Yes,No,DSL,Month-to-month,25,No,0,1
6443,Male,0,No,1,Yes,No,DSL,One year,21,No,0,1
6444,Male,0,No,9,No,No,DSL,Month-to-month,35,Yes,1,1
6445,Male,0,No,4,No,Yes,DSL,One year,30,No,0,1
6446,Male,1,No,19,Yes,Yes,Fiber optic,Month-to-month,87,No,0,3
6447,Male,0,No,43,Yes,Yes,Fiber optic,One year,75,Yes,1,2
6448,Female,0,Yes,43,Yes,No,DSL,One year,75,No,0,2
6449,Male,0,Yes,18,Yes,Yes,Fiber optic,One year,46,No,0,1
6450,Female,1,No,39,Yes,No,DSL,Month-to-month,100,No,0,3
6451,Male,1,No,11,Yes,No,DSL,Two year,111,No,0,3
6452,Male,0,No,1,No,Yes,Fiber optic,One year,36,Yes,1,1
6453,Female,0,No,1,Yes,Yes,Fiber optic,Month-to-month,69,Yes,1,0
6454,Female,0,No,43,No,Yes,Fiber optic,Month-to-month,34,No,0,1
6455,Male,0,Yes,12,Yes,Yes,Fiber optic,Month-to-month,26,No,0,1
6456,Male,0,Yes,52,Yes,No,DSL,Month-to-month,85,No,0,2
6457,Male,0,No,71,Yes,No,Fiber optic,Two year,83,No,0,2
6458,Female,0,No,71,Yes,No,DSL,One year,109,No,0,2
6459,Male,0,No,30,Yes,No,DSL,Month-to-month,94,No,0,0
6460,Female,0,Yes,39,Yes,No,DSL,Month-to-month,24,No,0,1
6461,Female,0,Yes,3,Yes,No,Fiber optic,Month-to-month,55,Yes,1,0
6462,Male,0,No,3,Yes,No,Fiber optic,Month-to-month,21,No,0,1
6463,Male,0,Yes,68,Yes,No,Fiber optic,Month-to-month,76,Yes,1,2
6464,Female,0,Yes,41,Yes,Yes,DSL,One year,19,No,0,1
6465,Female,0,No,8,Yes,Yes,DSL,Month-to-month,87,Yes,1,0
6466,Female,0,No,72,Yes,No,DSL,Two year,24,No,0,1
6467,Male,0,No,10,Yes,Yes,Fiber optic,Month-to-month,80,Yes,1,0
6468,Male,0,Yes,12,Yes,Yes,Fiber optic,Month-to-month,54,Yes,1,0
6469,Female,0,No,72,Yes,No,DSL,One year,110,No,0,2
6470,Female,1,No,17,Yes,No,DSL,Two year,85,Yes,1,3
6471,Female,0,Yes,68,Yes,No,DSL,One year,78,No,0,2
6472,Female,0,No,57,Yes,No,DSL,One year,104,Yes,1,2
6473,Female,1,No,37,Yes,Yes,Fiber optic,One year,107,Yes,1,3
6474,Male,0,Yes,1,Yes,No,Fiber optic,Month-to-month,49,Yes,1,0
6475,Female,0,No,53,Yes,No,DSL,Two year,107,Yes,1,2
6476,Female,0,No,34,Yes,Yes,DSL,Month-to-month,80,No,0,0
6477,Female,0,No,49,Yes,Yes,DSL,One year,60,Yes,1,2
6478,Female,0,No,70,Yes,Yes,Fiber optic,Two year,86,No,0,2
6479,Male,1,No,67,Yes,Yes,Fiber optic,Two year,65,No,0,3
6480,Female,0,No,51,Yes,No,DSL,Month-to-month,25,No,0,1
6481,Female,0,No,3,Yes,No,DSL,Month-to-month,70,No,0,0
6482,Female,0,No,1,Yes,No,Fiber optic,Month-to-month,71,No,0,0
6483,Male,0,Yes,56,Yes,Yes,Fiber optic,Month-to-month,76,No,0,2
6484,Male,0,No,12,Yes,No,Fiber optic,Month-to-month,113,Yes,1,0
6485,Male,0,Yes,27,Yes,Yes,DSL,One year,101,No,0,0
6486,Female,0,Yes,58,Yes,No,Fiber optic,Month-to-month,105,No,0,2
6487,Female,0,No,6,Yes,Yes,DSL,Month-to-month,20,No,0,1
6488,Female,0,Yes,64,Yes,Yes,Fiber optic,Two year,24,No,0,1
6489,Female,0,Yes,16,Yes,No,Fiber optic,Month-to-month,80,No,0,0
6490,Female,0,Yes,44,Yes,No,DSL,Month-to-month,94,No,0,2
6491,Male,0,Yes,16,Yes,No,DSL,One year,20,No,0,1
6492,Female,0,No,18,Yes,No,Fiber optic,Month-to-month,20,No,0,1
6493,Male,0,No,44,Yes,No,DSL,Two year,20,No,0,1
6494,Male,1,No,30,Yes,No,DSL,One year,102,No,0,3
6495,Male,0,No,25,Yes,No,DSL,Month-to-month,79,No,0,0
6496,Female,0,No,14,Yes,No,Fiber optic,Month-to-month,71,Yes,1,0
6497,Female,0,Yes,4,Yes,Yes,Fiber optic,Month-to-month,51,Yes,1,0
6498,Female,0,No,42,Yes,Yes,Fiber optic,Month-to-month,99,No,0,2
6499,Female,0,Yes,7,Yes,No,Fiber optic,Month-to-month,20,No,0,1
6500,Male,0,No,19,Yes,No,DSL,Month-to-month,85,No,0,0
6501,Male,1,Yes,7,Yes,No,DSL,Two year,46,No,0,3
6502,Female,0,Yes,10,Yes,Yes,Fiber optic,One year,66,No,0,0
6503,Female,0,No,15,Yes,No,DSL,Month-to-month,102,No,0,0
6504,Male,0,No,12,Yes,No,DSL,One year,107,Yes,1,0
6505,Female,0,Yes,12,Yes,No,Fiber optic,Month-to-month,19,Yes,1,1
6506,Female,0,No,8,Yes,No,DSL,Two year,19,No,0,1
6507,Female,0,Yes,10,Yes,Yes,Fiber optic,Month-to-month,20,No,0,1
6508,Male,1,No,55,Yes,Yes,Fiber optic,Month-to-month,74,No,0,3
6509,Female,0,No,69,Yes,Yes,Fiber optic,Month-to-month,82,No,0,2
6510,Female,0,No,16,Yes,No,DSL,Month-to-month,20,No,0,1
6511,Male,0,No,51,No,Yes,Fiber optic,Two year,30,No,0,1
6512,Female,0,No,71,Yes,No,DSL,Two year,90,No,0,2
6513,Female,0,No,54,Yes,No,DSL,Month-to-month,70,Yes,1,2
6514,Male,0,No,1,Yes,Yes,DSL,Month-to-month,49,No,0,0
6515,Female,0,No,26,Yes,No,DSL,Two year,55,No,0,0
6516,Female,0,No,8,Yes,No,DSL,Month-to-month,20,Yes,1,1
6517,Female,0,No,12,Yes,No,DSL,Month-to-month,20,No,0,1
6518,Female,1,No,5,Yes,No,DSL,Month-to-month,74,Yes,1,3
6519,Female,0,Yes,69,No,No,DSL,Month-to-month,55,No,0,2
6520,Male,1,No,46,Yes,Yes,Fiber optic,One year,99,No,0,3
6521,Female,0,No,46,Yes,No,Fiber optic,Month-to-month,96,Yes,1,2
6522,Male,0,No,9,Yes,Yes,DSL,Two year,96,No,0,0
6523,Female,0,No,53,Yes,No,DSL,Month-to-month,112,No,0,2
6524,Female,0,No,41,No,No,DSL,One year,40,No,0,1
6525,Female,0,No,41,Yes,Yes,Fiber optic,Month-to-month,20,No,0,1
6526,Female,0,No,68,No,No,DSL,Two year,45,No,0,2
6527,Female,0,No,36,No,Yes,Fiber optic,One year,31,No,0,1
6528,Female,0,No,47,Yes,No,DSL,Month-to-month,65,No,0,2
6529,Male,0,Yes,4,Yes,No,DSL,Two year,49,Yes,1,0
6530,Male,0,Yes,61,Yes,Yes,Fiber optic,Month-to-month,81,No,0,2
6531,Male,1,No,36,Yes,No,DSL,One year,84,Yes,1,3
6532,Female,0,No,1,Yes,No,DSL,Month-to-month,20,No,0,1
6533,Female,1,No,14,Yes,No,DSL,One year,79,Yes,1,3
6534,Female,0,No,50,Yes,Yes,Fiber optic,Month-to-month,109,Yes,1,2
6535,Male,0,Yes,27,Yes,No,Fiber optic,One year,85,No,0,0
6536,Male,0,No,23,Yes,No,Fiber optic,One year,20,No,0,1
6537,Male,0,No,3,Yes,No,DSL,Month-to-month,75,Yes,1,0
6538,Female,0,No,36,Yes,Yes,Fiber optic,One year,105,No,0,2
6539,Female,0,No,24,Yes,No,Fiber optic,Month-to-month,75,Yes,1,0
6540,Female,0,Yes,65,Yes,No,DSL,Month-to-month,106,Yes,1,2
6541,Male,0,No,31,No,No,DSL,One year,50,No,0,1
6542,Female,0,No,63,Yes,No,DSL,Two year,80,No,0,2
6543,Female,0,No,67,Yes,Yes,Fiber optic,Month-to-month,60,No,0,2
6544,Female,0,No,58,Yes,No,DSL,One year,24,No,0,1
6545,Female,0,No,15,Yes,Yes,Fiber optic,Month-to-month,105,Yes,1,0
6546,Male,0,No,16,Yes,No,DSL,Month-to-month,81,No,0,0
6547,Male,0,No,1,Yes,No,DSL,Month-to-month,46,Yes,1,0
6548,Female,0,No,8,Yes,No,DSL,Two year,66,No,0,0
6549,Female,0,No,2,Yes,No,DSL,Month-to-month,71,Yes,1,0
6550,Female,0,Yes,71,Yes,No,DSL,Month-to-month,90,No,0,2
6551,Male,0,No,4,Yes,Yes,Fiber optic,Month-to-month,20,No,0,1
6552,Male,0,Yes,68,Yes,No,Fiber optic,One year,83,No,0,2
6553,Female,0,No,15,Yes,No,Fiber optic,Month-to-month,56,No,0,0
6554,Male,0,Yes,13,Yes,No,DSL,Two year,52,No,0,0
6555,Female,0,No,42,Yes,No,Fiber optic,Month-to-month,20,No,0,1
6556,Male,0,Yes,4,Yes,No,DSL,One year,45,No,0,1
6557,Female,0,No,50,Yes,No,DSL,One year,110,No,0,2
6558,Female,0,Yes,4,No,Yes,Fiber optic,Month-to-month,57,No,0,0
6559,Female,0,Yes,2,Yes,No,DSL,Month-to-month,52,No,0,0
6560,Female,0,Yes,46,Yes,No,Fiber optic,Month-to-month,19,No,0,1
6561,Male,0,No,58,Yes,No,DSL,One year,105,Yes,1,2
6562,Male,0,Yes,17,No,No,Fiber optic,Month-to-month,44,No,0,1
6563,Male,0,Yes,21,Yes,Yes,Fiber optic,Month-to-month,20,No,0,1
6564,Female,0,No,2,Yes,Yes,Fiber optic,Month-to-month,95,Yes,1,0
6565,Female,0,Yes,68,Yes,No,DSL,Month-to-month,85,No,0,2
6566,Female,1,No,28,Yes,Yes,Fiber optic,Month-to-month,111,No,0,3
6567,Female,0,Yes,40,Yes,Yes,Fiber optic,Two year,26,No,0,1
6568,Female,0,No,8,Yes,Yes,Fiber optic,Month-to-month,20,No,0,1
6569,Male,0,No,35,Yes,No,DSL,Two year,75,Yes,1,0
6570,Female,0,No,5,Yes,No,DSL,Two year,64,No,0,0
6571,Male,0,Yes,14,Yes,No,DSL,Month-to-month,20,No,0,1
6572,Male,0,No,6,Yes,No,DSL,One year,50,No,0,0
6573,Male,0,No,67,Yes,Yes,DSL,Two year,66,No,0,2
6574,Male,1,No,63,Yes,No,DSL,One year,84,No,0,3
6575,Female,0,No,8,Yes,Yes,Fiber optic,Month-to-month,85,Yes,1,0
6576,Female,0,No,5,Yes,Yes,DSL,Month-to-month,54,No,0,0
6577,Male,0,No,6,Yes,No,DSL,Month-to-month,83,Yes,1,0
6578,Male,0,No,49,Yes,Yes,DSL,Two year,94,No,0,2
6579,Female,0,Yes,61,Yes,Yes,DSL,One year,19,No,0,1
6580,Female,0,No,1,Yes,Yes,DSL,Two year,70,Yes,1,0
6581,Male,0,No,10,Yes,No,DSL,One year,20,No,0,1
6582,Female,0,No,72,Yes,Yes,DSL,One year,117,No,0,2
6583,Male,0,No,53,Yes,Yes,Fiber optic,Two year,77,No,0,2
6584,Male,0,No,9,Yes,No,DSL,One year,70,No,0,0
6585,Female,0,No,1,Yes,No,DSL,Two year,20,Yes,1,1
6586,Male,0,No,4,Yes,No,DSL,One year,20,No,0,1
6587,Female,0,Yes,22,Yes,Yes,DSL,Two year,21,No,0,1
6588,Male,0,No,34,Yes,Yes,Fiber optic,Month-to-month,100,Yes,1,2
6589,Female,0,No,5,Yes,Yes,DSL,Two year,89,Yes,1,0
6590,Female,0,No,5,Yes,Yes,DSL,Two year,20,Yes,1,1
6591,Female,0,No,56,Yes,No,Fiber optic,Month-to-month,24,No,0,1
6592,Male,1,No,11,Yes,No,Fiber optic,Month-to-month,79,No,0,3
6593,Female,0,Yes,33,Yes,No,DSL,One year,58,No,0,1
6594,Male,0,No,58,Yes,No,DSL,Month-to-month,86,No,0,2
6595,Male,1,No,34,Yes,No,DSL,Month-to-month,76,No,0,3
6596,Female,0,No,65,Yes,No,DSL,Two year,26,No,0,1
6597,Male,1,No,2,Yes,Yes,DSL,One year,44,Yes,1,3
6598,Male,1,No,17,Yes,No,DSL,Month-to-month,82,Yes,1,3
6599,Male,0,Yes,63,No,No,DSL,Two year,41,No,0,1
6600,Female,0,Yes,72,Yes,Yes,Fiber optic,Month-to-month,25,No,0,1
6601,Female,0,Yes,43,Yes,No,DSL,Month-to-month,93,No,0,2
6602,Male,0,No,72,Yes,Yes,Fiber optic,Two year,113,No,0,2
6603,Female,0,Yes,6,Yes,Yes,Fiber optic,Month-to-month,20,No,0,1
6604,Male,0,No,1,Yes,Yes,DSL,Month-to-month,25,No,0,1
6605,Female,0,Yes,26,Yes,No,DSL,Month-to-month,60,Yes,1,0
6606,Female,0,Yes,72,Yes,Yes,Fiber optic,One year,95,No,0,2
6607,Female,1,No,56,Yes,Yes,Fiber optic,Month-to-month,112,Yes,1,3
6608,Male,0,No,1,Yes,No,DSL,Month-to-month,20,Yes,1,1
6609,Male,0,No,17,Yes,No,DSL,One year,103,No,0,0
6610,Female,0,No,1,Yes,No,DSL,Month-to-month,55,No,0,0
6611,Male,0,Yes,68,Yes,No,Fiber optic,Month-to-month,86,No,0,2
6612,Female,0,Yes,61,Yes,Yes,DSL,One year,25,No,0,1
6613,Female,0,No,11,No,No,Fiber optic,Month-to-month,40,No,0,1
6614,Female,0,No,15,Yes,No,DSL,Month-to-month,49,No,0,0
6615,Male,0,No,1,Yes,No,DSL,Two year,19,No,0,1
6616,Female,0,No,34,Yes,No,DSL,Month-to-month,85,No,0,0
6617,Male,0,No,72,Yes,Yes,Fiber optic,Month-to-month,24,No,0,1
6618,Male,0,No,26,Yes,Yes,DSL,One year,62,No,0,0
6619,Male,0,No,66,Yes,Yes,Fiber optic,Month-to-month,95,No,0,2
6620,Female,0,No,1,Yes,No,DSL,Month-to-month,50,No,0,0
6621,Female,0,No,64,Yes,No,Fiber optic,Month-to-month,85,No,0,2
6622,Male,0,No,3,Yes,No,DSL,Two year,61,No,0,0
6623,Female,0,No,20,Yes,Yes,DSL,Month-to-month,20,No,0,1
6624,Female,0,Yes,48,Yes,Yes,Fiber optic,Month-to-month,103,Yes,1,2
6625,Male,0,Yes,43,Yes,No,DSL,Two year,72,No,0,2
6626,Male,1,No,14,Yes,Yes,Fiber optic,Month-to-month,20,No,0,3
6627,Female,0,Yes,57,Yes,No,Fiber optic,Month-to-month,20,No,0,1
6628,Male,0,Yes,72,Yes,No,DSL,One year,66,No,0,2
6629,Male,0,No,72,Yes,No,Fiber optic,One year,26,No,0,1
6630,Male,0,Yes,38,Yes,Yes,DSL,Two year,81,No,0,2
6631,Female,0,No,2,Yes,No,Fiber optic,Month-to-month,50,Yes,1,0
6632,Female,1,No,4,Yes,Yes,DSL,Month-to-month,95,Yes,1,3
6633,Female,0,No,26,Yes,Yes,DSL,Month-to-month,70,No,0,0
6634,Male,0,No,3,No,Yes,Fiber optic,Month-to-month,30,No,0,1
6635,Male,0,Yes,26,Yes,Yes,Fiber optic,Month-to-month,20,No,0,1
6636,Female,0,No,15,No,No,DSL,One year,39,No,0,1
6637,Male,0,Yes,22,Yes,Yes,DSL,One year,100,No,0,0
6638,Female,0,Yes,13,Yes,No,DSL,One year,25,No,0,1
6639,Female,1,No,6,No,No,DSL,Two year,44,No,0,3
6640,Male,1,No,20,Yes,No,Fiber optic,One year,54,No,0,3
6641,Male,0,Yes,72,Yes,No,DSL,One year,20,No,0,1
6642,Male,1,No,34,Yes,No,DSL,Month-to-month,100,No,0,3
6643,Male,0,No,1,Yes,No,DSL,Month-to-month,45,Yes,1,0
6644,Female,0,No,52,Yes,No,Fiber optic,Month-to-month,21,No,0,1
6645,Female,0,No,69,Yes,Yes,Fiber optic,One year,25,No,0,1
6646,Female,0,No,39,Yes,No,DSL,Month-to-month,20,No,0,1
6647,Male,0,Yes,65,Yes,No,DSL,One year,75,Yes,1,2
6648,Male,0,No,68,Yes,No,DSL,Two year,25,No,0,1
6649,Female,0,No,25,Yes,No,DSL,Month-to-month,85,No,0,0
6650,Male,0,No,6,Yes,No,DSL,Month-to-month,84,Yes,1,0
6651,Female,1,No,64,Yes,No,DSL,Month-to-month,70,Yes,1,3
6652,Male,0,Yes,7,Yes,Yes,DSL,Month-to-month,70,Yes,1,0
6653,Female,0,Yes,32,Yes,No,DSL,Two year,86,No,0,2
6654,Male,0,No,41,Yes,No,DSL,Month-to-month,20,No,0,1
6655,Male,0,No,2,Yes,Yes,Fiber optic,Month-to-month,45,Yes,1,0
6656,Male,0,No,24,No,Yes,DSL,Two year,51,No,0,1
6657,Female,0,No,1,Yes,Yes,DSL,Two year,19,No,0,1
6658,Female,0,No,54,No,No,DSL,One year,44,No,0,1
6659,Female,0,Yes,39,Yes,Yes,Fiber optic,Month-to-month,60,No,0,2
6660,Female,0,No,14,Yes,Yes,DSL,Two year,80,Yes,1,0
6661,Male,0,Yes,7,Yes,No,Fiber optic,Month-to-month,70,No,0,0
6662,Male,0,No,25,Yes,No,DSL,Two year,20,No,0,1
6663,Male,0,Yes,44,Yes,No,DSL,One year,93,No,0,2
6664,Male,0,Yes,61,Yes,No,DSL,Month-to-month,100,No,0,2
6665,Male,0,No,72,Yes,Yes,Fiber optic,One year,114,No,0,2
6666,Female,0,Yes,43,Yes,No,DSL,Month-to-month,99,No,0,2
6667,Female,0,No,58,Yes,Yes,DSL,Month-to-month,108,No,0,2
6668,Female,0,No,71,No,No,Fiber optic,Month-to-month,67,No,0,2
6669,Male,0,No,22,Yes,Yes,Fiber optic,Month-to-month,95,No,0,0
6670,Male,1,No,34,Yes,Yes,Fiber optic,Month-to-month,85,No,0,3
6671,Male,1,No,52,Yes,Yes,DSL,Two year,73,No,0,3
6672,Female,1,No,64,No,No,Fiber optic,Two year,44,No,0,3
6673,Male,0,No,44,Yes,No,DSL,Two year,85,No,0,2
6674,Male,0,Yes,13,Yes,No,DSL,Month-to-month,45,No,0,1
6675,Male,0,No,24,Yes,Yes,DSL,Month-to-month,91,Yes,1,0
6676,Male,0,Yes,70,Yes,Yes,DSL,One year,115,No,0,2
6677,Male,0,No,70,Yes,Yes,Fiber optic,Month-to-month,77,No,0,2
6678,Female,1,No,1,Yes,No,DSL,Month-to-month,85,Yes,1,3
6679,Male,0,Yes,72,Yes,No,DSL,Two year,21,No,0,1
6680,Female,0,No,11,Yes,No,DSL,Two year,76,Yes,1,0
6681,Male,0,No,12,Yes,No,Fiber optic,Two year,60,Yes,1,0
6682,Male,0,No,72,Yes,Yes,Fiber optic,Month-to-month,111,No,0,2
6683,Female,1,No,8,Yes,Yes,Fiber optic,Two year,101,Yes,1,3
6684,Male,0,No,15,Yes,No,DSL,One year,85,No,0,0
6685,Female,0,Yes,13,Yes,No,DSL,One year,56,No,0,0
6686,Female,0,No,68,Yes,No,DSL,Month-to-month,80,No,0,2
6687,Female,0,No,17,Yes,Yes,Fiber optic,Two year,80,No,0,0
6688,Female,0,Yes,71,Yes,Yes,Fiber optic,Month-to-month,25,No,0,1
6689,Male,0,No,6,Yes,No,DSL,Two year,69,No,0,0
6690,Female,0,Yes,24,Yes,Yes,Fiber optic,One year,20,No,0,1
6691,Female,0,No,6,Yes,Yes,Fiber optic,Two year,91,Yes,1,0
6692,Female,0,Yes,47,Yes,No,DSL,One year,19,No,0,1
6693,Female,0,No,4,Yes,Yes,DSL,Month-to-month,76,No,0,0
6694,Male,1,No,13,Yes,No,DSL,Month-to-month,94,No,0,3
6695,Female,0,No,3,Yes,Yes,DSL,Two year,75,No,0,0
6696,Male,0,No,12,Yes,Yes,DSL,Two year,54,No,0,0
6697,Female,0,No,17,Yes,Yes,Fiber optic,Month-to-month,80,No,0,0
6698,Female,0,No,19,Yes,Yes,DSL,One year,58,No,0,0
6699,Male,0,No,52,Yes,No,Fiber optic,One year,21,No,0,1
6700,Male,0,No,29,Yes,No,DSL,Two year,90,No,0,0
6701,Male,0,No,3,Yes,Yes,Fiber optic,Two year,45,No,0,0
6702,Male,1,No,3,No,No,Fiber optic,One year,36,Yes,1,3
6703,Male,0,Yes,32,Yes,No,Fiber optic,Month-to-month,84,No,0,2
6704,Male,0,No,1,Yes,No,DSL,Month-to-month,81,Yes,1,0
6705,Male,0,No,55,Yes,Yes,Fiber optic,One year,104,Yes,1,2
6706,Male,0,No,20,Yes,No,DSL,Month-to-month,99,No,0,0
6707,Male,0,Yes,22,Yes,No,DSL,Month-to-month,20,No,0,1
6708,Male,1,Yes,60,Yes,Yes,DSL,Two year,81,No,0,3
6709,Female,1,No,27,Yes,Yes,Fiber optic,Month-to-month,88,Yes,1,3
6710,Male,0,No,1,Yes,Yes,Fiber optic,One year,74,Yes,1,0
6711,Female,0,No,4,Yes,No,DSL,One year,94,Yes,1,0
6712,Male,0,No,3,Yes,Yes,Fiber optic,Month-to-month,85,Yes,1,0
6713,Male,1,No,12,No,No,Fiber optic,Month-to-month,29,No,0,3
6714,Male,0,No,17,Yes,Yes,Fiber optic,Month-to-month,52,Yes,1,0
6715,Female,0,Yes,48,Yes,Yes,Fiber optic,Month-to-month,20,No,0,1
6716,Female,0,Yes,12,Yes,Yes,Fiber optic,Month-to-month,78,Yes,1,0
6717,Female,0,Yes,45,Yes,Yes,Fiber optic,Month-to-month,25,No,0,1
6718,Female,0,Yes,1,Yes,Yes,Fiber optic,Month-to-month,51,No,0,0
6719,Male,0,No,72,Yes,Yes,Fiber optic,Month-to-month,85,No,0,2
6720,Male,0,No,28,Yes,Yes,DSL,Two year,100,No,0,0
6721,Male,0,No,51,Yes,Yes,DSL,Two year,81,No,0,2
6722,Female,0,Yes,1,Yes,Yes,DSL,Two year,50,No,0,0
6723,Female,0,No,8,Yes,Yes,Fiber optic,One year,66,No,0,0
6724,Female,0,Yes,43,Yes,No,DSL,Two year,106,No,0,2
6725,Female,0,No,22,Yes,No,DSL,Two year,84,Yes,1,0
6726,Female,0,Yes,18,Yes,No,DSL,Month-to-month,20,No,0,1
6727,Male,1,No,54,Yes,No,Fiber optic,Month-to-month,65,No,0,3
6728,Male,0,No,13,Yes,No,DSL,Month-to-month,81,Yes,1,0
6729,Female,0,No,69,Yes,Yes,Fiber optic,Two year,85,No,0,2
6730,Male,0,Yes,66,No,No,DSL,Two year,57,No,0,2
6731,Female,0,No,53,Yes,No,DSL,One year,19,No,0,1
6732,Male,0,No,3,Yes,No,DSL,Two year,19,No,0,1
6733,Female,0,No,20,Yes,Yes,Fiber optic,Month-to-month,20,No,0,1
6734,Male,0,No,1,Yes,No,DSL,Month-to-month,19,Yes,1,1
6735,Male,0,No,38,Yes,No,DSL,Month-to-month,62,Yes,1,0
6736,Female,0,No,13,Yes,No,DSL,Two year,20,No,0,1
6737,Male,1,No,57,Yes,No,DSL,Two year,90,No,0,3
6738,Male,0,No,67,Yes,Yes,Fiber optic,Two year,20,No,0,1
6739,Female,1,No,11,Yes,No,DSL,Month-to-month,56,No,0,3
6740,Female,0,No,14,Yes,No,DSL,Month-to-month,50,No,0,0
6741,Male,0,Yes,21,Yes,No,Fiber optic,Month-to-month,80,No,0,0
6742,Male,0,No,1,Yes,No,Fiber optic,Month-to-month,20,Yes,1,1
6743,Male,0,No,59,Yes,No,DSL,Two year,25,No,0,1
6744,Male,0,No,43,Yes,Yes,DSL,Month-to-month,101,Yes,1,2
6745,Male,0,Yes,7,No,Yes,Fiber optic,One year,39,No,0,1
6746,Female,0,Yes,56,Yes,Yes,Fiber optic,Month-to-month,81,No,0,2
6747,Male,0,No,13,Yes,No,DSL,Month-to-month,73,No,0,0
6748,Female,0,Yes,3,No,No,DSL,One year,30,No,0,1
6749,Male,0,Yes,8,Yes,No,Fiber optic,Month-to-month,76,No,0,0
6750,Female,0,No,1,Yes,Yes,DSL,One year,70,Yes,1,0
6751,Female,0,Yes,5,No,No,DSL,One year,34,No,0,1
6752,Male,0,Yes,19,Yes,No,DSL,Two year,24,No,0,1
6753,Female,0,Yes,0,No,No,DSL,Two year,53,No,0,0
6754,Female,0,Yes,71,Yes,Yes,DSL,One year,20,No,0,1
6755,Male,0,No,9,No,Yes,DSL,Two year,45,Yes,1,1
6756,Female,0,No,1,Yes,Yes,Fiber optic,Month-to-month,74,Yes,1,0
6757,Female,0,Yes,24,Yes,No,Fiber optic,Month-to-month,25,No,0,1
6758,Male,0,No,3,Yes,No,DSL,One year,20,No,0,1
6759,Female,0,No,39,Yes,No,DSL,Month-to-month,103,Yes,1,2
6760,Female,0,Yes,69,Yes,Yes,Fiber optic,One year,93,No,0,2
6761,Female,0,No,33,Yes,No,DSL,Month-to-month,61,No,0,0
6762,Male,0,No,24,Yes,No,DSL,Month-to-month,51,No,0,0
6763,Male,0,No,16,Yes,No,DSL,Month-to-month,20,No,0,1
6764,Female,0,Yes,39,Yes,Yes,DSL,One year,20,No,0,1
6765,Male,0,No,37,Yes,No,Fiber optic,Month-to-month,20,No,0,1
6766,Female,0,Yes,71,Yes,Yes,DSL,Two year,91,No,0,2
6767,Male,1,No,29,Yes,No,DSL,One year,90,No,0,3
6768,Female,0,No,68,Yes,No,DSL,Month-to-month,92,No,0,2
6769,Female,0,Yes,52,Yes,Yes,Fiber optic,Two year,101,No,0,2
6770,Female,0,No,3,Yes,No,DSL,Two year,60,No,0,0
6771,Male,0,No,1,Yes,No,Fiber optic,Month-to-month,82,Yes,1,0
6772,Male,0,Yes,72,Yes,No,DSL,Month-to-month,115,No,0,2
6773,Male,0,No,26,Yes,No,DSL,One year,84,Yes,1,0
6774,Female,0,No,3,Yes,Yes,Fiber optic,Month-to-month,80,No,0,0
6775,Male,0,No,3,Yes,No,DSL,Month-to-month,20,No,0,1
6776,Male,0,No,59,Yes,Yes,DSL,Two year,111,No,0,2
6777,Female,1,Yes,33,Yes,No,DSL,Two year,105,No,0,3
6778,Female,1,No,26,Yes,No,DSL,Month-to-month,86,No,0,3
6779,Male,0,No,30,Yes,No,DSL,Two year,100,No,0,0
6780,Male,0,No,22,Yes,No,DSL,Month-to-month,79,No,0,0
6781,Female,0,Yes,72,Yes,No,DSL,Month-to-month,90,No,0,2
6782,Male,0,No,7,Yes,No,Fiber optic,Month-to-month,25,No,0,1
6783,Female,1,Yes,66,Yes,No,DSL,Month-to-month,111,No,0,3
6784,Male,0,Yes,71,Yes,No,DSL,Two year,106,No,0,2
6785,Female,0,No,8,Yes,Yes,DSL,Month-to-month,75,No,0,0
6786,Male,0,No,15,Yes,Yes,Fiber optic,Two year,103,No,0,0
6787,Male,0,Yes,70,Yes,No,DSL,Month-to-month,106,No,0,2
6788,Female,0,Yes,55,Yes,Yes,Fiber optic,Month-to-month,85,No,0,2
6789,Male,0,No,1,Yes,No,DSL,Month-to-month,19,No,0,1
6790,Male,0,No,63,Yes,No,DSL,Month-to-month,102,No,0,2
6791,Male,0,No,10,Yes,Yes,DSL,Two year,20,No,0,1
6792,Female,1,No,3,Yes,No,DSL,Month-to-month,74,No,0,3
6793,Male,0,No,54,Yes,Yes,DSL,One year,20,No,0,1
6794,Male,0,Yes,72,No,Yes,Fiber optic,Two year,67,No,0,2
6795,Female,1,No,28,Yes,No,DSL,Two year,26,No,0,3
6796,Male,1,Yes,65,Yes,Yes,Fiber optic,Month-to-month,86,No,0,3
6797,Male,0,Yes,70,Yes,Yes,DSL,Month-to-month,20,No,0,1
6798,Female,0,No,55,Yes,No,Fiber optic,Month-to-month,51,No,0,2
6799,Female,0,No,68,Yes,No,Fiber optic,Month-to-month,20,No,0,1
6800,Male,0,Yes,45,Yes,Yes,Fiber optic,Two year,19,No,0,1
6801,Female,0,No,9,Yes,No,Fiber optic,One year,75,No,0,0
6802,Female,0,No,72,Yes,Yes,Fiber optic,One year,116,No,0,2
6803,Male,0,Yes,64,Yes,Yes,Fiber optic,Month-to-month,99,No,0,2
6804,Female,0,Yes,72,Yes,Yes,Fiber optic,One year,84,No,0,2
6805,Male,1,Yes,47,Yes,No,Fiber optic,Month-to-month,85,No,0,3
6806,Male,0,No,1,Yes,Yes,Fiber optic,One year,20,Yes,1,1
6807,Male,0,Yes,19,Yes,No,DSL,Two year,21,No,0,1
6808,Female,0,No,6,Yes,No,DSL,Two year,49,Yes,1,0
6809,Female,0,No,48,Yes,No,Fiber optic,Two year,24,No,0,1
6810,Female,0,No,1,Yes,Yes,Fiber optic,Month-to-month,20,No,0,1
6811,Male,0,Yes,63,Yes,No,DSL,Month-to-month,74,No,0,2
6812,Male,0,No,8,Yes,No,DSL,Month-to-month,75,Yes,1,0
6813,Female,0,Yes,65,Yes,No,Fiber optic,Month-to-month,104,No,0,2
6814,Female,0,Yes,43,Yes,No,DSL,Two year,20,No,0,1
6815,Female,0,Yes,38,Yes,Yes,Fiber optic,Month-to-month,54,No,0,1
6816,Female,0,No,1,Yes,Yes,DSL,Two year,45,Yes,1,0
6817,Male,0,Yes,2,Yes,No,Fiber optic,Month-to-month,20,No,0,1
6818,Male,0,No,4,Yes,Yes,DSL,Two year,80,Yes,1,0
6819,Male,1,No,69,Yes,No,DSL,Two year,110,No,0,3
6820,Male,0,No,3,Yes,Yes,Fiber optic,Month-to-month,74,No,0,0
6821,Female,0,Yes,70,Yes,Yes,Fiber optic,Month-to-month,110,No,0,2
6822,Male,0,Yes,4,Yes,Yes,Fiber optic,Month-to-month,49,Yes,1,0
6823,Female,0,No,46,Yes,No,Fiber optic,Month-to-month,103,No,0,2
6824,Female,0,No,2,No,No,DSL,Month-to-month,45,Yes,1,0
6825,Male,0,Yes,65,Yes,Yes,Fiber optic,Month-to-month,70,No,0,2
6826,Female,0,No,19,Yes,Yes,Fiber optic,Month-to-month,97,No,0,0
6827,Male,0,No,21,Yes,No,DSL,Month-to-month,62,No,0,0
6828,Male,0,No,48,Yes,No,DSL,Month-to-month,79,No,0,2
6829,Female,1,No,17,Yes,No,DSL,Two year,89,Yes,1,3
6830,Male,1,No,64,Yes,No,DSL,Two year,20,No,0,3
6831,Female,0,No,66,Yes,No,DSL,Two year,92,No,0,2
6832,Male,0,Yes,70,Yes,Yes,Fiber optic,Month-to-month,78,No,0,2
6833,Male,0,Yes,29,Yes,No,DSL,Two year,80,No,0,0
6834,Male,0,No,1,Yes,Yes,Fiber optic,Month-to-month,63,No,0,0
6835,Female,0,No,47,Yes,No,DSL,Two year,20,No,0,1
6836,Female,0,No,71,Yes,Yes,Fiber optic,One year,21,No,0,1
6837,Male,0,Yes,42,Yes,No,Fiber optic,Month-to-month,21,No,0,1
6838,Female,1,No,62,Yes,No,Fiber optic,Month-to-month,80,No,0,3
6839,Female,0,No,56,No,Yes,Fiber optic,Month-to-month,45,No,0,1
6840,Female,0,No,70,Yes,Yes,Fiber optic,Month-to-month,116,Yes,1,2
6841,Male,0,Yes,43,Yes,No,DSL,Month-to-month,24,No,0,1
6842,Male,1,No,44,Yes,No,DSL,Month-to-month,88,Yes,1,3
6843,Male,0,Yes,27,No,No,DSL,One year,46,No,0,1
6844,Male,0,No,31,Yes,Yes,Fiber optic,Month-to-month,103,Yes,1,0
6845,Male,0,No,13,Yes,No,Fiber optic,Month-to-month,20,No,0,1
6846,Female,0,Yes,26,Yes,No,DSL,Month-to-month,91,Yes,1,0
6847,Female,0,No,59,Yes,Yes,Fiber optic,Month-to-month,18,No,0,1
6848,Male,0,No,51,Yes,No,DSL,Month-to-month,95,Yes,1,2
6849,Male,0,No,1,Yes,No,DSL,Month-to-month,85,Yes,1,0
6850,Female,0,No,48,Yes,Yes,Fiber optic,Month-to-month,107,Yes,1,2
6851,Female,0,Yes,70,Yes,Yes,DSL,Two year,81,No,0,2
6852,Female,0,No,16,Yes,Yes,Fiber optic,Two year,20,No,0,1
6853,Male,1,No,67,Yes,No,DSL,Month-to-month,103,No,0,3
6854,Male,0,No,28,No,Yes,Fiber optic,Month-to-month,30,No,0,1
6855,Male,0,No,4,Yes,No,DSL,Month-to-month,66,No,0,0
6856,Male,0,No,72,Yes,No,DSL,One year,19,No,0,1
6857,Male,0,No,25,No,Yes,DSL,Two year,38,No,0,1
6858,Male,0,No,48,Yes,No,Fiber optic,Month-to-month,97,No,0,2
6859,Male,0,No,72,Yes,Yes,Fiber optic,Month-to-month,106,No,0,2
6860,Female,0,No,2,Yes,Yes,Fiber optic,Two year,86,Yes,1,0
6861,Male,0,No,56,Yes,Yes,Fiber optic,Month-to-month,86,No,0,2
6862,Male,0,No,69,Yes,Yes,Fiber optic,Month-to-month,19,No,0,1
6863,Male,0,No,9,Yes,Yes,Fiber optic,Month-to-month,45,Yes,1,0
6864,Female,0,No,37,Yes,Yes,DSL,One year,80,No,0,0
6865,Female,0,No,51,No,No,DSL,Month-to-month,56,No,0,2
6866,Male,0,Yes,70,Yes,No,DSL,Two year,25,No,0,1
6867,Female,0,No,38,Yes,Yes,Fiber optic,Month-to-month,104,No,0,2
6868,Male,0,No,23,Yes,No,DSL,Two year,91,Yes,1,0
6869,Male,0,Yes,44,Yes,No,Fiber optic,Month-to-month,20,No,0,1
6870,Male,0,Yes,5,Yes,No,DSL,One year,20,No,0,1
6871,Female,1,No,67,Yes,Yes,Fiber optic,Month-to-month,105,No,0,3
6872,Female,0,Yes,72,Yes,Yes,Fiber optic,Month-to-month,21,No,0,1
6873,Female,0,No,7,Yes,No,Fiber optic,One year,94,No,0,0
6874,Male,0,Yes,54,Yes,Yes,DSL,Two year,80,No,0,2
6875,Female,0,No,41,Yes,No,DSL,Month-to-month,81,No,0,2
6876,Female,0,No,63,Yes,No,DSL,Two year,109,No,0,2
6877,Male,0,No,1,Yes,No,Fiber optic,One year,70,Yes,1,0
6878,Male,0,Yes,59,Yes,No,Fiber optic,Month-to-month,100,No,0,2
6879,Female,0,No,50,Yes,No,Fiber optic,Month-to-month,110,Yes,1,2
6880,Female,0,No,3,Yes,No,Fiber optic,Month-to-month,95,Yes,1,0
6881,Female,1,No,71,Yes,Yes,DSL,Two year,99,No,0,3
6882,Male,0,No,57,Yes,No,DSL,Month-to-month,21,No,0,1
6883,Male,1,No,15,Yes,Yes,Fiber optic,One year,80,Yes,1,3
6884,Male,0,Yes,72,No,No,Fiber optic,Month-to-month,55,No,0,2
6885,Female,1,No,42,Yes,No,DSL,Month-to-month,74,Yes,1,3
6886,Female,0,No,72,Yes,Yes,Fiber optic,Month-to-month,98,No,0,2
6887,Female,0,Yes,18,Yes,Yes,Fiber optic,Month-to-month,25,No,0,1
6888,Female,0,Yes,70,Yes,Yes,DSL,Two year,65,No,0,2
6889,Male,0,Yes,26,Yes,No,Fiber optic,Month-to-month,84,Yes,1,0
6890,Male,1,No,64,Yes,No,Fiber optic,Month-to-month,26,No,0,3
6891,Male,1,Yes,8,Yes,No,DSL,One year,80,Yes,1,3
6892,Male,0,Yes,68,Yes,No,DSL,Month-to-month,113,Yes,1,2
6893,Male,1,No,22,Yes,No,Fiber optic,One year,90,No,0,3
6894,Female,0,Yes,72,Yes,No,DSL,Month-to-month,85,No,0,2
6895,Female,0,Yes,23,Yes,Yes,Fiber optic,Month-to-month,20,No,0,1
6896,Male,0,No,24,No,No,DSL,Two year,29,No,0,1
6897,Male,0,No,16,Yes,No,DSL,Month-to-month,94,Yes,1,0
6898,Female,0,No,63,Yes,No,DSL,Month-to-month,108,No,0,2
6899,Female,0,Yes,72,Yes,No,Fiber optic,One year,107,No,0,2
6900,Male,0,No,6,Yes,No,DSL,Month-to-month,85,Yes,1,0
6901,Female,0,No,62,Yes,No,Fiber optic,One year,94,No,0,2
6902,Female,0,No,9,Yes,Yes,DSL,One year,19,No,0,1
6903,Female,0,No,71,Yes,Yes,DSL,One year,25,No,0,1
6904,Male,0,No,18,Yes,Yes,DSL,One year,56,No,0,0
6905,Male,1,No,9,Yes,No,DSL,Month-to-month,74,No,0,3
6906,Female,1,No,48,Yes,No,DSL,Month-to-month,117,Yes,1,3
6907,Female,0,Yes,33,Yes,No,DSL,Two year,20,No,0,1
6908,Female,0,No,27,Yes,No,Fiber optic,Month-to-month,102,No,0,0
6909,Female,0,No,70,Yes,No,DSL,Month-to-month,104,No,0,2
6910,Female,0,No,17,Yes,No,DSL,Month-to-month,20,No,0,1
6911,Male,0,No,41,Yes,Yes,Fiber optic,Two year,56,No,0,1
6912,Female,1,No,7,Yes,No,DSL,Two year,48,No,0,3
6913,Male,0,No,26,Yes,Yes,Fiber optic,Month-to-month,80,Yes,1,0
6914,Male,0,No,10,Yes,Yes,Fiber optic,One year,52,No,0,0
6915,Male,0,No,57,No,Yes,Fiber optic,Month-to-month,53,No,0,2
6916,Male,0,No,35,Yes,Yes,Fiber optic,Two year,61,No,0,0
6917,Female,0,No,28,Yes,No,DSL,Two year,81,No,0,0
6918,Male,1,No,72,Yes,Yes,Fiber optic,Two year,110,No,0,3
6919,Male,1,No,27,Yes,No,Fiber optic,One year,85,No,0,3
6920,Male,0,Yes,67,Yes,Yes,Fiber optic,Month-to-month,21,No,0,1
6921,Male,0,No,11,Yes,No,DSL,Two year,20,No,0,1
6922,Male,0,No,69,Yes,Yes,Fiber optic,Month-to-month,105,Yes,1,2
6923,Female,0,Yes,52,Yes,No,Fiber optic,Month-to-month,98,No,0,2
6924,Male,0,No,52,Yes,Yes,DSL,One year,81,No,0,2
6925,Female,0,No,24,Yes,No,Fiber optic,Month-to-month,20,No,0,1
6926,Female,0,No,12,Yes,No,DSL,One year,20,No,0,1
6927,Female,0,Yes,1,Yes,No,Fiber optic,Month-to-month,44,Yes,1,1
6928,Male,0,Yes,15,Yes,Yes,DSL,Month-to-month,19,No,0,1
6929,Female,0,No,9,Yes,No,DSL,One year,94,Yes,1,0
6930,Female,0,No,18,Yes,No,DSL,Month-to-month,89,No,0,0
6931,Female,0,No,66,Yes,Yes,Fiber optic,Month-to-month,25,No,0,1
6932,Male,0,Yes,46,Yes,No,Fiber optic,One year,57,No,0,2
6933,Female,0,No,2,Yes,No,DSL,Month-to-month,74,Yes,1,0
6934,Male,0,No,17,Yes,No,Fiber optic,Month-to-month,87,No,0,0
6935,Male,0,Yes,47,No,Yes,Fiber optic,Two year,40,No,0,1
6936,Male,1,No,63,Yes,Yes,Fiber optic,Two year,108,No,0,3
6937,Female,0,No,1,Yes,Yes,Fiber optic,Month-to-month,20,Yes,1,1
6938,Female,0,Yes,70,Yes,No,DSL,Month-to-month,66,No,0,2
6939,Female,0,Yes,38,Yes,Yes,DSL,Two year,20,No,0,1
6940,Female,0,Yes,58,Yes,No,Fiber optic,One year,24,No,0,1
6941,Female,0,No,60,Yes,No,DSL,Two year,65,No,0,2
6942,Female,0,No,68,Yes,No,DSL,One year,88,No,0,2
6943,Female,0,No,48,Yes,No,DSL,Two year,61,No,0,2
6944,Female,0,Yes,35,Yes,No,DSL,Month-to-month,107,No,0,2
6945,Male,0,No,71,Yes,No,DSL,Month-to-month,80,No,0,2
6946,Female,0,No,55,Yes,Yes,Fiber optic,Two year,57,No,0,2
6947,Male,0,No,42,Yes,No,DSL,Month-to-month,100,No,0,2
6948,Male,0,Yes,56,Yes,Yes,Fiber optic,One year,97,No,0,2
6949,Male,0,No,40,No,No,Fiber optic,One year,62,No,0,1
6950,Male,1,No,72,Yes,No,DSL,One year,85,No,0,3
6951,Female,0,Yes,32,Yes,No,DSL,Month-to-month,91,Yes,1,2
6952,Female,0,No,35,Yes,No,DSL,Two year,85,Yes,1,0
6953,Female,0,No,58,Yes,Yes,Fiber optic,Month-to-month,102,Yes,1,2
6954,Female,0,No,45,Yes,Yes,Fiber optic,Month-to-month,74,No,0,2
6955,Female,0,No,20,Yes,No,DSL,Month-to-month,82,Yes,1,0
6956,Male,0,No,3,Yes,No,DSL,Month-to-month,70,No,0,0
6957,Female,0,Yes,68,Yes,Yes,DSL,Two year,89,No,0,2
6958,Female,0,No,9,Yes,No,Fiber optic,Month-to-month,75,Yes,1,0
6959,Female,1,No,36,Yes,No,DSL,Two year,75,No,0,3
6960,Female,0,No,37,No,No,Fiber optic,One year,40,No,0,1
6961,Male,1,No,1,Yes,Yes,Fiber optic,Month-to-month,71,Yes,1,3
6962,Male,0,Yes,72,Yes,Yes,Fiber optic,Month-to-month,104,No,0,2
6963,Female,0,No,1,Yes,No,Fiber optic,Month-to-month,80,Yes,1,0
6964,Female,0,Yes,55,Yes,Yes,Fiber optic,Month-to-month,56,No,0,2
6965,Male,0,No,28,Yes,No,DSL,One year,54,No,0,0
6966,Female,0,No,52,No,Yes,Fiber optic,Month-to-month,59,No,0,2
6967,Male,1,No,1,Yes,No,DSL,One year,44,No,0,3
6968,Male,0,No,42,Yes,Yes,Fiber optic,Month-to-month,80,No,0,2
6969,Female,0,Yes,49,Yes,Yes,Fiber optic,Month-to-month,95,No,0,2
6970,Female,0,No,26,Yes,No,DSL,Month-to-month,96,No,0,0
6971,Female,0,Yes,35,Yes,Yes,Fiber optic,Month-to-month,20,No,0,1
6972,Male,1,No,1,Yes,Yes,Fiber optic,Month-to-month,45,No,0,3
6973,Female,1,No,52,Yes,Yes,Fiber optic,One year,108,No,0,3
6974,Female,0,No,72,Yes,No,Fiber optic,One year,111,No,0,2
6975,Male,0,No,45,Yes,Yes,Fiber optic,One year,85,No,0,2
6976,Male,0,No,41,Yes,Yes,DSL,Two year,105,Yes,1,2
6977,Male,0,No,54,Yes,No,DSL,Two year,87,No,0,2
6978,Male,1,Yes,22,No,No,DSL,Month-to-month,40,Yes,1,3
6979,Female,0,No,72,Yes,Yes,DSL,Two year,92,No,0,2
6980,Female,0,Yes,14,Yes,No,DSL,Month-to-month,80,No,0,0
6981,Male,0,No,63,Yes,No,DSL,Month-to-month,19,No,0,1
6982,Male,0,No,7,Yes,No,DSL,Month-to-month,19,No,0,1
6983,Male,0,No,72,Yes,No,DSL,Two year,109,No,0,2
6984,Male,0,Yes,7,Yes,No,Fiber optic,Month-to-month,49,Yes,1,1
6985,Male,0,No,1,Yes,No,DSL,Month-to-month,45,No,0,0
6986,Male,0,No,16,Yes,No,DSL,One year,75,No,0,0
6987,Female,0,Yes,14,Yes,Yes,Fiber optic,Month-to-month,60,No,0,0
6988,Female,0,No,1,Yes,Yes,Fiber optic,One year,71,Yes,1,0
6989,Female,0,No,60,No,Yes,DSL,Month-to-month,44,No,0,1
6990,Female,1,Yes,1,Yes,Yes,DSL,One year,71,Yes,1,3
6991,Male,1,No,45,Yes,No,Fiber optic,Month-to-month,75,No,0,3
6992,Male,0,No,1,Yes,Yes,Fiber optic,Month-to-month,46,Yes,1,0
6993,Female,0,No,72,Yes,Yes,Fiber optic,One year,109,Yes,1,2
6994,Male,0,Yes,6,Yes,Yes,Fiber optic,Month-to-month,19,No,0,1
6995,Male,0,No,1,Yes,Yes,DSL,One year,55,No,0,0
6996,Female,0,No,19,Yes,Yes,DSL,Two year,56,No,0,0
6997,Female,0,Yes,24,Yes,No,DSL,One year,64,No,0,0
6998,Male,0,No,64,Yes,No,Fiber optic,Month-to-month,76,No,0,2
6999,Male,0,No,17,Yes,No,Fiber optic,Month-to-month,91,No,0,0
7000,Female,0,No,8,Yes,No,DSL,Month-to-month,44,No,0,0
7001,Female,1,No,24,Yes,No,DSL,One year,20,No,0,3
7002,Male,0,No,11,Yes,No,DSL,Month-to-month,20,No,0,1
7003,Female,0,No,40,Yes,Yes,Fiber optic,Two year,57,No,0,0
7004,Male,0,Yes,36,Yes,No,DSL,Month-to-month,25,No,0,1
7005,Male,0,No,71,Yes,Yes,Fiber optic,Month-to-month,108,Yes,1,2
7006,Male,0,No,7,Yes,No,DSL,One year,19,No,0,1
7007,Male,0,No,3,Yes,Yes,Fiber optic,Month-to-month,77,No,0,0
7008,Female,0,No,38,Yes,No,DSL,Two year,20,No,0,1
7009,Male,0,Yes,0,Yes,Yes,Fiber optic,Month-to-month,26,No,0,1
7010,Female,0,Yes,1,Yes,Yes,Fiber optic,Month-to-month,75,Yes,1,0
7011,Male,0,No,25,Yes,Yes,Fiber optic,Month-to-month,71,Yes,1,0
7012,Male,0,Yes,69,Yes,No,DSL,Month-to-month,20,No,0,1
7013,Female,1,No,36,Yes,Yes,DSL,Two year,92,No,0,3
7014,Male,0,No,63,Yes,Yes,Fiber optic,Month-to-month,100,No,0,2
7015,Male,0,No,12,Yes,Yes,Fiber optic,Month-to-month,96,Yes,1,0
7016,Male,0,Yes,19,Yes,No,Fiber optic,Month-to-month,20,No,0,1
7017,Male,0,Yes,18,Yes,No,DSL,Month-to-month,88,No,0,0
7018,Male,0,No,32,Yes,No,DSL,Two year,79,No,0,0
7019,Male,0,No,56,Yes,No,Fiber optic,Month-to-month,105,No,0,2
7020,Female,0,No,6,Yes,No,DSL,Two year,20,Yes,1,1
7021,Male,0,No,9,No,No,DSL,Month-to-month,51,No,0,0
7022,Male,0,Yes,32,No,No,DSL,One year,36,No,0,1
7023,Female,1,No,58,Yes,Yes,Fiber optic,One year,100,No,0,3
7024,Male,0,No,8,Yes,Yes,Fiber optic,Month-to-month,59,No,0,0
7025,Male,0,No,17,Yes,Yes,Fiber optic,Month-to-month,65,No,0,0
7026,Male,1,No,27,Yes,Yes,Fiber optic,Month-to-month,71,No,0,3
7027,Female,0,No,13,Yes,No,DSL,Month-to-month,86,No,0,0
7028,Male,0,No,49,No,No,DSL,Month-to-month,50,No,0,1
7029,Female,0,No,21,Yes,No,DSL,Two year,21,No,0,1
7030,Male,0,No,36,No,No,DSL,Month-to-month,35,No,0,1
7031,Female,1,No,1,Yes,No,DSL,Month-to-month,76,Yes,1,3
7032,Female,0,Yes,42,Yes,Yes,DSL,One year,20,No,0,1
7033,Female,0,Yes,16,Yes,Yes,Fiber optic,Month-to-month,80,No,0,0
7034,Female,0,Yes,49,Yes,No,Fiber optic,Month-to-month,108,Yes,1,2
7035,Male,1,No,64,Yes,Yes,Fiber optic,Month-to-month,102,No,0,3
7036,Female,0,No,2,Yes,No,Fiber optic,Month-to-month,45,No,0,0
7037,Male,0,Yes,72,Yes,No,DSL,One year,89,No,0,2
7038,Female,0,No,1,No,No,DSL,Two year,25,Yes,1,1
7039,Male,0,No,1,Yes,Yes,DSL,One year,95,Yes,1,0
7040,Female,0,Yes,23,Yes,Yes,Fiber optic,One year,91,No,0,0
7041,Male,0,Yes,12,Yes,No,DSL,Month-to-month,21,No,0,1
7042,Male,1,No,12,Yes,Yes,Fiber optic,Month-to-month,99,Yes,1,3
7043,Male,0,No,26,Yes,No,Fiber optic,Two year,20,No,0,1
