CustomerID,SeniorCitizen,tenure,MonthlyCharges,gender_Female,gender_Male,Dependents_No,Dependents_Yes,PhoneService_No,PhoneService_Yes,MultipleLines_No,MultipleLines_Yes,InternetService_DSL,InternetService_Fiber optic,Contract_Month-to-month,Contract_One year,Contract_Two year,Churn
3758,-0.43991649313097614,-1.2774445836787656,-0.15815368812947458,0,1,0,1,0,1,1,0,1,0,0,0,1,0
3166,-0.43991649313097614,-0.0965540357978854,-0.32432453570912145,1,0,1,0,0,1,1,0,1,0,0,1,0,0
4913,2.273158691738958,0.5549717837226001,1.1712130925077,1,0,1,0,0,1,0,1,0,1,1,0,0,0
3878,-0.43991649313097614,0.43281069256250915,0.0412513289661016,0,1,1,0,0,1,1,0,1,0,0,1,0,0
3819,-0.43991649313097614,-1.2774445836787656,-1.4875204687666492,0,1,1,0,0,1,0,1,0,1,0,0,1,0
2687,-0.43991649313097614,-0.9109613101984924,-1.3213496211870024,0,1,0,1,0,1,0,1,0,1,1,0,0,0
2669,-0.43991649313097614,1.6137012404433893,0.008017159450172232,0,1,0,1,1,0,1,0,1,0,1,0,0,0
198,-0.43991649313097614,1.369379058123207,-0.2578561966772627,0,1,1,0,1,0,0,1,0,1,1,0,0,0
5805,-0.43991649313097614,1.4100994218432374,-1.45428629925072,1,0,1,0,0,1,0,1,1,0,0,0,1,0
2283,-0.43991649313097614,0.10704778280226633,-0.49049538328876824,1,0,0,1,0,1,0,1,0,1,1,0,0,0
2668,-0.43991649313097614,1.6137012404433893,1.437086448635135,0,1,0,1,0,1,0,1,0,1,0,0,1,0
6960,-0.43991649313097614,0.18848851024232702,-0.8228370784480619,1,0,1,0,1,0,1,0,0,1,0,1,0,0
3953,-0.43991649313097614,1.6137012404433893,1.3706181096032763,0,1,0,1,0,1,0,1,0,1,0,0,1,0
2779,-0.43991649313097614,-0.8295205827584317,0.6727005497687596,0,1,1,0,0,1,1,0,0,1,0,1,0,0
3128,-0.43991649313097614,0.7178532386027215,0.37359302412539525,0,1,0,1,0,1,1,0,1,0,1,0,0,0
3017,2.273158691738958,1.247217966963116,-0.9557737565117794,0,1,1,0,1,0,1,0,1,0,1,0,0,0
5478,-0.43991649313097614,-0.5444780367182193,0.7391688888006183,1,0,1,0,0,1,0,1,1,0,0,0,1,0
329,-0.43991649313097614,-0.5851984004382496,0.17418800702981907,0,1,1,0,0,1,1,0,1,0,1,0,0,0
13,2.273158691738958,-0.1779947632379461,-0.4572612137728389,0,1,0,1,0,1,0,1,0,1,0,1,0,0
4612,-0.43991649313097614,-0.1779947632379461,0.9385739058961945,0,1,0,1,0,1,0,1,1,0,0,0,1,0
6303,-0.43991649313097614,0.10704778280226633,0.8388713973484064,0,1,0,1,0,1,0,1,0,1,1,0,0,0
6265,-0.43991649313097614,-1.2774445836787656,-1.4875204687666492,1,0,1,0,0,1,1,0,0,1,0,0,1,0
3762,-0.43991649313097614,-0.748079855318371,-1.1219446040914263,0,1,1,0,1,0,0,1,1,0,0,0,1,0
6944,-0.43991649313097614,0.10704778280226633,1.4038522791192056,1,0,0,1,0,1,1,0,1,0,1,0,0,0
648,-0.43991649313097614,-1.2774445836787656,-1.4875204687666492,1,0,1,0,0,1,0,1,1,0,0,1,0,0
6953,-0.43991649313097614,1.0436161483629645,1.2376814315395588,1,0,1,0,0,1,0,1,0,1,1,0,0,1
1036,-0.43991649313097614,-0.1779947632379461,1.3373839400873468,1,0,1,0,0,1,0,1,1,0,0,0,1,1
6392,-0.43991649313097614,-1.1145631287986442,0.5065297021891128,0,1,0,1,0,1,0,1,1,0,0,1,0,1
2610,-0.43991649313097614,1.5729808767233588,0.3071246850935365,0,1,1,0,0,1,0,1,0,1,1,0,0,0
426,-0.43991649313097614,-0.46303730927815856,1.071510583959912,1,0,1,0,0,1,0,1,1,0,1,0,0,1
2967,-0.43991649313097614,0.7992939660427822,-0.22462202716133334,1,0,1,0,0,1,1,0,1,0,1,0,0,0
1222,-0.43991649313097614,-0.7073594915983407,1.1379789229917707,1,0,1,0,0,1,1,0,1,0,1,0,0,1
6246,-0.43991649313097614,-0.46303730927815856,0.5729980412209714,0,1,1,0,0,1,0,1,1,0,0,1,0,1
2455,-0.43991649313097614,1.125056875803025,-1.45428629925072,1,0,1,0,0,1,0,1,1,0,0,0,1,0
4867,-0.43991649313097614,1.369379058123207,1.071510583959912,0,1,1,0,0,1,0,1,1,0,1,0,0,0
709,2.273158691738958,-0.7073594915983407,0.3403588546094659,1,0,1,0,0,1,1,0,0,1,1,0,0,1
595,-0.43991649313097614,0.025607055362205634,0.17418800702981907,1,0,1,0,0,1,1,0,1,0,1,0,0,0
5730,-0.43991649313097614,-0.9109613101984924,-1.3545837907029317,0,1,0,1,0,1,1,0,1,0,1,0,0,0
1212,-0.43991649313097614,1.6137012404433893,0.3403588546094659,0,1,0,1,0,1,0,1,1,0,1,0,0,0
5533,2.273158691738958,0.3106496014024181,-0.29109036619319206,0,1,1,0,0,1,1,0,1,0,0,0,1,0
3278,-0.43991649313097614,-0.0965540357978854,-0.5237295528046976,1,0,1,0,0,1,1,0,1,0,0,1,0,0
7007,-0.43991649313097614,-1.1960038562387048,0.40682719364132464,0,1,1,0,0,1,0,1,0,1,1,0,0,0
4452,2.273158691738958,1.4915401492832983,-0.2578561966772627,0,1,1,0,1,0,0,1,0,1,1,0,0,0
4318,-0.43991649313097614,1.002895784642934,1.0050422449280532,1,0,1,0,0,1,1,0,1,0,0,1,0,1
6802,-0.43991649313097614,1.6137012404433893,1.7029598047625698,1,0,1,0,0,1,0,1,0,1,0,1,0,0
2449,-0.43991649313097614,-0.4223169455581282,-0.19138785764540397,0,1,1,0,0,1,0,1,0,1,1,0,0,1
5391,-0.43991649313097614,0.6771328748826912,-0.9557737565117794,1,0,0,1,1,0,0,1,0,1,1,0,0,0
3146,-0.43991649313097614,-0.13727439951791576,-1.4875204687666492,1,0,1,0,0,1,1,0,0,1,1,0,0,0
3859,2.273158691738958,0.06632741908223598,0.5065297021891128,1,0,0,1,0,1,1,0,1,0,0,1,0,1
4116,-0.43991649313097614,-1.2367242199587352,-0.4572612137728389,1,0,1,0,0,1,0,1,1,0,0,1,0,0
2675,-0.43991649313097614,0.10704778280226633,-1.45428629925072,0,1,1,0,0,1,1,0,1,0,1,0,0,0
6691,-0.43991649313097614,-1.0738427650786138,0.8721055668643357,1,0,1,0,0,1,0,1,0,1,0,0,1,1
1126,-0.43991649313097614,1.247217966963116,-1.5207546382825785,0,1,0,1,0,1,0,1,0,1,1,0,0,0
593,-0.43991649313097614,-1.2367242199587352,0.5397638717050421,1,0,1,0,0,1,0,1,1,0,0,0,1,1
3449,-0.43991649313097614,1.2879383306831464,1.1379789229917707,0,1,1,0,0,1,1,0,1,0,1,0,0,0
1824,-0.43991649313097614,-0.5037576729981889,-1.4875204687666492,0,1,0,1,0,1,1,0,0,1,1,0,0,0
6181,-0.43991649313097614,0.22920887396235737,0.47329553267318336,0,1,0,1,0,1,0,1,0,1,0,0,1,0
2342,-0.43991649313097614,-0.7888002190384014,0.3071246850935365,0,1,1,0,0,1,0,1,0,1,0,0,1,0
6048,-0.43991649313097614,-0.5444780367182193,1.2044472620236295,0,1,0,1,0,1,0,1,1,0,1,0,0,1
2835,-0.43991649313097614,1.4915401492832983,1.4703206181510644,1,0,0,1,0,1,1,0,1,0,0,1,0,0
6310,-0.43991649313097614,-0.748079855318371,0.7059347192846889,1,0,1,0,0,1,0,1,1,0,0,0,1,1
4499,2.273158691738958,-0.9924020376385531,-0.12491951861354524,0,1,1,0,0,1,1,0,1,0,0,1,0,0
4300,-0.43991649313097614,-1.1552834925186746,0.47329553267318336,1,0,1,0,0,1,0,1,1,0,1,0,0,1
3638,-0.43991649313097614,-0.7888002190384014,0.3403588546094659,1,0,1,0,0,1,1,0,1,0,1,0,0,1
2354,-0.43991649313097614,-1.2774445836787656,-0.6899004003843444,0,1,1,0,0,1,1,0,0,1,1,0,0,1
613,-0.43991649313097614,1.0436161483629645,-1.3213496211870024,1,0,1,0,0,1,1,0,1,0,0,0,1,0
3550,-0.43991649313097614,-0.8702409464784621,-0.4572612137728389,1,0,0,1,1,0,1,0,1,0,0,0,1,0
2378,2.273158691738958,-1.2774445836787656,0.3071246850935365,1,0,1,0,0,1,1,0,1,0,1,0,0,1
3239,-0.43991649313097614,0.5956921474426305,-1.3213496211870024,0,1,0,1,0,1,1,0,1,0,0,0,1,0
5895,-0.43991649313097614,1.0436161483629645,0.6394663802528302,1,0,1,0,0,1,0,1,0,1,1,0,0,0
5488,-0.43991649313097614,1.4915401492832983,-1.45428629925072,0,1,0,1,0,1,1,0,1,0,0,1,0,0
286,2.273158691738958,-1.2774445836787656,0.7059347192846889,1,0,1,0,0,1,0,1,0,1,0,1,0,1
6384,-0.43991649313097614,0.10704778280226633,1.4703206181510644,0,1,1,0,0,1,1,0,1,0,0,0,1,0
2430,-0.43991649313097614,1.5322605130033284,-1.4875204687666492,0,1,0,1,0,1,1,0,0,1,0,1,0,0
2224,-0.43991649313097614,-0.0965540357978854,1.1712130925077,1,0,1,0,0,1,0,1,0,1,1,0,0,0
2525,-0.43991649313097614,1.6137012404433893,0.0412513289661016,1,0,0,1,1,0,1,0,1,0,0,0,1,0
6655,-0.43991649313097614,-1.2367242199587352,-0.6566662308684151,0,1,1,0,0,1,0,1,0,1,1,0,0,1
3326,-0.43991649313097614,1.1657772395230555,-1.5207546382825785,1,0,0,1,0,1,0,1,0,1,1,0,0,1
3430,-0.43991649313097614,-0.6666391278783103,1.2044472620236295,1,0,0,1,0,1,1,0,1,0,0,1,0,0
6831,-0.43991649313097614,1.369379058123207,0.9053397363802651,1,0,1,0,0,1,1,0,1,0,0,0,1,0
4371,2.273158691738958,1.002895784642934,0.17418800702981907,1,0,1,0,0,1,1,0,1,0,0,1,0,0
165,-0.43991649313097614,1.4100994218432374,-0.9557737565117794,1,0,0,1,1,0,1,0,1,0,0,1,0,0
6948,-0.43991649313097614,0.9621754209229036,1.071510583959912,0,1,0,1,0,1,0,1,0,1,0,1,0,0
4532,-0.43991649313097614,1.6137012404433893,-1.3878179602188612,1,0,0,1,0,1,0,1,0,1,1,0,0,0
1491,-0.43991649313097614,1.4915401492832983,1.3373839400873468,0,1,0,1,0,1,0,1,1,0,0,1,0,0
1582,-0.43991649313097614,0.26992923768238775,0.5729980412209714,1,0,0,1,0,1,1,0,1,0,1,0,0,0
2216,-0.43991649313097614,-0.46303730927815856,0.20742217654574843,1,0,1,0,0,1,1,0,1,0,0,0,1,0
1099,-0.43991649313097614,0.8400143297628127,-0.0584511795816865,0,1,0,1,0,1,0,1,0,1,0,1,0,0
765,-0.43991649313097614,-0.9516816739185228,0.1409538375138897,0,1,1,0,0,1,1,0,1,0,0,0,1,0
5880,-0.43991649313097614,-0.7073594915983407,-0.5237295528046976,0,1,1,0,0,1,1,0,1,0,0,0,1,0
4879,-0.43991649313097614,0.47353105628253944,0.008017159450172232,0,1,1,0,0,1,0,1,1,0,1,0,0,0
2047,-0.43991649313097614,-1.2367242199587352,0.20742217654574843,0,1,1,0,0,1,1,0,1,0,1,0,0,1
6808,-0.43991649313097614,-1.0738427650786138,-0.5237295528046976,1,0,1,0,0,1,1,0,1,0,0,0,1,1
4114,-0.43991649313097614,1.125056875803025,0.5397638717050421,1,0,1,0,0,1,1,0,1,0,0,1,0,0
6174,-0.43991649313097614,-0.9924020376385531,-1.4875204687666492,0,1,0,1,0,1,0,1,0,1,1,0,0,0
5829,-0.43991649313097614,-1.2774445836787656,-1.288115451671073,1,0,1,0,0,1,0,1,1,0,0,0,1,0
6535,-0.43991649313097614,-0.21871512695797646,0.6727005497687596,0,1,0,1,0,1,1,0,0,1,0,1,0,0
6830,2.273158691738958,1.2879383306831464,-1.4875204687666492,0,1,1,0,0,1,1,0,1,0,0,0,1,0
1493,-0.43991649313097614,1.5729808767233588,-1.4875204687666492,1,0,1,0,0,1,0,1,0,1,1,0,0,0
3492,-0.43991649313097614,0.6771328748826912,-0.15815368812947458,0,1,0,1,0,1,1,0,1,0,0,1,0,0
3960,-0.43991649313097614,1.5729808767233588,0.47329553267318336,0,1,1,0,0,1,1,0,1,0,0,1,0,0
5057,-0.43991649313097614,-0.62591876415828,0.9718080754121239,0,1,1,0,0,1,0,1,1,0,0,0,1,1
284,-0.43991649313097614,0.5142514200025698,-1.5207546382825785,0,1,1,0,0,1,0,1,1,0,1,0,0,0
5166,-0.43991649313097614,-0.3408762181180675,-1.4875204687666492,1,0,1,0,0,1,1,0,0,1,1,0,0,0
702,-0.43991649313097614,-0.62591876415828,0.9718080754121239,1,0,1,0,0,1,0,1,0,1,1,0,0,1
3242,-0.43991649313097614,1.4100994218432374,1.536788957182923,1,0,1,0,0,1,1,0,1,0,1,0,0,0
1421,2.273158691738958,0.5142514200025698,0.17418800702981907,1,0,1,0,0,1,0,1,0,1,1,0,0,0
6478,-0.43991649313097614,1.5322605130033284,0.7059347192846889,1,0,1,0,0,1,0,1,0,1,0,0,1,0
5034,-0.43991649313097614,0.880734693482843,1.1712130925077,1,0,1,0,0,1,1,0,1,0,1,0,0,0
6904,-0.43991649313097614,-0.5851984004382496,-0.29109036619319206,0,1,1,0,0,1,0,1,1,0,0,1,0,0
3036,-0.43991649313097614,1.6137012404433893,-1.288115451671073,0,1,0,1,0,1,1,0,0,1,1,0,0,0
5915,-0.43991649313097614,-0.5037576729981889,-1.3545837907029317,1,0,1,0,1,0,1,0,1,0,1,0,0,1
1029,-0.43991649313097614,0.8400143297628127,0.8721055668643357,1,0,1,0,0,1,0,1,0,1,1,0,0,0
753,-0.43991649313097614,-1.2774445836787656,-1.4875204687666492,1,0,1,0,0,1,1,0,1,0,1,0,0,1
6028,-0.43991649313097614,-0.9109613101984924,1.1379789229917707,0,1,1,0,0,1,0,1,1,0,0,0,1,0
6646,-0.43991649313097614,0.26992923768238775,-1.4875204687666492,1,0,1,0,0,1,1,0,1,0,1,0,0,0
610,-0.43991649313097614,-0.9109613101984924,0.3071246850935365,1,0,0,1,0,1,0,1,0,1,1,0,0,0
3946,-0.43991649313097614,1.3286586944031769,0.3071246850935365,0,1,1,0,0,1,1,0,1,0,1,0,0,0
2405,-0.43991649313097614,-1.2367242199587352,-0.5237295528046976,1,0,1,0,0,1,0,1,0,1,0,1,0,1
4198,-0.43991649313097614,0.7992939660427822,-1.4875204687666492,0,1,1,0,0,1,0,1,0,1,1,0,0,0
5745,-0.43991649313097614,-0.2594354906780068,0.47329553267318336,0,1,0,1,0,1,1,0,1,0,0,1,0,0
3842,2.273158691738958,-0.5444780367182193,0.5065297021891128,0,1,1,0,0,1,0,1,0,1,1,0,0,1
6823,-0.43991649313097614,0.5549717837226001,1.270915601055488,1,0,1,0,0,1,1,0,0,1,1,0,0,0
1427,-0.43991649313097614,1.5729808767233588,0.5397638717050421,1,0,1,0,0,1,0,1,0,1,0,1,0,0
3870,-0.43991649313097614,-1.1145631287986442,0.17418800702981907,1,0,0,1,0,1,0,1,0,1,0,1,0,0
2271,-0.43991649313097614,0.9621754209229036,-1.4875204687666492,1,0,0,1,0,1,1,0,0,1,1,0,0,0
2435,2.273158691738958,-0.13727439951791576,1.1047447534758412,0,1,1,0,0,1,1,0,1,0,1,0,0,1
732,-0.43991649313097614,-1.2774445836787656,-0.6899004003843444,0,1,0,1,0,1,1,0,1,0,1,0,0,1
572,-0.43991649313097614,0.14776814652229667,-0.025217010065757134,0,1,0,1,0,1,0,1,1,0,0,0,1,0
4952,-0.43991649313097614,-0.9109613101984924,-0.4572612137728389,1,0,1,0,0,1,0,1,0,1,1,0,0,0
4880,-0.43991649313097614,-0.9516816739185228,0.37359302412539525,1,0,0,1,0,1,0,1,1,0,0,1,0,0
2968,-0.43991649313097614,-0.13727439951791576,0.7059347192846889,0,1,1,0,0,1,0,1,0,1,0,0,1,0
1526,-0.43991649313097614,-0.9109613101984924,1.0050422449280532,0,1,1,0,0,1,1,0,1,0,1,0,0,0
2320,-0.43991649313097614,0.18848851024232702,-0.0584511795816865,0,1,0,1,0,1,1,0,0,1,1,0,0,0
2231,2.273158691738958,1.369379058123207,1.3373839400873468,1,0,1,0,0,1,1,0,1,0,0,0,1,0
6950,2.273158691738958,1.6137012404433893,0.6727005497687596,0,1,1,0,0,1,1,0,1,0,0,1,0,0
3923,-0.43991649313097614,1.4915401492832983,0.8721055668643357,0,1,1,0,0,1,0,1,0,1,1,0,0,0
1009,-0.43991649313097614,-1.2774445836787656,-0.6566662308684151,1,0,1,0,0,1,0,1,0,1,1,0,0,1
6496,-0.43991649313097614,-0.748079855318371,0.20742217654574843,1,0,1,0,0,1,1,0,0,1,1,0,0,1
3584,-0.43991649313097614,0.22920887396235737,-1.4875204687666492,1,0,1,0,0,1,1,0,1,0,0,1,0,0
5929,-0.43991649313097614,1.4915401492832983,0.5729980412209714,0,1,1,0,0,1,1,0,1,0,0,0,1,0
3117,-0.43991649313097614,0.22920887396235737,-1.3545837907029317,1,0,1,0,0,1,1,0,0,1,0,1,0,0
2585,-0.43991649313097614,0.9621754209229036,1.1712130925077,1,0,0,1,0,1,1,0,1,0,1,0,0,0
3472,-0.43991649313097614,-1.2774445836787656,0.8721055668643357,0,1,1,0,0,1,1,0,1,0,0,1,0,1
5121,-0.43991649313097614,-1.2774445836787656,-0.49049538328876824,0,1,0,1,0,1,1,0,1,0,0,1,0,0
3982,-0.43991649313097614,-1.2774445836787656,-0.6566662308684151,1,0,1,0,0,1,0,1,0,1,1,0,0,1
3085,-0.43991649313097614,1.3286586944031769,1.0050422449280532,0,1,0,1,0,1,1,0,1,0,0,1,0,0
160,-0.43991649313097614,1.6137012404433893,0.17418800702981907,0,1,1,0,0,1,0,1,1,0,0,0,1,0
891,-0.43991649313097614,-1.1552834925186746,-0.49049538328876824,1,0,0,1,0,1,0,1,0,1,1,0,0,0
2843,-0.43991649313097614,-0.13727439951791576,0.9718080754121239,0,1,1,0,0,1,1,0,1,0,1,0,0,0
2927,-0.43991649313097614,-1.2774445836787656,0.8721055668643357,0,1,1,0,0,1,0,1,0,1,0,0,1,1
416,-0.43991649313097614,-0.46303730927815856,-1.2216471126392143,1,0,1,0,1,0,1,0,0,1,1,0,0,0
1268,2.273158691738958,1.4915401492832983,1.536788957182923,0,1,1,0,0,1,0,1,1,0,0,0,1,0
889,-0.43991649313097614,-1.1552834925186746,0.9053397363802651,1,0,1,0,0,1,1,0,0,1,0,1,0,1
589,-0.43991649313097614,-1.2774445836787656,-0.15815368812947458,0,1,1,0,0,1,0,1,0,1,0,0,1,1
4750,-0.43991649313097614,-0.0965540357978854,-0.025217010065757134,0,1,1,0,0,1,1,0,1,0,1,0,0,0
553,-0.43991649313097614,-0.38159658183809786,-1.4875204687666492,0,1,1,0,0,1,1,0,1,0,0,0,1,0
4397,-0.43991649313097614,-1.2774445836787656,0.1409538375138897,1,0,1,0,0,1,1,0,1,0,1,0,0,1
6298,-0.43991649313097614,1.247217966963116,0.8721055668643357,0,1,0,1,0,1,0,1,0,1,0,1,0,0
3558,2.273158691738958,-1.0738427650786138,-0.6566662308684151,0,1,1,0,0,1,1,0,1,0,1,0,0,0
6259,-0.43991649313097614,1.2879383306831464,0.0412513289661016,0,1,1,0,0,1,1,0,1,0,1,0,0,0
5343,-0.43991649313097614,1.4100994218432374,0.8388713973484064,0,1,0,1,0,1,1,0,1,0,1,0,0,0
3794,-0.43991649313097614,-1.2774445836787656,-1.4875204687666492,0,1,0,1,0,1,1,0,1,0,1,0,0,0
5954,-0.43991649313097614,0.880734693482843,1.3373839400873468,0,1,1,0,0,1,1,0,1,0,1,0,0,1
1369,-0.43991649313097614,1.125056875803025,1.1712130925077,1,0,1,0,0,1,1,0,0,1,0,1,0,0
6716,-0.43991649313097614,-0.8295205827584317,0.44006136315725397,1,0,0,1,0,1,0,1,0,1,1,0,0,1
491,-0.43991649313097614,-0.8295205827584317,-0.49049538328876824,1,0,1,0,1,0,0,1,0,1,0,0,1,0
1670,-0.43991649313097614,1.369379058123207,0.5065297021891128,0,1,0,1,0,1,0,1,0,1,1,0,0,0
4762,-0.43991649313097614,-0.7073594915983407,-1.3213496211870024,0,1,0,1,0,1,0,1,1,0,0,0,1,0
3737,-0.43991649313097614,-0.30015585439803716,1.1712130925077,1,0,1,0,0,1,1,0,1,0,0,1,0,1
1467,-0.43991649313097614,-1.1552834925186746,-1.45428629925072,0,1,1,0,0,1,1,0,1,0,1,0,0,0
1346,-0.43991649313097614,-0.9516816739185228,0.3071246850935365,0,1,1,0,0,1,0,1,0,1,0,1,0,0
3595,-0.43991649313097614,-0.5444780367182193,0.17418800702981907,0,1,1,0,0,1,1,0,1,0,1,0,0,0
856,-0.43991649313097614,-1.1960038562387048,-1.4875204687666492,0,1,0,1,0,1,0,1,0,1,0,1,0,0
796,2.273158691738958,-1.1960038562387048,0.3403588546094659,1,0,1,0,0,1,1,0,1,0,1,0,0,0
6839,-0.43991649313097614,0.9621754209229036,-0.6566662308684151,1,0,1,0,1,0,0,1,0,1,1,0,0,0
1013,2.273158691738958,1.369379058123207,1.437086448635135,1,0,1,0,0,1,1,0,0,1,1,0,0,0
6038,-0.43991649313097614,-1.1145631287986442,-1.288115451671073,0,1,0,1,0,1,0,1,0,1,1,0,0,1
5549,-0.43991649313097614,-1.1960038562387048,-1.4875204687666492,1,0,1,0,0,1,0,1,1,0,0,0,1,0
714,-0.43991649313097614,-1.2367242199587352,-1.4875204687666492,1,0,1,0,0,1,0,1,0,1,1,0,0,0
405,-0.43991649313097614,-0.0965540357978854,0.5397638717050421,1,0,0,1,0,1,1,0,1,0,0,0,1,0
1687,-0.43991649313097614,-1.0331224013585834,1.1047447534758412,0,1,1,0,0,1,0,1,1,0,1,0,0,1
6717,-0.43991649313097614,0.5142514200025698,-1.3213496211870024,1,0,0,1,0,1,0,1,0,1,1,0,0,0
2710,-0.43991649313097614,1.0436161483629645,-0.6566662308684151,1,0,1,0,1,0,1,0,1,0,1,0,0,0
6609,-0.43991649313097614,-0.62591876415828,1.270915601055488,0,1,1,0,0,1,1,0,1,0,0,1,0,0
3209,-0.43991649313097614,-1.1552834925186746,-0.8560712479639913,0,1,0,1,1,0,0,1,1,0,0,1,0,0
4494,2.273158691738958,1.2879383306831464,1.4703206181510644,1,0,1,0,0,1,0,1,1,0,0,0,1,0
6486,-0.43991649313097614,1.0436161483629645,1.3373839400873468,1,0,0,1,0,1,1,0,0,1,1,0,0,0
1893,-0.43991649313097614,1.2879383306831464,1.536788957182923,1,0,1,0,0,1,1,0,1,0,1,0,0,0
3668,-0.43991649313097614,-0.8702409464784621,0.7059347192846889,0,1,0,1,0,1,1,0,0,1,0,0,1,0
1436,2.273158691738958,-0.9924020376385531,0.9053397363802651,1,0,1,0,0,1,0,1,0,1,1,0,0,1
5815,2.273158691738958,0.758573602322752,0.9718080754121239,0,1,1,0,0,1,1,0,1,0,1,0,0,0
6069,-0.43991649313097614,-0.9109613101984924,-1.4875204687666492,0,1,1,0,0,1,1,0,1,0,1,0,0,0
4492,-0.43991649313097614,-0.30015585439803716,1.3373839400873468,1,0,1,0,0,1,1,0,1,0,1,0,0,1
5899,-0.43991649313097614,0.758573602322752,0.6062322107369008,0,1,1,0,0,1,0,1,1,0,0,1,0,0
2510,2.273158691738958,-0.9516816739185228,0.6394663802528302,1,0,1,0,0,1,0,1,1,0,0,0,1,1
1995,2.273158691738958,0.47353105628253944,1.5035547876669937,1,0,1,0,0,1,1,0,1,0,0,1,0,0
1740,-0.43991649313097614,-0.9924020376385531,-0.22462202716133334,1,0,1,0,0,1,1,0,0,1,1,0,0,0
4969,-0.43991649313097614,-0.9924020376385531,-1.4875204687666492,0,1,1,0,0,1,1,0,1,0,0,0,1,0
2480,-0.43991649313097614,1.6137012404433893,0.8721055668643357,1,0,1,0,0,1,0,1,1,0,0,0,1,0
1695,-0.43991649313097614,-1.0738427650786138,-1.45428629925072,1,0,1,0,0,1,1,0,1,0,1,0,0,0
4240,-0.43991649313097614,1.247217966963116,-1.4875204687666492,0,1,1,0,0,1,1,0,1,0,0,1,0,0
6040,-0.43991649313097614,-0.2594354906780068,0.5397638717050421,1,0,1,0,0,1,1,0,1,0,1,0,0,0
2222,-0.43991649313097614,0.10704778280226633,-0.15815368812947458,0,1,1,0,0,1,1,0,1,0,0,0,1,0
4467,-0.43991649313097614,-1.1960038562387048,-0.3575587052250508,1,0,1,0,0,1,1,0,0,1,1,0,0,0
4088,-0.43991649313097614,-0.3408762181180675,-0.22462202716133334,1,0,0,1,1,0,1,0,1,0,1,0,0,0
4544,-0.43991649313097614,-0.3408762181180675,0.44006136315725397,1,0,0,1,0,1,1,0,1,0,0,1,0,0
6748,-0.43991649313097614,-1.1960038562387048,-1.1551787736073555,1,0,0,1,1,0,1,0,1,0,0,1,0,0
1086,-0.43991649313097614,-1.1145631287986442,1.3041497705714176,0,1,1,0,0,1,1,0,0,1,1,0,0,1
3062,-0.43991649313097614,-0.4223169455581282,1.0050422449280532,0,1,1,0,0,1,0,1,0,1,1,0,0,0
3319,-0.43991649313097614,-0.13727439951791576,0.47329553267318336,1,0,1,0,0,1,1,0,1,0,1,0,0,1
1982,-0.43991649313097614,1.4100994218432374,-1.3213496211870024,1,0,1,0,0,1,0,1,0,1,1,0,0,0
6494,2.273158691738958,-0.0965540357978854,1.2376814315395588,0,1,1,0,0,1,1,0,1,0,0,1,0,0
4520,-0.43991649313097614,-1.1145631287986442,1.0382764144439827,0,1,1,0,0,1,0,1,0,1,0,1,0,1
2801,-0.43991649313097614,1.5322605130033284,-1.3213496211870024,1,0,0,1,0,1,1,0,1,0,1,0,0,0
3787,-0.43991649313097614,-1.1960038562387048,0.40682719364132464,0,1,1,0,0,1,0,1,0,1,1,0,0,1
1256,-0.43991649313097614,0.5142514200025698,0.7391688888006183,1,0,1,0,0,1,1,0,1,0,1,0,0,1
6809,-0.43991649313097614,0.6364125111626608,-1.3545837907029317,1,0,1,0,0,1,1,0,0,1,0,0,1,0
6958,-0.43991649313097614,-0.9516816739185228,0.3403588546094659,1,0,1,0,0,1,1,0,0,1,1,0,0,1
3387,2.273158691738958,-1.1960038562387048,0.17418800702981907,1,0,1,0,0,1,0,1,1,0,0,1,0,1
4241,2.273158691738958,0.5142514200025698,1.1379789229917707,0,1,1,0,0,1,0,1,0,1,1,0,0,0
5735,-0.43991649313097614,-1.2774445836787656,-1.4875204687666492,0,1,1,0,0,1,0,1,1,0,0,0,1,0
262,-0.43991649313097614,-1.2774445836787656,-1.4875204687666492,0,1,1,0,0,1,0,1,0,1,1,0,0,1
2168,-0.43991649313097614,0.6364125111626608,1.3373839400873468,1,0,1,0,0,1,0,1,0,1,1,0,0,0
6133,-0.43991649313097614,-1.2774445836787656,-1.3213496211870024,1,0,1,0,1,0,1,0,1,0,1,0,0,0
6641,-0.43991649313097614,1.6137012404433893,-1.4875204687666492,0,1,0,1,0,1,1,0,1,0,0,1,0,0
2582,-0.43991649313097614,-1.0738427650786138,0.8388713973484064,1,0,1,0,0,1,1,0,1,0,1,0,0,1
3713,-0.43991649313097614,1.2879383306831464,1.1712130925077,0,1,1,0,0,1,1,0,1,0,0,1,0,0
2031,-0.43991649313097614,1.0436161483629645,1.4703206181510644,1,0,1,0,0,1,0,1,1,0,1,0,0,1
6756,-0.43991649313097614,-1.2774445836787656,0.3071246850935365,1,0,1,0,0,1,0,1,0,1,1,0,0,1
5889,-0.43991649313097614,-1.2774445836787656,-0.6899004003843444,1,0,1,0,0,1,0,1,0,1,1,0,0,0
5737,2.273158691738958,-1.1960038562387048,0.40682719364132464,0,1,1,0,0,1,1,0,1,0,1,0,0,1
5110,2.273158691738958,-1.1145631287986442,0.37359302412539525,1,0,1,0,0,1,1,0,1,0,0,0,1,1
1084,2.273158691738958,-1.2774445836787656,-0.6566662308684151,1,0,1,0,0,1,1,0,0,1,1,0,0,1
6522,-0.43991649313097614,-0.9516816739185228,1.0382764144439827,0,1,1,0,0,1,0,1,1,0,0,0,1,0
4657,-0.43991649313097614,-0.8295205827584317,0.9718080754121239,1,0,1,0,0,1,0,1,0,1,1,0,0,1
4926,-0.43991649313097614,-1.0331224013585834,-0.6566662308684151,0,1,1,0,0,1,0,1,0,1,0,1,0,0
6002,-0.43991649313097614,0.6771328748826912,-0.8560712479639913,0,1,0,1,1,0,1,0,1,0,1,0,0,0
947,-0.43991649313097614,1.4100994218432374,1.1712130925077,1,0,0,1,0,1,1,0,1,0,1,0,0,0
4740,2.273158691738958,-0.21871512695797646,1.3373839400873468,0,1,1,0,0,1,0,1,0,1,1,0,0,0
2766,-0.43991649313097614,-0.6666391278783103,0.17418800702981907,0,1,1,0,0,1,1,0,0,1,1,0,0,0
5100,-0.43991649313097614,-1.2367242199587352,-0.5237295528046976,1,0,1,0,0,1,1,0,1,0,1,0,0,1
955,-0.43991649313097614,-0.3408762181180675,-1.4875204687666492,0,1,1,0,0,1,0,1,0,1,1,0,0,0
683,-0.43991649313097614,-0.9516816739185228,0.008017159450172232,1,0,0,1,0,1,1,0,1,0,1,0,0,1
2691,-0.43991649313097614,0.7178532386027215,0.17418800702981907,1,0,0,1,0,1,1,0,0,1,1,0,0,0
1578,-0.43991649313097614,1.2879383306831464,-0.3575587052250508,1,0,0,1,0,1,1,0,0,1,0,1,0,0
1492,-0.43991649313097614,-1.1145631287986442,1.3373839400873468,0,1,1,0,0,1,1,0,1,0,1,0,0,0
2529,-0.43991649313097614,-0.2594354906780068,-0.29109036619319206,1,0,1,0,0,1,1,0,0,1,1,0,0,0
1270,2.273158691738958,-0.5851984004382496,0.6727005497687596,1,0,1,0,0,1,0,1,0,1,0,0,1,0
3847,-0.43991649313097614,0.43281069256250915,-1.288115451671073,0,1,1,0,0,1,1,0,1,0,1,0,0,0
3681,-0.43991649313097614,-0.8295205827584317,0.40682719364132464,1,0,0,1,0,1,1,0,1,0,1,0,0,0
3950,-0.43991649313097614,0.758573602322752,-0.15815368812947458,1,0,1,0,0,1,0,1,1,0,1,0,0,0
3177,-0.43991649313097614,-1.1960038562387048,-1.45428629925072,0,1,1,0,0,1,0,1,1,0,0,0,1,1
5247,-0.43991649313097614,-0.7888002190384014,0.6727005497687596,1,0,1,0,0,1,1,0,0,1,1,0,0,1
2520,-0.43991649313097614,-1.2367242199587352,-1.4875204687666492,0,1,0,1,0,1,0,1,0,1,1,0,0,0
6986,-0.43991649313097614,-0.6666391278783103,0.3403588546094659,0,1,1,0,0,1,1,0,1,0,0,1,0,0
882,-0.43991649313097614,-0.62591876415828,-0.6566662308684151,0,1,0,1,0,1,1,0,1,0,0,1,0,0
2420,-0.43991649313097614,-0.748079855318371,-0.6566662308684151,0,1,1,0,0,1,1,0,1,0,0,1,0,0
3767,-0.43991649313097614,1.2064976032430856,1.437086448635135,0,1,0,1,0,1,1,0,1,0,1,0,0,0
3614,-0.43991649313097614,-0.9109613101984924,-0.15815368812947458,0,1,1,0,0,1,1,0,1,0,0,1,0,0
1891,-0.43991649313097614,1.0436161483629645,-0.12491951861354524,1,0,1,0,0,1,1,0,1,0,1,0,0,0
4850,-0.43991649313097614,0.5549717837226001,0.47329553267318336,1,0,1,0,0,1,1,0,1,0,0,1,0,0
1156,2.273158691738958,0.06632741908223598,-0.29109036619319206,1,0,1,0,1,0,0,1,1,0,0,0,1,0
6160,-0.43991649313097614,-0.7888002190384014,-1.4875204687666492,1,0,1,0,0,1,1,0,1,0,0,1,0,0
768,2.273158691738958,-0.9109613101984924,-0.9890079260277087,0,1,0,1,1,0,1,0,1,0,0,1,0,0
1924,-0.43991649313097614,0.35136996512244845,0.17418800702981907,0,1,0,1,0,1,1,0,1,0,0,0,1,0
4412,-0.43991649313097614,-0.015113308357824713,-1.5207546382825785,1,0,1,0,0,1,1,0,1,0,1,0,0,0
4390,-0.43991649313097614,-1.2367242199587352,1.1712130925077,0,1,1,0,0,1,0,1,0,1,1,0,0,0
3657,-0.43991649313097614,0.6771328748826912,0.3403588546094659,0,1,0,1,0,1,1,0,1,0,0,0,1,1
3200,-0.43991649313097614,0.18848851024232702,1.1712130925077,1,0,1,0,0,1,0,1,1,0,0,0,1,0
6827,-0.43991649313097614,-0.46303730927815856,-0.09168534909761586,0,1,1,0,0,1,1,0,1,0,1,0,0,0
5772,2.273158691738958,-1.2774445836787656,-0.7231345699002738,0,1,1,0,1,0,1,0,1,0,1,0,0,1
1882,-0.43991649313097614,1.4915401492832983,1.3041497705714176,0,1,1,0,0,1,1,0,1,0,1,0,0,1
5403,-0.43991649313097614,-1.2774445836787656,0.6727005497687596,0,1,1,0,0,1,1,0,1,0,0,0,1,1
4796,2.273158691738958,-1.1960038562387048,0.8721055668643357,0,1,1,0,0,1,1,0,1,0,0,1,0,1
6289,-0.43991649313097614,0.5142514200025698,0.3071246850935365,0,1,0,1,0,1,0,1,0,1,1,0,0,0
5999,-0.43991649313097614,-1.1552834925186746,-0.12491951861354524,0,1,0,1,0,1,1,0,1,0,0,0,1,1
6016,2.273158691738958,1.5322605130033284,-0.6899004003843444,0,1,1,0,1,0,1,0,0,1,1,0,0,0
4489,-0.43991649313097614,1.6137012404433893,1.6032572962147817,0,1,0,1,0,1,1,0,0,1,1,0,0,0
5827,-0.43991649313097614,-1.2774445836787656,-1.3545837907029317,0,1,1,0,1,0,1,0,0,1,1,0,0,1
5147,2.273158691738958,-0.6666391278783103,0.17418800702981907,0,1,1,0,0,1,0,1,0,1,1,0,0,0
6761,-0.43991649313097614,0.025607055362205634,-0.12491951861354524,1,0,1,0,0,1,1,0,1,0,1,0,0,0
1174,2.273158691738958,-1.2774445836787656,-0.49049538328876824,0,1,0,1,0,1,1,0,1,0,1,0,0,1
297,-0.43991649313097614,-0.6666391278783103,-1.4875204687666492,1,0,0,1,0,1,1,0,0,1,0,0,1,0
2313,-0.43991649313097614,0.7178532386027215,1.0382764144439827,1,0,1,0,0,1,1,0,1,0,0,1,0,0
3333,2.273158691738958,1.5322605130033284,1.3373839400873468,0,1,1,0,0,1,1,0,1,0,1,0,0,0
4819,-0.43991649313097614,0.26992923768238775,-1.3213496211870024,0,1,0,1,1,0,1,0,0,1,0,1,0,0
1909,-0.43991649313097614,0.5142514200025698,1.2044472620236295,0,1,1,0,0,1,1,0,1,0,0,0,1,1
2596,-0.43991649313097614,1.6137012404433893,1.7029598047625698,0,1,1,0,0,1,0,1,1,0,0,0,1,0
1486,-0.43991649313097614,-1.1960038562387048,-0.9890079260277087,0,1,1,0,1,0,0,1,0,1,1,0,0,0
3125,-0.43991649313097614,0.3920903288424788,0.6394663802528302,1,0,1,0,0,1,1,0,1,0,0,0,1,0
1420,2.273158691738958,-0.46303730927815856,0.1409538375138897,0,1,1,0,0,1,1,0,1,0,0,0,1,1
4662,-0.43991649313097614,0.9621754209229036,1.4038522791192056,0,1,1,0,0,1,0,1,1,0,0,0,1,0
2240,-0.43991649313097614,-0.9516816739185228,1.0050422449280532,0,1,1,0,0,1,1,0,1,0,0,0,1,1
1403,-0.43991649313097614,0.10704778280226633,-0.29109036619319206,1,0,0,1,0,1,1,0,1,0,1,0,0,0
253,-0.43991649313097614,-0.748079855318371,0.37359302412539525,0,1,0,1,0,1,1,0,1,0,1,0,0,0
1795,-0.43991649313097614,1.369379058123207,1.3041497705714176,0,1,1,0,0,1,0,1,1,0,0,0,1,1
5341,-0.43991649313097614,-1.2774445836787656,0.7391688888006183,0,1,1,0,0,1,0,1,1,0,0,1,0,1
2577,-0.43991649313097614,-1.1552834925186746,-1.4875204687666492,0,1,1,0,0,1,1,0,0,1,1,0,0,0
2062,2.273158691738958,1.369379058123207,1.4038522791192056,0,1,1,0,0,1,1,0,1,0,1,0,0,0
616,-0.43991649313097614,-1.1145631287986442,-1.4875204687666492,1,0,1,0,0,1,0,1,1,0,1,0,0,0
6637,-0.43991649313097614,-0.4223169455581282,1.1712130925077,0,1,0,1,0,1,0,1,1,0,0,1,0,0
115,-0.43991649313097614,0.35136996512244845,-1.4875204687666492,1,0,1,0,0,1,1,0,1,0,0,0,1,0
2813,-0.43991649313097614,-0.055833672077855064,0.805637227832477,0,1,0,1,0,1,0,1,0,1,0,1,0,0
6653,-0.43991649313097614,-0.015113308357824713,0.7059347192846889,1,0,0,1,0,1,1,0,1,0,0,0,1,0
5235,-0.43991649313097614,1.0843365120829946,1.1712130925077,1,0,1,0,0,1,0,1,0,1,0,1,0,0
2095,-0.43991649313097614,-0.015113308357824713,1.3041497705714176,1,0,1,0,0,1,1,0,1,0,1,0,0,0
1980,-0.43991649313097614,1.0843365120829946,1.1379789229917707,1,0,1,0,0,1,1,0,1,0,0,0,1,0
5211,-0.43991649313097614,1.4100994218432374,0.1409538375138897,0,1,0,1,0,1,1,0,1,0,0,1,0,0
64,2.273158691738958,1.6137012404433893,1.270915601055488,0,1,1,0,0,1,1,0,1,0,0,1,0,0
4432,-0.43991649313097614,-1.1145631287986442,0.17418800702981907,0,1,1,0,0,1,1,0,0,1,1,0,0,1
6330,-0.43991649313097614,-0.6666391278783103,-0.32432453570912145,0,1,1,0,0,1,1,0,0,1,0,0,1,0
5518,2.273158691738958,1.5729808767233588,1.6697256352466405,0,1,1,0,0,1,1,0,0,1,0,1,0,0
6256,-0.43991649313097614,-0.9924020376385531,0.3403588546094659,0,1,1,0,0,1,0,1,0,1,0,1,0,0
4001,-0.43991649313097614,-0.9516816739185228,0.6062322107369008,1,0,1,0,0,1,0,1,0,1,1,0,0,1
1742,-0.43991649313097614,-0.5037576729981889,0.37359302412539525,1,0,0,1,0,1,0,1,1,0,1,0,0,0
1116,-0.43991649313097614,1.5322605130033284,1.536788957182923,1,0,1,0,0,1,0,1,1,0,0,0,1,0
5635,-0.43991649313097614,-1.2774445836787656,-0.6566662308684151,0,1,1,0,0,1,1,0,1,0,1,0,0,1
2592,-0.43991649313097614,-1.2367242199587352,-0.6899004003843444,0,1,1,0,0,1,0,1,0,1,1,0,0,1
3784,-0.43991649313097614,-0.7073594915983407,-0.6234320613524857,1,0,1,0,1,0,0,1,0,1,1,0,0,0
4991,2.273158691738958,0.10704778280226633,1.1379789229917707,1,0,1,0,0,1,1,0,1,0,1,0,0,0
3820,-0.43991649313097614,1.2879383306831464,1.3041497705714176,1,0,0,1,0,1,1,0,1,0,0,1,0,0
461,-0.43991649313097614,-1.2367242199587352,-1.5207546382825785,1,0,1,0,0,1,1,0,1,0,1,0,0,0
1081,-0.43991649313097614,-0.015113308357824713,1.0382764144439827,0,1,1,0,0,1,1,0,1,0,0,0,1,1
1722,-0.43991649313097614,-0.4223169455581282,-0.32432453570912145,1,0,1,0,0,1,1,0,0,1,1,0,0,0
6367,-0.43991649313097614,1.2879383306831464,0.6394663802528302,0,1,1,0,0,1,1,0,1,0,0,0,1,0
433,-0.43991649313097614,1.6137012404433893,1.5700231266988525,0,1,0,1,0,1,1,0,1,0,1,0,0,0
2600,-0.43991649313097614,0.7992939660427822,-1.4875204687666492,1,0,0,1,0,1,1,0,1,0,0,0,1,0
3370,2.273158691738958,1.0843365120829946,-0.025217010065757134,0,1,1,0,1,0,0,1,1,0,1,0,0,0
6656,-0.43991649313097614,-0.3408762181180675,-0.4572612137728389,0,1,1,0,1,0,0,1,1,0,0,0,1,0
255,-0.43991649313097614,-0.5037576729981889,0.805637227832477,1,0,1,0,0,1,1,0,1,0,1,0,0,0
6700,-0.43991649313097614,-0.13727439951791576,0.8388713973484064,0,1,1,0,0,1,1,0,1,0,0,0,1,0
5102,-0.43991649313097614,0.758573602322752,0.9718080754121239,1,0,1,0,0,1,0,1,0,1,1,0,0,0
6614,-0.43991649313097614,-0.7073594915983407,-0.5237295528046976,1,0,1,0,0,1,1,0,1,0,1,0,0,0
5501,-0.43991649313097614,-0.055833672077855064,0.47329553267318336,0,1,0,1,0,1,1,0,1,0,0,0,1,1
1686,-0.43991649313097614,1.4508197855632678,1.5700231266988525,1,0,0,1,0,1,1,0,0,1,1,0,0,0
4739,-0.43991649313097614,1.5322605130033284,0.008017159450172232,1,0,1,0,0,1,0,1,0,1,1,0,0,1
3325,2.273158691738958,0.025607055362205634,-1.3213496211870024,0,1,1,0,0,1,1,0,0,1,1,0,0,0
481,2.273158691738958,-0.7073594915983407,0.3071246850935365,0,1,1,0,0,1,1,0,1,0,0,0,1,1
5555,-0.43991649313097614,0.7178532386027215,-0.9890079260277087,0,1,1,0,1,0,1,0,1,0,0,0,1,0
2716,-0.43991649313097614,-1.1145631287986442,-0.6899004003843444,1,0,1,0,0,1,0,1,1,0,1,0,0,0
5733,-0.43991649313097614,-1.0331224013585834,-0.0584511795816865,1,0,1,0,0,1,1,0,0,1,1,0,0,0
4549,-0.43991649313097614,-1.1960038562387048,0.37359302412539525,1,0,1,0,0,1,1,0,0,1,1,0,0,0
6552,-0.43991649313097614,1.4508197855632678,0.6062322107369008,0,1,0,1,0,1,1,0,0,1,0,1,0,0
3529,-0.43991649313097614,1.2879383306831464,-0.49049538328876824,1,0,0,1,1,0,1,0,1,0,1,0,0,0
5474,-0.43991649313097614,-0.8295205827584317,-1.0222420955436382,1,0,1,0,1,0,1,0,1,0,1,0,0,0
6307,-0.43991649313097614,-0.015113308357824713,-0.9890079260277087,1,0,0,1,1,0,0,1,0,1,0,1,0,0
5204,2.273158691738958,-0.8295205827584317,0.2738905155776072,0,1,1,0,0,1,1,0,1,0,1,0,0,0
2541,-0.43991649313097614,0.10704778280226633,-0.09168534909761586,1,0,1,0,0,1,0,1,0,1,0,0,1,0
652,-0.43991649313097614,-0.055833672077855064,1.2044472620236295,0,1,1,0,0,1,1,0,0,1,1,0,0,0
3939,-0.43991649313097614,-1.1145631287986442,0.9718080754121239,1,0,1,0,0,1,1,0,1,0,1,0,0,1
4420,-0.43991649313097614,1.0843365120829946,-1.4875204687666492,0,1,0,1,0,1,1,0,1,0,1,0,0,0
5262,-0.43991649313097614,-1.2774445836787656,0.17418800702981907,0,1,0,1,0,1,0,1,0,1,0,0,1,1
5683,2.273158691738958,1.125056875803025,0.3403588546094659,1,0,0,1,0,1,1,0,1,0,1,0,0,0
4787,-0.43991649313097614,-0.4223169455581282,-0.2578561966772627,0,1,1,0,1,0,0,1,0,1,0,0,1,0
703,-0.43991649313097614,-0.5444780367182193,-0.5237295528046976,1,0,0,1,0,1,0,1,0,1,1,0,0,0
6647,-0.43991649313097614,1.3286586944031769,0.3403588546094659,0,1,0,1,0,1,1,0,1,0,0,1,0,1
3482,-0.43991649313097614,0.35136996512244845,0.17418800702981907,1,0,1,0,0,1,0,1,1,0,1,0,0,1
3306,-0.43991649313097614,-0.3408762181180675,0.6727005497687596,0,1,0,1,0,1,0,1,0,1,1,0,0,0
692,-0.43991649313097614,-0.0965540357978854,0.10771966799796033,0,1,0,1,0,1,0,1,1,0,0,1,0,0
5905,-0.43991649313097614,0.5549717837226001,0.9718080754121239,0,1,1,0,0,1,0,1,0,1,0,1,0,1
5039,2.273158691738958,1.0436161483629645,1.1047447534758412,1,0,1,0,0,1,1,0,1,0,0,1,0,0
20,-0.43991649313097614,-0.4223169455581282,0.805637227832477,0,1,0,1,0,1,1,0,0,1,1,0,0,1
2570,-0.43991649313097614,-1.0331224013585834,-0.32432453570912145,0,1,1,0,0,1,0,1,1,0,0,0,1,0
5757,2.273158691738958,-0.8702409464784621,-1.4875204687666492,0,1,1,0,0,1,1,0,1,0,0,0,1,1
6820,-0.43991649313097614,-1.1960038562387048,0.3071246850935365,0,1,1,0,0,1,0,1,0,1,1,0,0,0
3154,-0.43991649313097614,1.6137012404433893,1.3041497705714176,0,1,1,0,0,1,0,1,1,0,1,0,0,0
4773,2.273158691738958,1.5729808767233588,-1.4875204687666492,0,1,0,1,0,1,1,0,1,0,0,1,0,0
5431,-0.43991649313097614,-1.1552834925186746,-0.15815368812947458,1,0,1,0,0,1,0,1,1,0,1,0,0,1
5651,-0.43991649313097614,-1.2774445836787656,-1.4875204687666492,1,0,1,0,0,1,1,0,1,0,0,1,0,0
3898,-0.43991649313097614,-0.38159658183809786,-0.49049538328876824,1,0,1,0,0,1,0,1,0,1,0,0,1,0
3602,-0.43991649313097614,0.880734693482843,1.1712130925077,1,0,1,0,0,1,1,0,1,0,1,0,0,1
6350,-0.43991649313097614,0.8400143297628127,-1.5207546382825785,1,0,1,0,0,1,1,0,1,0,0,0,1,0
430,-0.43991649313097614,-0.46303730927815856,1.3041497705714176,0,1,1,0,0,1,0,1,1,0,0,1,0,0
6886,-0.43991649313097614,1.6137012404433893,1.1047447534758412,1,0,1,0,0,1,0,1,0,1,1,0,0,0
6882,-0.43991649313097614,1.002895784642934,-1.45428629925072,0,1,1,0,0,1,1,0,1,0,1,0,0,0
228,-0.43991649313097614,0.6771328748826912,0.07448549848203097,1,0,1,0,0,1,1,0,1,0,1,0,0,0
6475,-0.43991649313097614,0.8400143297628127,1.4038522791192056,1,0,1,0,0,1,1,0,1,0,0,0,1,1
3187,2.273158691738958,-0.9924020376385531,0.7391688888006183,1,0,1,0,0,1,1,0,1,0,0,0,1,0
2121,-0.43991649313097614,-0.2594354906780068,-0.6566662308684151,0,1,1,0,1,0,1,0,1,0,0,0,1,0
1241,-0.43991649313097614,-0.4223169455581282,0.47329553267318336,1,0,1,0,0,1,1,0,1,0,1,0,0,1
6903,-0.43991649313097614,1.5729808767233588,-1.3213496211870024,1,0,1,0,0,1,0,1,1,0,0,1,0,0
7029,-0.43991649313097614,-0.46303730927815856,-1.45428629925072,1,0,1,0,0,1,1,0,1,0,0,0,1,0
6624,-0.43991649313097614,0.6364125111626608,1.270915601055488,1,0,0,1,0,1,0,1,0,1,1,0,0,1
2929,-0.43991649313097614,-1.2774445836787656,-1.3213496211870024,1,0,1,0,1,0,1,0,0,1,0,0,1,0
6239,-0.43991649313097614,0.8400143297628127,1.1379789229917707,1,0,1,0,0,1,0,1,0,1,1,0,0,0
4620,-0.43991649313097614,-1.2367242199587352,-0.3575587052250508,1,0,1,0,0,1,0,1,0,1,1,0,0,0
6916,-0.43991649313097614,0.10704778280226633,-0.12491951861354524,0,1,1,0,0,1,0,1,0,1,0,0,1,0
5096,-0.43991649313097614,-0.9516816739185228,1.270915601055488,0,1,0,1,0,1,1,0,1,0,0,1,0,0
6511,-0.43991649313097614,0.758573602322752,-1.1551787736073555,0,1,1,0,1,0,0,1,0,1,0,0,1,0
4150,-0.43991649313097614,1.2879383306831464,1.3373839400873468,1,0,1,0,0,1,1,0,1,0,0,0,1,0
3088,2.273158691738958,1.5729808767233588,1.437086448635135,0,1,1,0,0,1,0,1,0,1,1,0,0,0
5251,-0.43991649313097614,-0.8295205827584317,-1.4875204687666492,0,1,1,0,0,1,0,1,0,1,1,0,0,0
2109,-0.43991649313097614,-1.2774445836787656,0.17418800702981907,1,0,1,0,0,1,1,0,1,0,1,0,0,1
2785,-0.43991649313097614,-0.1779947632379461,0.3403588546094659,0,1,0,1,0,1,1,0,0,1,1,0,0,1
1551,-0.43991649313097614,0.9214550572028734,0.6394663802528302,1,0,1,0,0,1,0,1,0,1,1,0,0,0
1746,-0.43991649313097614,-0.5851984004382496,0.8388713973484064,1,0,1,0,0,1,1,0,1,0,0,0,1,1
4841,-0.43991649313097614,1.3286586944031769,-1.3213496211870024,0,1,1,0,0,1,1,0,1,0,1,0,0,0
3104,-0.43991649313097614,-1.2774445836787656,-1.45428629925072,1,0,0,1,0,1,1,0,1,0,1,0,0,1
4562,-0.43991649313097614,0.6771328748826912,-1.5207546382825785,1,0,0,1,0,1,0,1,1,0,1,0,0,0
995,2.273158691738958,-1.2774445836787656,0.3403588546094659,0,1,1,0,0,1,1,0,1,0,0,0,1,0
5597,-0.43991649313097614,0.6364125111626608,0.5729980412209714,1,0,0,1,0,1,0,1,1,0,0,0,1,1
5380,-0.43991649313097614,-0.38159658183809786,0.3071246850935365,1,0,1,0,0,1,0,1,0,1,0,1,0,0
746,-0.43991649313097614,-1.1960038562387048,-1.4875204687666492,0,1,0,1,0,1,0,1,0,1,0,0,1,0
1556,-0.43991649313097614,-1.2774445836787656,0.6727005497687596,1,0,1,0,0,1,1,0,0,1,0,1,0,0
5646,-0.43991649313097614,-0.46303730927815856,-0.6234320613524857,0,1,0,1,0,1,0,1,1,0,0,1,0,0
7036,-0.43991649313097614,-1.2367242199587352,-0.6566662308684151,1,0,1,0,0,1,1,0,0,1,1,0,0,0
6632,2.273158691738958,-1.1552834925186746,1.0050422449280532,1,0,1,0,0,1,0,1,1,0,1,0,0,1
2469,-0.43991649313097614,-1.2774445836787656,-1.5207546382825785,1,0,0,1,0,1,1,0,1,0,1,0,0,0
6426,-0.43991649313097614,-0.9109613101984924,-1.45428629925072,1,0,1,0,0,1,1,0,1,0,0,1,0,0
3917,-0.43991649313097614,1.369379058123207,1.3706181096032763,0,1,1,0,0,1,1,0,0,1,1,0,0,1
3289,2.273158691738958,-0.7888002190384014,1.071510583959912,1,0,1,0,0,1,1,0,1,0,0,0,1,0
5419,-0.43991649313097614,-0.62591876415828,0.07448549848203097,0,1,0,1,0,1,0,1,0,1,1,0,0,0
5645,-0.43991649313097614,0.9621754209229036,1.3373839400873468,1,0,1,0,0,1,1,0,0,1,1,0,0,0
1295,-0.43991649313097614,-0.7073594915983407,0.1409538375138897,1,0,0,1,0,1,1,0,1,0,1,0,0,1
6082,-0.43991649313097614,-0.38159658183809786,0.37359302412539525,1,0,1,0,0,1,1,0,1,0,1,0,0,1
5460,-0.43991649313097614,0.6364125111626608,1.071510583959912,1,0,1,0,0,1,1,0,0,1,1,0,0,0
851,-0.43991649313097614,1.6137012404433893,0.10771966799796033,0,1,1,0,0,1,0,1,0,1,0,0,1,0
3021,-0.43991649313097614,-1.2774445836787656,0.20742217654574843,1,0,1,0,0,1,1,0,1,0,0,1,0,0
2316,-0.43991649313097614,1.2879383306831464,1.6697256352466405,1,0,1,0,0,1,0,1,1,0,0,1,0,0
4983,-0.43991649313097614,1.5729808767233588,-1.3545837907029317,1,0,1,0,0,1,0,1,0,1,0,1,0,0
6138,-0.43991649313097614,1.6137012404433893,-1.5207546382825785,1,0,1,0,0,1,1,0,1,0,1,0,0,0
5138,-0.43991649313097614,0.47353105628253944,-0.09168534909761586,0,1,0,1,0,1,0,1,0,1,1,0,0,0
5368,-0.43991649313097614,0.06632741908223598,-1.288115451671073,0,1,1,0,0,1,0,1,1,0,0,0,1,0
1675,-0.43991649313097614,-1.2774445836787656,0.5065297021891128,1,0,1,0,0,1,0,1,1,0,0,0,1,1
893,-0.43991649313097614,1.4915401492832983,-1.288115451671073,1,0,1,0,0,1,0,1,0,1,1,0,0,0
3823,-0.43991649313097614,-0.055833672077855064,0.8388713973484064,1,0,1,0,0,1,0,1,0,1,1,0,0,1
3733,-0.43991649313097614,-0.9109613101984924,0.8721055668643357,1,0,0,1,0,1,0,1,1,0,0,0,1,0
5392,-0.43991649313097614,0.06632741908223598,1.2044472620236295,0,1,1,0,0,1,1,0,1,0,0,1,0,0
1180,2.273158691738958,-0.13727439951791576,-0.6566662308684151,1,0,1,0,1,0,0,1,0,1,1,0,0,0
2754,-0.43991649313097614,1.369379058123207,0.805637227832477,1,0,1,0,0,1,0,1,0,1,1,0,0,0
6556,-0.43991649313097614,-1.1552834925186746,-0.6566662308684151,0,1,0,1,0,1,1,0,1,0,0,1,0,0
1953,-0.43991649313097614,1.0843365120829946,-1.3545837907029317,1,0,1,0,0,1,0,1,0,1,1,0,0,0
958,-0.43991649313097614,0.22920887396235737,0.10771966799796033,1,0,1,0,0,1,1,0,1,0,1,0,0,0
1854,-0.43991649313097614,0.3106496014024181,-1.5207546382825785,1,0,1,0,0,1,1,0,1,0,1,0,0,0
4805,-0.43991649313097614,0.14776814652229667,0.5065297021891128,1,0,1,0,0,1,0,1,0,1,0,1,0,0
4851,-0.43991649313097614,1.5322605130033284,0.8388713973484064,1,0,1,0,0,1,1,0,0,1,0,1,0,0
2740,2.273158691738958,-0.748079855318371,1.0382764144439827,1,0,0,1,0,1,0,1,0,1,0,1,0,0
5320,-0.43991649313097614,-0.3408762181180675,-0.49049538328876824,0,1,1,0,0,1,0,1,0,1,0,0,1,0
5414,-0.43991649313097614,0.7992939660427822,0.5065297021891128,1,0,1,0,0,1,1,0,0,1,1,0,0,0
892,-0.43991649313097614,1.1657772395230555,-1.3545837907029317,1,0,0,1,0,1,0,1,0,1,1,0,0,0
44,-0.43991649313097614,-0.748079855318371,-0.4572612137728389,1,0,1,0,0,1,0,1,1,0,0,0,1,0
4632,-0.43991649313097614,1.6137012404433893,1.3373839400873468,0,1,1,0,0,1,0,1,0,1,1,0,0,0
2284,-0.43991649313097614,-0.9109613101984924,-0.12491951861354524,1,0,1,0,0,1,1,0,0,1,1,0,0,0
5213,-0.43991649313097614,-1.2774445836787656,-1.4875204687666492,0,1,1,0,0,1,1,0,1,0,0,0,1,1
5948,-0.43991649313097614,-1.1552834925186746,-1.1551787736073555,0,1,1,0,1,0,0,1,1,0,0,0,1,1
1069,-0.43991649313097614,-0.0965540357978854,-0.4572612137728389,1,0,0,1,1,0,0,1,0,1,1,0,0,1
4673,-0.43991649313097614,-1.0331224013585834,-0.19138785764540397,0,1,0,1,1,0,1,0,1,0,1,0,0,0
196,2.273158691738958,0.7992939660427822,-0.5237295528046976,0,1,1,0,1,0,1,0,0,1,1,0,0,0
998,-0.43991649313097614,-0.748079855318371,-0.4572612137728389,0,1,1,0,1,0,0,1,0,1,1,0,0,1
4485,-0.43991649313097614,-0.055833672077855064,0.47329553267318336,0,1,1,0,0,1,1,0,0,1,1,0,0,0
1969,-0.43991649313097614,1.4100994218432374,0.805637227832477,0,1,1,0,0,1,1,0,0,1,0,1,0,0
988,-0.43991649313097614,0.7178532386027215,0.9718080754121239,0,1,1,0,0,1,1,0,1,0,1,0,0,0
1947,-0.43991649313097614,-1.1960038562387048,0.3403588546094659,1,0,1,0,0,1,0,1,0,1,1,0,0,0
2220,-0.43991649313097614,-0.5851984004382496,-1.288115451671073,0,1,0,1,1,0,1,0,0,1,1,0,0,0
6394,-0.43991649313097614,-1.2774445836787656,0.37359302412539525,0,1,1,0,0,1,0,1,0,1,1,0,0,1
5296,-0.43991649313097614,-1.2367242199587352,-1.4875204687666492,1,0,1,0,0,1,0,1,0,1,1,0,0,0
5032,-0.43991649313097614,0.7178532386027215,-0.9890079260277087,0,1,1,0,1,0,1,0,0,1,1,0,0,0
6305,-0.43991649313097614,0.9214550572028734,1.3041497705714176,1,0,1,0,0,1,1,0,0,1,1,0,0,0
5825,-0.43991649313097614,1.6137012404433893,1.2044472620236295,0,1,1,0,0,1,0,1,1,0,0,0,1,0
3588,-0.43991649313097614,0.43281069256250915,-0.5237295528046976,1,0,1,0,1,0,0,1,0,1,1,0,0,1
5785,-0.43991649313097614,0.5549717837226001,0.9718080754121239,1,0,1,0,0,1,1,0,0,1,1,0,0,0
3915,-0.43991649313097614,-0.0965540357978854,-1.5207546382825785,1,0,0,1,0,1,1,0,1,0,0,1,0,0
355,-0.43991649313097614,0.5142514200025698,-1.3213496211870024,1,0,0,1,0,1,1,0,1,0,1,0,0,0
3957,-0.43991649313097614,-1.0738427650786138,0.5065297021891128,0,1,1,0,0,1,0,1,0,1,1,0,0,1
1233,-0.43991649313097614,1.5322605130033284,0.8388713973484064,0,1,0,1,0,1,1,0,0,1,1,0,0,0
3176,-0.43991649313097614,-1.1552834925186746,0.8388713973484064,1,0,0,1,0,1,1,0,0,1,1,0,0,1
571,2.273158691738958,0.7178532386027215,-1.3213496211870024,1,0,1,0,0,1,1,0,1,0,0,0,1,0
3172,2.273158691738958,-0.0965540357978854,0.44006136315725397,0,1,1,0,0,1,1,0,1,0,0,0,1,0
2943,-0.43991649313097614,0.5549717837226001,-1.4875204687666492,0,1,1,0,0,1,1,0,1,0,0,0,1,0
6564,-0.43991649313097614,-1.2367242199587352,1.0050422449280532,1,0,1,0,0,1,0,1,0,1,1,0,0,1
5666,-0.43991649313097614,0.3920903288424788,-0.6566662308684151,0,1,0,1,1,0,1,0,1,0,1,0,0,0
5527,-0.43991649313097614,-1.2367242199587352,1.3041497705714176,1,0,1,0,0,1,0,1,1,0,0,1,0,1
2706,-0.43991649313097614,-1.1552834925186746,0.7391688888006183,1,0,0,1,0,1,0,1,1,0,0,0,1,1
2921,-0.43991649313097614,1.4915401492832983,-1.4875204687666492,1,0,0,1,0,1,1,0,1,0,0,0,1,0
1689,-0.43991649313097614,-0.38159658183809786,0.6394663802528302,1,0,0,1,0,1,1,0,1,0,0,0,1,0
825,-0.43991649313097614,-1.1960038562387048,-0.9890079260277087,1,0,1,0,1,0,0,1,1,0,0,0,1,1
597,-0.43991649313097614,1.0436161483629645,-0.15815368812947458,1,0,1,0,0,1,1,0,1,0,0,0,1,0
1972,-0.43991649313097614,1.4100994218432374,1.5035547876669937,1,0,1,0,0,1,1,0,1,0,0,1,0,0
855,-0.43991649313097614,0.7178532386027215,-1.4875204687666492,1,0,0,1,0,1,1,0,1,0,0,0,1,0
1777,-0.43991649313097614,-1.2774445836787656,-0.4572612137728389,0,1,1,0,0,1,0,1,1,0,0,0,1,1
6442,-0.43991649313097614,1.6137012404433893,-1.3213496211870024,0,1,1,0,0,1,1,0,1,0,1,0,0,0
1898,-0.43991649313097614,-1.0331224013585834,1.0050422449280532,0,1,1,0,0,1,1,0,1,0,1,0,0,1
4646,-0.43991649313097614,1.6137012404433893,0.07448549848203097,1,0,0,1,0,1,0,1,0,1,1,0,0,0
4228,2.273158691738958,-1.0738427650786138,0.6394663802528302,0,1,1,0,0,1,1,0,1,0,0,0,1,1
181,-0.43991649313097614,-1.1552834925186746,0.47329553267318336,1,0,1,0,0,1,1,0,1,0,1,0,0,1
1657,2.273158691738958,-0.46303730927815856,0.2406563460616778,1,0,1,0,0,1,0,1,0,1,1,0,0,0
2265,-0.43991649313097614,-0.9516816739185228,-1.3545837907029317,0,1,1,0,1,0,0,1,0,1,0,0,1,1
1534,2.273158691738958,0.14776814652229667,0.8721055668643357,0,1,1,0,0,1,1,0,0,1,1,0,0,1
5502,-0.43991649313097614,-0.748079855318371,-0.19138785764540397,1,0,0,1,0,1,1,0,1,0,1,0,0,0
3589,-0.43991649313097614,-0.62591876415828,-1.4875204687666492,1,0,1,0,0,1,0,1,1,0,1,0,0,0
4075,-0.43991649313097614,0.8400143297628127,1.5035547876669937,1,0,1,0,0,1,0,1,0,1,1,0,0,0
841,-0.43991649313097614,-0.9516816739185228,-1.4875204687666492,0,1,0,1,0,1,0,1,0,1,0,1,0,0
133,-0.43991649313097614,-0.46303730927815856,1.3041497705714176,0,1,0,1,0,1,1,0,1,0,0,0,1,1
6942,-0.43991649313097614,1.4508197855632678,0.7724030583165477,1,0,1,0,0,1,1,0,1,0,0,1,0,0
1685,2.273158691738958,-0.46303730927815856,-0.7563687394162032,1,0,1,0,1,0,0,1,1,0,1,0,0,1
2175,-0.43991649313097614,0.22920887396235737,0.9053397363802651,0,1,1,0,0,1,1,0,1,0,0,1,0,0
4033,2.273158691738958,0.7178532386027215,0.17418800702981907,0,1,1,0,0,1,0,1,0,1,1,0,0,0
680,2.273158691738958,0.3106496014024181,1.3041497705714176,1,0,1,0,0,1,0,1,0,1,1,0,0,0
6452,-0.43991649313097614,-1.2774445836787656,-0.9557737565117794,0,1,1,0,1,0,0,1,0,1,0,1,0,1
3935,-0.43991649313097614,1.2064976032430856,-0.8560712479639913,0,1,1,0,1,0,1,0,1,0,0,1,0,0
5530,-0.43991649313097614,-0.62591876415828,-1.4875204687666492,0,1,1,0,0,1,1,0,1,0,1,0,0,0
6587,-0.43991649313097614,-0.4223169455581282,-1.45428629925072,1,0,0,1,0,1,0,1,1,0,0,0,1,0
5859,-0.43991649313097614,0.8400143297628127,0.9718080754121239,0,1,1,0,0,1,1,0,1,0,0,1,0,1
6553,-0.43991649313097614,-0.7073594915983407,-0.29109036619319206,1,0,1,0,0,1,1,0,0,1,1,0,0,0
3598,-0.43991649313097614,-1.0331224013585834,-1.45428629925072,0,1,0,1,0,1,1,0,0,1,1,0,0,0
4247,-0.43991649313097614,-0.9516816739185228,0.1409538375138897,0,1,1,0,0,1,0,1,0,1,0,0,1,0
2219,-0.43991649313097614,-0.9924020376385531,-0.5237295528046976,1,0,1,0,0,1,1,0,1,0,0,0,1,0
2199,-0.43991649313097614,-1.0331224013585834,0.1409538375138897,0,1,1,0,0,1,0,1,1,0,0,1,0,1
974,-0.43991649313097614,-0.7073594915983407,1.1712130925077,1,0,1,0,0,1,1,0,1,0,1,0,0,0
5969,2.273158691738958,-0.5037576729981889,1.0050422449280532,0,1,1,0,0,1,0,1,1,0,0,1,0,1
6952,-0.43991649313097614,0.10704778280226633,0.6727005497687596,1,0,1,0,0,1,1,0,1,0,0,0,1,1
6126,-0.43991649313097614,1.6137012404433893,-0.5237295528046976,0,1,0,1,1,0,0,1,0,1,1,0,0,0
3647,2.273158691738958,-0.8702409464784621,-0.15815368812947458,0,1,1,0,0,1,1,0,0,1,0,1,0,0
3651,2.273158691738958,-0.2594354906780068,0.6727005497687596,1,0,1,0,0,1,0,1,1,0,0,0,1,1
772,-0.43991649313097614,1.2879383306831464,0.5397638717050421,1,0,1,0,0,1,0,1,0,1,1,0,0,0
5188,-0.43991649313097614,-1.1960038562387048,0.1409538375138897,0,1,1,0,0,1,0,1,0,1,1,0,0,1
2215,-0.43991649313097614,-0.46303730927815856,-1.4875204687666492,0,1,1,0,0,1,1,0,0,1,1,0,0,0
3015,-0.43991649313097614,1.6137012404433893,-1.3545837907029317,1,0,0,1,0,1,0,1,0,1,1,0,0,0
5448,2.273158691738958,0.3920903288424788,0.47329553267318336,0,1,1,0,0,1,1,0,1,0,1,0,0,0
3739,-0.43991649313097614,1.6137012404433893,-1.3213496211870024,1,0,1,0,0,1,1,0,1,0,1,0,0,0
3425,-0.43991649313097614,-1.2774445836787656,-1.4875204687666492,0,1,1,0,0,1,1,0,0,1,1,0,0,0
6179,-0.43991649313097614,-1.2774445836787656,-1.4875204687666492,1,0,1,0,0,1,1,0,1,0,0,0,1,0
6266,-0.43991649313097614,0.9621754209229036,1.270915601055488,1,0,1,0,0,1,1,0,1,0,1,0,0,0
2423,-0.43991649313097614,1.369379058123207,-0.15815368812947458,1,0,0,1,0,1,1,0,0,1,1,0,0,0
298,2.273158691738958,1.369379058123207,1.536788957182923,0,1,1,0,0,1,0,1,0,1,1,0,0,1
225,-0.43991649313097614,0.8400143297628127,-1.4875204687666492,0,1,1,0,0,1,1,0,1,0,0,1,0,0
1843,-0.43991649313097614,-1.0331224013585834,-1.4875204687666492,1,0,1,0,0,1,1,0,1,0,1,0,0,1
1990,2.273158691738958,-1.1960038562387048,0.37359302412539525,0,1,1,0,0,1,1,0,1,0,0,0,1,1
5463,-0.43991649313097614,-0.9516816739185228,-0.6899004003843444,1,0,1,0,0,1,0,1,1,0,0,1,0,1
7028,-0.43991649313097614,0.6771328748826912,-0.49049538328876824,0,1,1,0,1,0,1,0,1,0,1,0,0,0
2254,-0.43991649313097614,-0.62591876415828,-0.09168534909761586,0,1,0,1,0,1,1,0,1,0,0,0,1,0
4407,-0.43991649313097614,-1.2367242199587352,0.5065297021891128,1,0,1,0,0,1,0,1,1,0,1,0,0,1
5711,-0.43991649313097614,-1.2774445836787656,0.20742217654574843,0,1,1,0,0,1,0,1,0,1,0,0,1,0
3148,-0.43991649313097614,1.4508197855632678,-0.3575587052250508,1,0,1,0,0,1,1,0,0,1,1,0,0,0
4804,-0.43991649313097614,1.6137012404433893,1.1712130925077,1,0,0,1,0,1,0,1,0,1,1,0,0,0
5256,-0.43991649313097614,-0.8702409464784621,0.5065297021891128,0,1,1,0,0,1,0,1,0,1,1,0,0,1
6157,-0.43991649313097614,0.9621754209229036,0.7059347192846889,1,0,1,0,0,1,1,0,0,1,1,0,0,0
3927,-0.43991649313097614,-0.4223169455581282,1.3373839400873468,0,1,1,0,0,1,1,0,1,0,1,0,0,0
4961,-0.43991649313097614,-1.0331224013585834,0.47329553267318336,1,0,1,0,0,1,0,1,0,1,1,0,0,0
1477,-0.43991649313097614,-1.2774445836787656,-0.32432453570912145,1,0,1,0,0,1,1,0,1,0,1,0,0,1
3037,-0.43991649313097614,-1.2774445836787656,0.3403588546094659,0,1,1,0,0,1,1,0,1,0,0,1,0,0
4547,-0.43991649313097614,1.6137012404433893,1.7029598047625698,1,0,0,1,0,1,0,1,0,1,1,0,0,0
956,-0.43991649313097614,1.2064976032430856,0.8721055668643357,0,1,1,0,0,1,1,0,1,0,1,0,0,0
4602,-0.43991649313097614,1.4508197855632678,0.6394663802528302,1,0,0,1,0,1,0,1,0,1,1,0,0,0
4757,-0.43991649313097614,1.2064976032430856,-1.4875204687666492,0,1,1,0,0,1,1,0,1,0,1,0,0,0
718,-0.43991649313097614,1.6137012404433893,1.5035547876669937,1,0,1,0,0,1,0,1,0,1,1,0,0,0
782,-0.43991649313097614,-0.46303730927815856,1.1712130925077,1,0,1,0,0,1,1,0,1,0,1,0,0,0
1664,2.273158691738958,0.14776814652229667,0.6727005497687596,0,1,1,0,0,1,0,1,0,1,1,0,0,1
4199,-0.43991649313097614,1.5729808767233588,0.40682719364132464,0,1,0,1,0,1,0,1,1,0,0,0,1,0
2604,-0.43991649313097614,1.1657772395230555,0.805637227832477,1,0,1,0,0,1,0,1,0,1,0,0,1,0
5303,-0.43991649313097614,-0.9516816739185228,0.7724030583165477,0,1,1,0,0,1,1,0,1,0,1,0,0,0
107,-0.43991649313097614,1.369379058123207,0.1409538375138897,0,1,1,0,0,1,0,1,0,1,0,1,0,0
1544,-0.43991649313097614,-0.9924020376385531,-1.5207546382825785,0,1,0,1,0,1,1,0,0,1,1,0,0,0
1579,-0.43991649313097614,-0.1779947632379461,0.9053397363802651,1,0,1,0,0,1,1,0,1,0,1,0,0,1
3422,-0.43991649313097614,-0.4223169455581282,-0.4572612137728389,1,0,1,0,1,0,0,1,0,1,0,0,1,0
2192,-0.43991649313097614,-0.4223169455581282,-0.8560712479639913,1,0,0,1,1,0,1,0,0,1,1,0,0,0
5806,-0.43991649313097614,-0.13727439951791576,-1.1219446040914263,1,0,1,0,1,0,1,0,1,0,1,0,0,0
811,-0.43991649313097614,-1.0331224013585834,-1.4875204687666492,1,0,1,0,0,1,0,1,0,1,0,1,0,1
2743,-0.43991649313097614,0.3920903288424788,-1.3213496211870024,0,1,1,0,1,0,0,1,1,0,0,0,1,0
2574,-0.43991649313097614,0.5142514200025698,-1.288115451671073,1,0,1,0,0,1,1,0,1,0,1,0,0,0
3636,2.273158691738958,0.6364125111626608,-0.19138785764540397,1,0,1,0,0,1,0,1,1,0,0,0,1,0
6864,-0.43991649313097614,0.18848851024232702,0.5065297021891128,1,0,1,0,0,1,0,1,1,0,0,1,0,0
3028,2.273158691738958,-0.8702409464784621,0.6062322107369008,1,0,1,0,0,1,1,0,1,0,1,0,0,0
6760,-0.43991649313097614,1.4915401492832983,0.9385739058961945,1,0,0,1,0,1,0,1,0,1,0,1,0,0
1822,-0.43991649313097614,0.10704778280226633,-1.3545837907029317,1,0,0,1,0,1,0,1,0,1,1,0,0,0
1313,2.273158691738958,1.369379058123207,0.5397638717050421,1,0,1,0,0,1,0,1,1,0,0,1,0,1
4034,2.273158691738958,-0.4223169455581282,-1.4875204687666492,1,0,1,0,0,1,1,0,1,0,0,1,0,0
3864,-0.43991649313097614,-0.3408762181180675,0.8388713973484064,0,1,1,0,0,1,0,1,0,1,1,0,0,0
5866,-0.43991649313097614,1.4508197855632678,-1.3545837907029317,0,1,1,0,0,1,1,0,1,0,1,0,0,0
3169,-0.43991649313097614,-0.5851984004382496,-1.4875204687666492,0,1,0,1,0,1,1,0,1,0,0,1,0,0
6401,-0.43991649313097614,-1.2774445836787656,0.1409538375138897,1,0,1,0,0,1,0,1,1,0,0,0,1,1
1743,2.273158691738958,0.9621754209229036,1.3373839400873468,1,0,1,0,0,1,1,0,0,1,1,0,0,1
5922,-0.43991649313097614,-0.4223169455581282,-1.4875204687666492,0,1,1,0,0,1,1,0,1,0,0,1,0,0
2902,-0.43991649313097614,-1.1552834925186746,-1.5207546382825785,0,1,1,0,0,1,0,1,0,1,0,0,1,0
4459,-0.43991649313097614,-0.7888002190384014,-0.9890079260277087,1,0,1,0,1,0,0,1,0,1,1,0,0,0
2282,-0.43991649313097614,0.18848851024232702,0.10771966799796033,1,0,1,0,0,1,0,1,1,0,1,0,0,0
66,2.273158691738958,1.4915401492832983,-1.4875204687666492,0,1,1,0,0,1,1,0,1,0,1,0,0,0
6361,-0.43991649313097614,-0.8702409464784621,-1.4875204687666492,1,0,0,1,0,1,1,0,1,0,1,0,0,0
6285,-0.43991649313097614,0.35136996512244845,1.270915601055488,0,1,0,1,0,1,0,1,0,1,1,0,0,1
5384,-0.43991649313097614,-1.318164947398796,0.5397638717050421,1,0,0,1,0,1,0,1,0,1,1,0,0,0
4876,-0.43991649313097614,-1.1552834925186746,-1.188412943123285,1,0,1,0,1,0,0,1,0,1,1,0,0,0
4428,-0.43991649313097614,1.0436161483629645,-1.45428629925072,0,1,1,0,0,1,1,0,0,1,0,0,1,0
5404,-0.43991649313097614,-0.9924020376385531,0.008017159450172232,1,0,1,0,0,1,0,1,1,0,1,0,0,0
6347,-0.43991649313097614,-0.5444780367182193,0.44006136315725397,0,1,1,0,0,1,1,0,1,0,1,0,0,1
967,2.273158691738958,-0.46303730927815856,-0.15815368812947458,0,1,1,0,0,1,1,0,1,0,1,0,0,1
743,-0.43991649313097614,-0.7888002190384014,0.5065297021891128,1,0,1,0,0,1,0,1,0,1,1,0,0,0
1616,-0.43991649313097614,-0.3408762181180675,0.8388713973484064,1,0,1,0,0,1,1,0,1,0,0,1,0,0
3385,-0.43991649313097614,-0.8295205827584317,0.5065297021891128,1,0,1,0,0,1,1,0,0,1,1,0,0,0
1634,-0.43991649313097614,-0.748079855318371,0.5729980412209714,0,1,1,0,0,1,1,0,1,0,1,0,0,0
35,-0.43991649313097614,1.125056875803025,0.9718080754121239,1,0,1,0,0,1,1,0,1,0,1,0,0,0
5347,2.273158691738958,1.369379058123207,1.1712130925077,0,1,1,0,0,1,0,1,1,0,0,0,1,1
1655,-0.43991649313097614,-0.62591876415828,0.8388713973484064,0,1,1,0,0,1,1,0,1,0,0,1,0,1
278,-0.43991649313097614,-0.015113308357824713,0.7724030583165477,0,1,1,0,0,1,1,0,1,0,1,0,0,0
2196,-0.43991649313097614,-1.2774445836787656,0.17418800702981907,1,0,1,0,0,1,0,1,1,0,0,1,0,1
6611,-0.43991649313097614,1.4508197855632678,0.7059347192846889,0,1,0,1,0,1,1,0,0,1,1,0,0,0
635,-0.43991649313097614,-1.2774445836787656,-1.4875204687666492,1,0,0,1,0,1,1,0,1,0,0,1,0,0
5601,-0.43991649313097614,0.6364125111626608,-0.6234320613524857,1,0,0,1,1,0,1,0,0,1,1,0,0,0
3411,-0.43991649313097614,0.47353105628253944,-0.5237295528046976,1,0,1,0,1,0,1,0,1,0,1,0,0,0
6242,-0.43991649313097614,-0.7073594915983407,-1.3213496211870024,1,0,1,0,0,1,1,0,1,0,1,0,0,1
1750,-0.43991649313097614,-0.5851984004382496,-0.12491951861354524,1,0,1,0,0,1,0,1,0,1,1,0,0,0
2532,-0.43991649313097614,-0.8702409464784621,0.5065297021891128,0,1,0,1,0,1,0,1,1,0,0,0,1,1
5254,-0.43991649313097614,1.6137012404433893,0.0412513289661016,0,1,1,0,1,0,1,0,1,0,0,1,0,0
5535,-0.43991649313097614,1.3286586944031769,1.437086448635135,1,0,1,0,0,1,0,1,0,1,1,0,0,0
2022,-0.43991649313097614,-0.8702409464784621,1.1712130925077,1,0,1,0,0,1,1,0,0,1,0,0,1,1
4092,-0.43991649313097614,0.18848851024232702,0.008017159450172232,1,0,1,0,0,1,0,1,1,0,1,0,0,0
1411,-0.43991649313097614,0.880734693482843,1.071510583959912,1,0,1,0,0,1,0,1,0,1,1,0,0,0
5182,2.273158691738958,-0.8295205827584317,-0.6899004003843444,0,1,1,0,1,0,0,1,1,0,0,0,1,1
6003,-0.43991649313097614,-0.46303730927815856,-1.4875204687666492,0,1,1,0,0,1,0,1,0,1,1,0,0,0
4056,-0.43991649313097614,-1.0738427650786138,-1.3213496211870024,0,1,0,1,0,1,1,0,1,0,0,0,1,0
6589,-0.43991649313097614,-1.1145631287986442,0.805637227832477,1,0,1,0,0,1,0,1,1,0,0,0,1,1
390,-0.43991649313097614,-0.1779947632379461,-0.12491951861354524,0,1,1,0,0,1,1,0,1,0,1,0,0,0
4131,-0.43991649313097614,-1.2367242199587352,0.17418800702981907,1,0,1,0,0,1,1,0,1,0,1,0,0,1
2308,2.273158691738958,0.18848851024232702,0.37359302412539525,1,0,1,0,0,1,1,0,1,0,0,1,0,1
2826,-0.43991649313097614,1.3286586944031769,0.20742217654574843,1,0,1,0,0,1,0,1,1,0,1,0,0,0
4406,-0.43991649313097614,-0.6666391278783103,0.008017159450172232,1,0,1,0,0,1,1,0,0,1,1,0,0,1
7026,2.273158691738958,-0.21871512695797646,0.20742217654574843,0,1,1,0,0,1,0,1,0,1,1,0,0,0
1484,-0.43991649313097614,-0.9924020376385531,-0.6566662308684151,0,1,1,0,0,1,1,0,1,0,0,1,0,1
6344,-0.43991649313097614,1.3286586944031769,-1.288115451671073,1,0,0,1,0,1,1,0,1,0,0,1,0,0
3615,-0.43991649313097614,1.2064976032430856,0.5397638717050421,0,1,0,1,0,1,1,0,1,0,0,0,1,0
630,-0.43991649313097614,-1.2367242199587352,0.8721055668643357,0,1,1,0,0,1,0,1,0,1,1,0,0,0
6455,-0.43991649313097614,-0.8295205827584317,-1.288115451671073,0,1,0,1,0,1,0,1,0,1,1,0,0,0
4103,-0.43991649313097614,0.5956921474426305,-0.3575587052250508,0,1,0,1,0,1,1,0,1,0,1,0,0,0
6445,-0.43991649313097614,-1.1552834925186746,-1.1551787736073555,0,1,1,0,1,0,0,1,1,0,0,1,0,0
5896,-0.43991649313097614,0.26992923768238775,0.8388713973484064,1,0,0,1,0,1,1,0,1,0,1,0,0,1
6064,-0.43991649313097614,1.369379058123207,-1.288115451671073,0,1,0,1,0,1,1,0,1,0,0,0,1,0
5358,-0.43991649313097614,-0.5037576729981889,-1.4875204687666492,0,1,1,0,0,1,1,0,1,0,0,0,1,0
719,-0.43991649313097614,-1.0738427650786138,-0.5237295528046976,1,0,0,1,0,1,1,0,1,0,1,0,0,0
6662,-0.43991649313097614,-0.30015585439803716,-1.4875204687666492,0,1,1,0,0,1,1,0,1,0,0,0,1,0
1654,-0.43991649313097614,-0.5444780367182193,-1.45428629925072,0,1,0,1,0,1,1,0,1,0,0,0,1,0
1396,-0.43991649313097614,1.2879383306831464,0.7059347192846889,1,0,1,0,0,1,0,1,1,0,0,1,0,0
5736,-0.43991649313097614,-1.2774445836787656,-0.15815368812947458,0,1,1,0,0,1,1,0,1,0,0,0,1,1
711,-0.43991649313097614,-1.2774445836787656,0.47329553267318336,1,0,1,0,0,1,1,0,1,0,1,0,0,1
4656,-0.43991649313097614,-0.7888002190384014,0.0412513289661016,0,1,1,0,0,1,0,1,1,0,0,1,0,0
4707,-0.43991649313097614,-1.0738427650786138,0.8721055668643357,1,0,1,0,0,1,1,0,1,0,1,0,0,0
5284,-0.43991649313097614,1.247217966963116,1.437086448635135,1,0,1,0,0,1,1,0,1,0,1,0,0,1
6230,2.273158691738958,0.35136996512244845,1.1047447534758412,0,1,1,0,0,1,0,1,1,0,0,0,1,1
5989,-0.43991649313097614,1.5322605130033284,1.5035547876669937,0,1,1,0,0,1,1,0,1,0,0,0,1,1
1130,-0.43991649313097614,-0.7073594915983407,-1.5207546382825785,0,1,1,0,0,1,0,1,0,1,1,0,0,0
4427,-0.43991649313097614,1.2879383306831464,-1.3213496211870024,0,1,0,1,0,1,0,1,0,1,0,1,0,0
6985,-0.43991649313097614,-1.2774445836787656,-0.6566662308684151,0,1,1,0,0,1,1,0,1,0,1,0,0,0
5712,-0.43991649313097614,-1.1552834925186746,0.7059347192846889,1,0,0,1,0,1,0,1,0,1,1,0,0,1
5001,-0.43991649313097614,0.025607055362205634,1.1712130925077,1,0,1,0,0,1,1,0,1,0,1,0,0,0
4755,-0.43991649313097614,-0.62591876415828,1.1379789229917707,1,0,0,1,0,1,0,1,1,0,0,0,1,1
1630,-0.43991649313097614,0.18848851024232702,0.8721055668643357,1,0,1,0,0,1,1,0,1,0,0,0,1,0
3919,2.273158691738958,-1.1960038562387048,0.5065297021891128,1,0,1,0,0,1,1,0,0,1,1,0,0,1
6527,-0.43991649313097614,0.14776814652229667,-1.1219446040914263,1,0,1,0,1,0,0,1,0,1,0,1,0,0
6627,-0.43991649313097614,1.002895784642934,-1.4875204687666492,1,0,0,1,0,1,1,0,0,1,1,0,0,0
2018,-0.43991649313097614,-0.1779947632379461,-1.4875204687666492,1,0,1,0,0,1,1,0,1,0,0,0,1,0
6770,-0.43991649313097614,-1.1960038562387048,-0.15815368812947458,1,0,1,0,0,1,1,0,1,0,0,0,1,0
3789,-0.43991649313097614,1.4508197855632678,1.536788957182923,1,0,1,0,0,1,1,0,0,1,0,0,1,0
463,-0.43991649313097614,1.5729808767233588,1.536788957182923,1,0,1,0,0,1,0,1,0,1,1,0,0,0
5229,-0.43991649313097614,1.2064976032430856,-1.3878179602188612,0,1,1,0,0,1,1,0,1,0,1,0,0,0
2477,-0.43991649313097614,-1.2774445836787656,-0.5237295528046976,0,1,1,0,0,1,1,0,1,0,0,0,1,0
3485,-0.43991649313097614,0.7178532386027215,0.17418800702981907,0,1,0,1,0,1,1,0,0,1,1,0,0,0
3299,-0.43991649313097614,-0.6666391278783103,-1.4875204687666492,0,1,1,0,0,1,1,0,1,0,1,0,0,0
5900,-0.43991649313097614,-1.0331224013585834,0.5065297021891128,1,0,1,0,0,1,0,1,0,1,1,0,0,1
3803,2.273158691738958,-0.0965540357978854,0.8388713973484064,1,0,1,0,0,1,1,0,1,0,1,0,0,0
5746,-0.43991649313097614,-1.2774445836787656,0.47329553267318336,0,1,1,0,0,1,0,1,1,0,0,0,1,1
871,-0.43991649313097614,-0.8295205827584317,1.3373839400873468,1,0,0,1,0,1,0,1,0,1,0,0,1,0
3616,-0.43991649313097614,0.6771328748826912,-1.4875204687666492,0,1,1,0,0,1,0,1,0,1,1,0,0,0
6090,-0.43991649313097614,-1.2774445836787656,-1.4875204687666492,0,1,1,0,0,1,0,1,0,1,1,0,0,0
6518,2.273158691738958,-1.1145631287986442,0.3071246850935365,1,0,1,0,0,1,1,0,1,0,1,0,0,1
5529,2.273158691738958,1.5729808767233588,-1.3213496211870024,0,1,1,0,0,1,1,0,1,0,0,1,0,0
1603,-0.43991649313097614,0.18848851024232702,1.0050422449280532,1,0,0,1,0,1,1,0,0,1,1,0,0,0
2777,-0.43991649313097614,-0.8295205827584317,0.3403588546094659,0,1,1,0,0,1,1,0,0,1,1,0,0,0
5192,2.273158691738958,-0.015113308357824713,0.6727005497687596,0,1,1,0,0,1,0,1,1,0,0,0,1,1
1679,2.273158691738958,-0.9109613101984924,0.7391688888006183,0,1,1,0,0,1,0,1,0,1,0,1,0,1
3162,-0.43991649313097614,1.6137012404433893,0.9385739058961945,1,0,0,1,0,1,1,0,1,0,0,1,0,0
5398,-0.43991649313097614,-0.5851984004382496,-0.32432453570912145,0,1,1,0,0,1,1,0,0,1,1,0,0,0
5377,2.273158691738958,1.125056875803025,0.805637227832477,1,0,1,0,0,1,0,1,1,0,0,1,0,0
199,2.273158691738958,0.9621754209229036,1.0382764144439827,1,0,1,0,0,1,0,1,0,1,0,0,1,0
1431,2.273158691738958,1.6137012404433893,1.5035547876669937,0,1,1,0,0,1,0,1,1,0,0,1,0,0
3163,-0.43991649313097614,-0.5851984004382496,-0.49049538328876824,1,0,1,0,0,1,0,1,1,0,1,0,0,0
1489,-0.43991649313097614,-1.2774445836787656,0.3071246850935365,0,1,1,0,0,1,1,0,1,0,1,0,0,0
3199,-0.43991649313097614,-1.1145631287986442,0.0412513289661016,0,1,1,0,0,1,0,1,0,1,0,1,0,0
945,-0.43991649313097614,0.9621754209229036,1.1712130925077,1,0,0,1,0,1,0,1,0,1,1,0,0,0
7027,-0.43991649313097614,-0.7888002190384014,0.7059347192846889,1,0,1,0,0,1,1,0,1,0,1,0,0,0
865,-0.43991649313097614,1.1657772395230555,0.3071246850935365,1,0,0,1,0,1,0,1,0,1,1,0,0,0
3211,2.273158691738958,1.4508197855632678,0.5065297021891128,0,1,1,0,0,1,1,0,1,0,0,1,0,0
1136,-0.43991649313097614,-1.2774445836787656,0.3403588546094659,1,0,1,0,0,1,0,1,0,1,0,0,1,1
201,2.273158691738958,-1.2367242199587352,0.17418800702981907,0,1,1,0,0,1,1,0,0,1,0,1,0,0
6695,-0.43991649313097614,-1.1960038562387048,0.3403588546094659,1,0,1,0,0,1,0,1,1,0,0,0,1,0
2473,-0.43991649313097614,0.8400143297628127,-0.12491951861354524,0,1,1,0,0,1,0,1,1,0,0,0,1,0
2007,-0.43991649313097614,-1.2774445836787656,0.1409538375138897,0,1,1,0,0,1,0,1,1,0,1,0,0,1
2612,2.273158691738958,1.4100994218432374,-0.12491951861354524,0,1,1,0,0,1,1,0,0,1,1,0,0,0
3610,-0.43991649313097614,-0.7888002190384014,-1.5207546382825785,0,1,1,0,0,1,0,1,0,1,0,1,0,0
5748,2.273158691738958,1.125056875803025,1.3706181096032763,1,0,1,0,0,1,0,1,1,0,0,1,0,0
2324,-0.43991649313097614,-0.015113308357824713,1.1379789229917707,0,1,1,0,0,1,0,1,0,1,1,0,0,0
3444,-0.43991649313097614,0.880734693482843,0.9718080754121239,1,0,1,0,0,1,1,0,0,1,0,1,0,0
1374,2.273158691738958,1.0436161483629645,1.1379789229917707,0,1,1,0,0,1,1,0,1,0,1,0,0,1
7019,-0.43991649313097614,0.9621754209229036,1.3373839400873468,0,1,1,0,0,1,1,0,0,1,1,0,0,0
957,-0.43991649313097614,0.14776814652229667,-1.5207546382825785,1,0,1,0,0,1,0,1,1,0,0,0,1,0
5918,-0.43991649313097614,-1.2774445836787656,-1.1219446040914263,1,0,1,0,1,0,1,0,1,0,1,0,0,0
3992,-0.43991649313097614,1.4100994218432374,1.5035547876669937,0,1,1,0,0,1,0,1,0,1,1,0,0,0
5299,-0.43991649313097614,-1.2774445836787656,-1.4875204687666492,1,0,1,0,0,1,0,1,0,1,1,0,0,0
4136,2.273158691738958,0.8400143297628127,-0.3575587052250508,0,1,1,0,1,0,0,1,1,0,0,0,1,1
5804,-0.43991649313097614,0.6771328748826912,1.0050422449280532,0,1,1,0,0,1,0,1,0,1,1,0,0,0
4771,-0.43991649313097614,0.5142514200025698,-1.4875204687666492,0,1,1,0,0,1,1,0,1,0,0,1,0,1
6052,-0.43991649313097614,0.7992939660427822,0.8721055668643357,0,1,1,0,0,1,1,0,1,0,1,0,0,0
2343,-0.43991649313097614,0.10704778280226633,-1.45428629925072,1,0,1,0,0,1,0,1,0,1,1,0,0,0
1708,-0.43991649313097614,-0.5851984004382496,-1.4875204687666492,0,1,1,0,0,1,1,0,0,1,1,0,0,0
1625,-0.43991649313097614,1.2879383306831464,0.805637227832477,0,1,1,0,0,1,0,1,0,1,0,1,0,0
4919,-0.43991649313097614,-1.1145631287986442,-1.45428629925072,1,0,1,0,0,1,1,0,1,0,0,0,1,0
5611,-0.43991649313097614,-0.9109613101984924,-1.1551787736073555,1,0,1,0,1,0,0,1,0,1,1,0,0,0
3537,-0.43991649313097614,-1.1960038562387048,0.8388713973484064,0,1,0,1,0,1,0,1,0,1,1,0,0,0
2330,-0.43991649313097614,1.3286586944031769,-1.3213496211870024,0,1,0,1,0,1,0,1,0,1,0,1,0,0
4481,-0.43991649313097614,-1.2774445836787656,0.17418800702981907,1,0,1,0,0,1,1,0,0,1,1,0,0,1
3845,2.273158691738958,-0.38159658183809786,-0.9890079260277087,0,1,1,0,1,0,0,1,1,0,0,1,0,0
4567,-0.43991649313097614,-0.9109613101984924,0.805637227832477,1,0,0,1,0,1,1,0,0,1,0,1,0,0
799,-0.43991649313097614,0.18848851024232702,0.8388713973484064,0,1,1,0,0,1,1,0,1,0,1,0,0,0
1070,2.273158691738958,1.125056875803025,1.1379789229917707,0,1,1,0,0,1,1,0,1,0,0,1,0,0
2204,2.273158691738958,0.025607055362205634,1.5035547876669937,1,0,1,0,0,1,0,1,0,1,0,1,0,1
6363,-0.43991649313097614,0.8400143297628127,1.1047447534758412,0,1,1,0,0,1,0,1,0,1,1,0,0,0
3382,-0.43991649313097614,-0.9516816739185228,0.008017159450172232,0,1,1,0,0,1,1,0,1,0,0,1,0,0
2884,-0.43991649313097614,-1.0331224013585834,-0.6566662308684151,0,1,0,1,0,1,0,1,1,0,0,0,1,0
5509,-0.43991649313097614,-1.2774445836787656,0.17418800702981907,1,0,1,0,0,1,0,1,1,0,0,0,1,1
4144,-0.43991649313097614,-1.318164947398796,-1.4875204687666492,0,1,0,1,0,1,0,1,0,1,1,0,0,0
5540,-0.43991649313097614,0.9214550572028734,-1.45428629925072,1,0,0,1,0,1,1,0,1,0,0,1,0,0
267,-0.43991649313097614,-0.7888002190384014,-0.6899004003843444,0,1,0,1,0,1,0,1,1,0,0,0,1,0
6684,-0.43991649313097614,-0.7073594915983407,0.6727005497687596,0,1,1,0,0,1,1,0,1,0,0,1,0,0
5591,-0.43991649313097614,-0.3408762181180675,0.9718080754121239,0,1,1,0,0,1,1,0,1,0,1,0,0,0
1606,-0.43991649313097614,-0.8295205827584317,0.6727005497687596,0,1,1,0,0,1,1,0,1,0,0,0,1,0
4708,2.273158691738958,0.025607055362205634,0.9718080754121239,0,1,1,0,0,1,0,1,0,1,0,1,0,0
3782,-0.43991649313097614,-1.1960038562387048,0.8388713973484064,0,1,1,0,0,1,1,0,1,0,0,1,0,0
4367,2.273158691738958,1.6137012404433893,1.7361939742784993,1,0,1,0,0,1,0,1,0,1,1,0,0,0
6845,-0.43991649313097614,-0.7888002190384014,-1.4875204687666492,0,1,1,0,0,1,1,0,0,1,1,0,0,0
5524,-0.43991649313097614,-0.4223169455581282,0.6727005497687596,1,0,0,1,0,1,1,0,0,1,1,0,0,0
1171,-0.43991649313097614,-0.30015585439803716,-0.15815368812947458,0,1,0,1,0,1,0,1,0,1,0,0,1,0
6833,-0.43991649313097614,-0.13727439951791576,0.5065297021891128,0,1,0,1,0,1,1,0,1,0,0,0,1,0
2874,2.273158691738958,0.43281069256250915,1.5035547876669937,1,0,1,0,0,1,0,1,0,1,1,0,0,1
4960,-0.43991649313097614,1.2064976032430856,1.2044472620236295,1,0,0,1,0,1,1,0,1,0,1,0,0,0
1162,-0.43991649313097614,1.5322605130033284,-1.5207546382825785,1,0,1,0,0,1,1,0,1,0,1,0,0,0
5454,-0.43991649313097614,-0.7073594915983407,-1.4875204687666492,1,0,1,0,0,1,1,0,1,0,0,0,1,1
750,2.273158691738958,-1.1145631287986442,0.6727005497687596,1,0,1,0,0,1,1,0,0,1,0,1,0,1
6905,2.273158691738958,-0.9516816739185228,0.3071246850935365,0,1,1,0,0,1,1,0,1,0,1,0,0,0
6923,-0.43991649313097614,0.7992939660427822,1.1047447534758412,1,0,0,1,0,1,1,0,0,1,1,0,0,0
570,-0.43991649313097614,-1.0331224013585834,-0.4572612137728389,0,1,1,0,0,1,1,0,1,0,0,1,0,1
4308,-0.43991649313097614,-1.2774445836787656,-0.6234320613524857,1,0,1,0,0,1,0,1,0,1,1,0,0,1
4377,-0.43991649313097614,0.14776814652229667,1.0050422449280532,0,1,0,1,0,1,1,0,0,1,0,1,0,0
6514,-0.43991649313097614,-1.2774445836787656,-0.5237295528046976,0,1,1,0,0,1,0,1,1,0,1,0,0,0
5423,2.273158691738958,-1.2774445836787656,0.17418800702981907,1,0,1,0,0,1,1,0,1,0,0,0,1,1
2692,-0.43991649313097614,-1.2774445836787656,0.3403588546094659,1,0,1,0,0,1,1,0,1,0,0,1,0,1
1912,-0.43991649313097614,-1.2367242199587352,-1.4875204687666492,1,0,1,0,0,1,0,1,0,1,0,0,1,0
1897,-0.43991649313097614,-1.1960038562387048,0.5397638717050421,1,0,0,1,0,1,0,1,1,0,1,0,0,0
5285,-0.43991649313097614,0.5956921474426305,1.1379789229917707,1,0,1,0,0,1,1,0,1,0,1,0,0,1
1527,2.273158691738958,-0.3408762181180675,0.5065297021891128,0,1,1,0,0,1,1,0,0,1,1,0,0,0
3804,2.273158691738958,0.06632741908223598,0.8388713973484064,0,1,1,0,0,1,0,1,0,1,0,0,1,0
5071,-0.43991649313097614,-1.1145631287986442,-0.29109036619319206,0,1,1,0,0,1,1,0,0,1,0,1,0,0
179,-0.43991649313097614,-1.2367242199587352,0.37359302412539525,1,0,1,0,0,1,0,1,0,1,1,0,0,1
4026,-0.43991649313097614,-1.1145631287986442,-0.4572612137728389,0,1,1,0,1,0,1,0,0,1,1,0,0,1
6227,-0.43991649313097614,1.6137012404433893,-1.3213496211870024,0,1,1,0,0,1,0,1,1,0,0,0,1,0
2530,-0.43991649313097614,0.6771328748826912,1.1379789229917707,0,1,1,0,0,1,1,0,1,0,0,1,0,1
281,-0.43991649313097614,0.7992939660427822,0.6394663802528302,1,0,0,1,0,1,1,0,1,0,1,0,0,0
1928,-0.43991649313097614,1.5729808767233588,0.6727005497687596,0,1,0,1,0,1,0,1,0,1,1,0,0,0
6117,-0.43991649313097614,1.369379058123207,-1.4875204687666492,0,1,0,1,0,1,0,1,1,0,0,1,0,0
5184,-0.43991649313097614,-0.8295205827584317,-1.4875204687666492,0,1,1,0,0,1,0,1,0,1,1,0,0,0
4161,-0.43991649313097614,-0.7888002190384014,0.5065297021891128,1,0,1,0,0,1,1,0,1,0,0,1,0,0
4440,-0.43991649313097614,-1.2367242199587352,-0.32432453570912145,1,0,1,0,0,1,1,0,1,0,0,0,1,1
818,-0.43991649313097614,0.9621754209229036,-0.9557737565117794,0,1,0,1,1,0,1,0,0,1,0,1,0,0
1885,-0.43991649313097614,0.3920903288424788,-0.32432453570912145,1,0,1,0,0,1,1,0,1,0,0,1,0,0
810,-0.43991649313097614,-1.1552834925186746,1.0050422449280532,0,1,1,0,0,1,1,0,0,1,1,0,0,0
6257,-0.43991649313097614,1.002895784642934,0.3071246850935365,0,1,0,1,0,1,1,0,1,0,1,0,0,0
3632,-0.43991649313097614,0.18848851024232702,-1.4875204687666492,1,0,1,0,0,1,1,0,1,0,1,0,0,0
3801,2.273158691738958,0.9214550572028734,0.6727005497687596,1,0,1,0,0,1,0,1,0,1,0,0,1,1
6314,-0.43991649313097614,0.5956921474426305,1.0050422449280532,0,1,1,0,0,1,1,0,0,1,1,0,0,0
2444,2.273158691738958,-1.1960038562387048,-1.1219446040914263,1,0,1,0,1,0,0,1,0,1,0,0,1,0
335,-0.43991649313097614,1.3286586944031769,-0.12491951861354524,1,0,0,1,0,1,0,1,0,1,1,0,0,0
2083,-0.43991649313097614,-1.1960038562387048,-1.4875204687666492,0,1,1,0,0,1,0,1,1,0,1,0,0,1
234,-0.43991649313097614,0.7992939660427822,0.7059347192846889,1,0,0,1,0,1,1,0,1,0,0,0,1,0
1302,-0.43991649313097614,-0.055833672077855064,0.9718080754121239,0,1,1,0,0,1,1,0,1,0,0,0,1,0
6079,-0.43991649313097614,-0.46303730927815856,0.3403588546094659,0,1,1,0,0,1,0,1,1,0,0,1,0,0
1146,-0.43991649313097614,-1.0331224013585834,0.17418800702981907,1,0,1,0,0,1,1,0,0,1,1,0,0,0
5094,-0.43991649313097614,-0.8295205827584317,1.0050422449280532,0,1,1,0,0,1,0,1,1,0,0,0,1,0
1721,-0.43991649313097614,-1.0331224013585834,-1.4875204687666492,1,0,0,1,0,1,1,0,0,1,1,0,0,0
6202,-0.43991649313097614,-0.5851984004382496,-1.5207546382825785,0,1,1,0,0,1,1,0,0,1,1,0,0,0
6451,2.273158691738958,-0.8702409464784621,1.536788957182923,0,1,1,0,0,1,1,0,1,0,0,0,1,0
2418,-0.43991649313097614,-1.1960038562387048,0.3403588546094659,1,0,1,0,0,1,1,0,1,0,1,0,0,1
4832,-0.43991649313097614,0.47353105628253944,-1.4875204687666492,0,1,1,0,0,1,1,0,1,0,0,1,0,0
2989,2.273158691738958,-0.5851984004382496,-1.4875204687666492,1,0,1,0,0,1,0,1,0,1,0,0,1,0
1810,-0.43991649313097614,-0.5037576729981889,1.071510583959912,0,1,0,1,0,1,0,1,0,1,1,0,0,0
3020,-0.43991649313097614,1.369379058123207,-0.09168534909761586,1,0,1,0,1,0,1,0,1,0,1,0,0,0
6877,-0.43991649313097614,-1.2774445836787656,0.17418800702981907,0,1,1,0,0,1,1,0,0,1,0,1,0,1
1416,-0.43991649313097614,-0.015113308357824713,-1.5207546382825785,0,1,0,1,0,1,1,0,0,1,0,1,0,0
4296,2.273158691738958,1.6137012404433893,0.40682719364132464,0,1,1,0,0,1,1,0,1,0,0,1,0,0
6678,2.273158691738958,-1.2774445836787656,0.6727005497687596,1,0,1,0,0,1,1,0,1,0,1,0,0,1
6900,-0.43991649313097614,-1.0738427650786138,0.6727005497687596,0,1,1,0,0,1,1,0,1,0,1,0,0,1
5069,-0.43991649313097614,1.5729808767233588,1.1379789229917707,0,1,1,0,0,1,1,0,1,0,0,0,1,0
4793,-0.43991649313097614,-1.2367242199587352,-1.4875204687666492,0,1,0,1,0,1,0,1,0,1,0,1,0,0
6594,-0.43991649313097614,1.0436161483629645,0.7059347192846889,0,1,1,0,0,1,1,0,1,0,1,0,0,0
4785,-0.43991649313097614,-0.13727439951791576,-1.5207546382825785,1,0,1,0,0,1,1,0,1,0,1,0,0,0
2218,-0.43991649313097614,-1.0738427650786138,0.37359302412539525,0,1,1,0,0,1,0,1,1,0,0,0,1,1
5219,-0.43991649313097614,1.4100994218432374,0.8388713973484064,0,1,0,1,0,1,1,0,1,0,0,1,0,0
6819,2.273158691738958,1.4915401492832983,1.5035547876669937,0,1,1,0,0,1,1,0,1,0,0,0,1,0
2078,-0.43991649313097614,-0.5444780367182193,-0.15815368812947458,1,0,1,0,0,1,1,0,0,1,1,0,0,0
1604,-0.43991649313097614,0.3106496014024181,1.2044472620236295,0,1,1,0,0,1,0,1,1,0,1,0,0,1
6901,-0.43991649313097614,1.2064976032430856,0.9718080754121239,1,0,1,0,0,1,1,0,0,1,0,1,0,0
3230,-0.43991649313097614,0.26992923768238775,0.5065297021891128,0,1,0,1,0,1,0,1,0,1,1,0,0,1
393,-0.43991649313097614,-0.8295205827584317,-0.12491951861354524,1,0,1,0,1,0,1,0,1,0,1,0,0,0
2647,2.273158691738958,-1.2774445836787656,0.805637227832477,1,0,1,0,0,1,1,0,1,0,0,0,1,1
341,-0.43991649313097614,-0.0965540357978854,0.0412513289661016,1,0,0,1,0,1,1,0,1,0,1,0,0,0
4938,2.273158691738958,0.758573602322752,-1.4875204687666492,1,0,1,0,0,1,1,0,1,0,0,1,0,0
944,2.273158691738958,-0.4223169455581282,0.8388713973484064,0,1,1,0,0,1,1,0,1,0,0,0,1,1
5387,2.273158691738958,-0.748079855318371,0.5065297021891128,1,0,1,0,0,1,1,0,1,0,1,0,0,0
802,-0.43991649313097614,-0.9516816739185228,-1.4875204687666492,0,1,1,0,0,1,0,1,0,1,1,0,0,0
6938,-0.43991649313097614,1.5322605130033284,0.0412513289661016,1,0,0,1,0,1,1,0,1,0,1,0,0,0
3689,-0.43991649313097614,0.22920887396235737,-1.4875204687666492,1,0,1,0,0,1,0,1,0,1,1,0,0,0
5644,-0.43991649313097614,-0.4223169455581282,-1.4875204687666492,0,1,1,0,0,1,1,0,0,1,1,0,0,0
3453,2.273158691738958,-1.2774445836787656,0.17418800702981907,0,1,1,0,0,1,1,0,1,0,1,0,0,0
6029,-0.43991649313097614,-0.015113308357824713,-1.4875204687666492,1,0,1,0,0,1,1,0,0,1,1,0,0,0
2151,2.273158691738958,1.5729808767233588,0.8388713973484064,1,0,1,0,0,1,0,1,0,1,1,0,0,0
2794,2.273158691738958,-1.2774445836787656,0.17418800702981907,1,0,1,0,0,1,0,1,0,1,1,0,0,1
1748,-0.43991649313097614,-0.5037576729981889,0.805637227832477,0,1,1,0,0,1,0,1,0,1,1,0,0,1
937,2.273158691738958,-1.2774445836787656,0.805637227832477,0,1,1,0,0,1,1,0,1,0,0,0,1,1
2459,-0.43991649313097614,0.26992923768238775,-1.5207546382825785,0,1,0,1,0,1,0,1,0,1,0,0,1,0
6089,2.273158691738958,1.4508197855632678,-1.4875204687666492,0,1,0,1,0,1,1,0,1,0,1,0,0,0
6775,-0.43991649313097614,-1.1960038562387048,-1.4875204687666492,0,1,1,0,0,1,1,0,1,0,1,0,0,0
6243,-0.43991649313097614,0.6771328748826912,-1.1551787736073555,0,1,1,0,1,0,0,1,0,1,0,0,1,0
3307,-0.43991649313097614,-1.2367242199587352,-0.7231345699002738,1,0,1,0,1,0,1,0,0,1,1,0,0,1
6693,-0.43991649313097614,-1.1552834925186746,0.37359302412539525,1,0,1,0,0,1,0,1,1,0,1,0,0,0
4515,2.273158691738958,-1.1145631287986442,0.8388713973484064,0,1,1,0,0,1,1,0,0,1,1,0,0,1
2397,-0.43991649313097614,0.880734693482843,1.3706181096032763,0,1,0,1,0,1,0,1,0,1,0,1,0,0
3254,-0.43991649313097614,1.4915401492832983,-1.5207546382825785,0,1,1,0,0,1,0,1,0,1,1,0,0,0
901,-0.43991649313097614,-1.2774445836787656,-0.6566662308684151,1,0,1,0,0,1,1,0,1,0,1,0,0,0
6844,-0.43991649313097614,-0.055833672077855064,1.270915601055488,0,1,1,0,0,1,0,1,0,1,1,0,0,1
3966,2.273158691738958,0.10704778280226633,1.0050422449280532,0,1,1,0,0,1,0,1,0,1,0,1,0,0
3505,-0.43991649313097614,-0.5444780367182193,0.37359302412539525,1,0,0,1,0,1,1,0,1,0,0,0,1,0
2198,2.273158691738958,-0.748079855318371,0.3071246850935365,1,0,1,0,0,1,0,1,1,0,1,0,0,1
4213,-0.43991649313097614,0.18848851024232702,-1.3545837907029317,1,0,0,1,0,1,1,0,0,1,1,0,0,0
5698,-0.43991649313097614,-1.2774445836787656,-0.9557737565117794,1,0,1,0,1,0,0,1,0,1,0,1,0,0
919,-0.43991649313097614,-0.5851984004382496,0.44006136315725397,1,0,1,0,0,1,0,1,0,1,1,0,0,0
4182,-0.43991649313097614,1.5322605130033284,-0.22462202716133334,1,0,1,0,1,0,0,1,0,1,1,0,0,0
2398,-0.43991649313097614,0.880734693482843,0.3403588546094659,0,1,1,0,0,1,1,0,0,1,1,0,0,0
3827,-0.43991649313097614,0.14776814652229667,-0.29109036619319206,1,0,1,0,0,1,0,1,1,0,0,0,1,0
1815,-0.43991649313097614,0.35136996512244845,1.2376814315395588,1,0,0,1,0,1,1,0,1,0,0,0,1,0
541,-0.43991649313097614,-1.2367242199587352,0.5397638717050421,1,0,0,1,0,1,0,1,0,1,0,0,1,0
2394,-0.43991649313097614,1.2879383306831464,-1.4875204687666492,0,1,1,0,0,1,0,1,0,1,0,1,0,0
3533,-0.43991649313097614,-1.1552834925186746,1.1047447534758412,1,0,0,1,0,1,1,0,1,0,1,0,0,1
4976,-0.43991649313097614,1.2064976032430856,-1.4875204687666492,0,1,0,1,0,1,0,1,0,1,0,0,1,0
4326,-0.43991649313097614,-0.3408762181180675,0.17418800702981907,0,1,0,1,0,1,1,0,1,0,1,0,0,0
1883,-0.43991649313097614,-0.2594354906780068,-0.5237295528046976,0,1,1,0,0,1,1,0,1,0,1,0,0,0
4685,-0.43991649313097614,0.025607055362205634,-0.3575587052250508,1,0,1,0,0,1,1,0,0,1,0,1,0,0
2134,-0.43991649313097614,-1.1552834925186746,0.44006136315725397,1,0,1,0,0,1,1,0,0,1,1,0,0,1
2747,-0.43991649313097614,-1.2774445836787656,0.1409538375138897,0,1,1,0,0,1,1,0,1,0,0,0,1,1
3101,-0.43991649313097614,1.4915401492832983,1.1379789229917707,0,1,0,1,0,1,0,1,0,1,1,0,0,0
6588,-0.43991649313097614,0.06632741908223598,1.1712130925077,0,1,1,0,0,1,0,1,0,1,1,0,0,1
3003,-0.43991649313097614,-0.7888002190384014,0.47329553267318336,1,0,1,0,0,1,1,0,1,0,0,1,0,0
3705,-0.43991649313097614,-0.0965540357978854,-1.3213496211870024,1,0,0,1,0,1,0,1,1,0,0,1,0,0
5479,-0.43991649313097614,1.6137012404433893,1.3373839400873468,0,1,0,1,0,1,1,0,0,1,0,0,1,0
2277,-0.43991649313097614,-0.5444780367182193,-1.4875204687666492,1,0,0,1,0,1,0,1,0,1,1,0,0,0
6313,-0.43991649313097614,1.5729808767233588,1.0050422449280532,1,0,0,1,0,1,1,0,0,1,0,1,0,0
2942,-0.43991649313097614,-0.5851984004382496,0.7059347192846889,0,1,0,1,0,1,0,1,0,1,0,0,1,0
3539,-0.43991649313097614,-0.5851984004382496,0.6394663802528302,0,1,1,0,0,1,1,0,0,1,0,0,1,0
3235,-0.43991649313097614,1.3286586944031769,1.4703206181510644,0,1,1,0,0,1,1,0,1,0,0,0,1,1
6848,-0.43991649313097614,0.758573602322752,1.0050422449280532,0,1,1,0,0,1,1,0,1,0,1,0,0,1
4670,2.273158691738958,-0.7888002190384014,1.4038522791192056,0,1,1,0,0,1,1,0,1,0,0,0,1,1
517,-0.43991649313097614,1.3286586944031769,-0.15815368812947458,1,0,1,0,0,1,1,0,1,0,0,1,0,0
6286,-0.43991649313097614,0.10704778280226633,-1.288115451671073,1,0,0,1,0,1,1,0,1,0,0,1,0,0
360,2.273158691738958,-1.1960038562387048,0.5065297021891128,0,1,1,0,0,1,0,1,0,1,0,1,0,1
2338,-0.43991649313097614,1.002895784642934,1.4703206181510644,1,0,1,0,0,1,0,1,0,1,0,1,0,0
6146,-0.43991649313097614,1.3286586944031769,0.47329553267318336,1,0,0,1,0,1,1,0,1,0,0,0,1,0
2365,-0.43991649313097614,-0.8295205827584317,-1.4875204687666492,0,1,0,1,0,1,0,1,0,1,1,0,0,0
748,-0.43991649313097614,0.7992939660427822,-0.3575587052250508,0,1,1,0,0,1,1,0,0,1,1,0,0,0
1508,-0.43991649313097614,0.880734693482843,0.5397638717050421,1,0,1,0,0,1,1,0,1,0,0,0,1,0
21,-0.43991649313097614,-1.2774445836787656,0.17418800702981907,1,0,1,0,0,1,1,0,1,0,1,0,0,0
6291,-0.43991649313097614,1.1657772395230555,0.47329553267318336,1,0,0,1,0,1,0,1,0,1,0,0,1,0
5212,-0.43991649313097614,-1.1960038562387048,-0.49049538328876824,0,1,1,0,0,1,0,1,0,1,1,0,0,0
3160,-0.43991649313097614,0.47353105628253944,-1.45428629925072,0,1,0,1,0,1,0,1,0,1,1,0,0,0
277,-0.43991649313097614,-1.0738427650786138,-0.6234320613524857,1,0,1,0,0,1,0,1,0,1,1,0,0,0
660,-0.43991649313097614,-1.2774445836787656,0.3403588546094659,0,1,0,1,0,1,1,0,1,0,1,0,0,0
6843,-0.43991649313097614,-0.21871512695797646,-0.6234320613524857,0,1,0,1,1,0,1,0,1,0,0,1,0,0
3093,-0.43991649313097614,1.4508197855632678,0.5065297021891128,0,1,0,1,0,1,1,0,1,0,1,0,0,0
4249,-0.43991649313097614,0.10704778280226633,-0.7896029089321326,1,0,0,1,1,0,0,1,0,1,1,0,0,0
5137,-0.43991649313097614,0.5549717837226001,-1.3213496211870024,0,1,0,1,0,1,0,1,0,1,1,0,0,0
1105,-0.43991649313097614,1.5729808767233588,-1.3213496211870024,1,0,1,0,0,1,1,0,1,0,0,1,0,0
4081,-0.43991649313097614,0.14776814652229667,-1.5207546382825785,1,0,0,1,0,1,0,1,1,0,0,0,1,0
6274,-0.43991649313097614,1.4915401492832983,0.7391688888006183,0,1,0,1,0,1,1,0,0,1,1,0,0,0
6605,-0.43991649313097614,-0.2594354906780068,-0.15815368812947458,1,0,0,1,0,1,1,0,1,0,1,0,0,1
1660,-0.43991649313097614,1.0436161483629645,0.3403588546094659,0,1,0,1,0,1,0,1,1,0,0,0,1,0
4692,2.273158691738958,1.6137012404433893,-1.3213496211870024,0,1,1,0,0,1,0,1,0,1,1,0,0,0
2363,2.273158691738958,1.125056875803025,0.2406563460616778,0,1,1,0,0,1,1,0,1,0,1,0,0,0
6593,-0.43991649313097614,0.025607055362205634,-0.22462202716133334,1,0,0,1,0,1,1,0,1,0,0,1,0,0
391,-0.43991649313097614,0.26992923768238775,-0.4572612137728389,1,0,0,1,0,1,0,1,0,1,1,0,0,0
230,-0.43991649313097614,-0.5037576729981889,0.5397638717050421,1,0,1,0,0,1,0,1,1,0,0,0,1,0
2428,-0.43991649313097614,0.758573602322752,-1.5207546382825785,0,1,1,0,0,1,1,0,1,0,1,0,0,0
6563,-0.43991649313097614,-0.46303730927815856,-1.4875204687666492,0,1,0,1,0,1,0,1,0,1,1,0,0,0
1334,-0.43991649313097614,0.06632741908223598,-0.12491951861354524,1,0,1,0,0,1,1,0,1,0,0,1,0,0
2985,-0.43991649313097614,1.0843365120829946,-1.4875204687666492,1,0,1,0,0,1,0,1,1,0,0,1,0,0
6821,-0.43991649313097614,1.5322605130033284,1.5035547876669937,1,0,0,1,0,1,0,1,0,1,1,0,0,0
2924,2.273158691738958,-1.2774445836787656,-1.4875204687666492,0,1,1,0,0,1,1,0,0,1,1,0,0,1
3390,-0.43991649313097614,1.5729808767233588,0.6394663802528302,1,0,1,0,0,1,1,0,0,1,1,0,0,0
5300,-0.43991649313097614,0.8400143297628127,-1.45428629925072,1,0,1,0,0,1,0,1,0,1,1,0,0,1
5696,-0.43991649313097614,-1.2774445836787656,0.17418800702981907,0,1,1,0,0,1,0,1,0,1,0,0,1,1
2837,-0.43991649313097614,-1.0331224013585834,0.44006136315725397,1,0,1,0,0,1,0,1,0,1,1,0,0,0
1119,-0.43991649313097614,-1.2774445836787656,-1.3213496211870024,0,1,1,0,1,0,0,1,0,1,1,0,0,0
2072,-0.43991649313097614,-0.8702409464784621,-0.7563687394162032,0,1,1,0,1,0,0,1,0,1,0,0,1,1
4905,-0.43991649313097614,-1.2774445836787656,-1.4875204687666492,0,1,1,0,0,1,0,1,0,1,1,0,0,0
3214,-0.43991649313097614,0.43281069256250915,-1.4875204687666492,1,0,1,0,0,1,1,0,1,0,0,1,0,0
6039,-0.43991649313097614,-1.1960038562387048,1.2044472620236295,0,1,1,0,0,1,0,1,0,1,0,0,1,1
4996,-0.43991649313097614,-1.2774445836787656,-1.1551787736073555,0,1,0,1,1,0,0,1,0,1,1,0,0,1
5682,-0.43991649313097614,-0.055833672077855064,1.3041497705714176,1,0,0,1,0,1,1,0,1,0,0,1,0,1
3877,-0.43991649313097614,0.3106496014024181,-0.025217010065757134,1,0,1,0,0,1,0,1,0,1,1,0,0,0
651,2.273158691738958,1.5729808767233588,1.3373839400873468,0,1,0,1,0,1,1,0,0,1,1,0,0,1
49,2.273158691738958,-0.7073594915983407,0.8388713973484064,1,0,1,0,0,1,0,1,1,0,0,0,1,1
1359,-0.43991649313097614,0.7992939660427822,1.270915601055488,0,1,1,0,0,1,1,0,0,1,1,0,0,0
4675,-0.43991649313097614,-0.5851984004382496,-1.4875204687666492,0,1,1,0,0,1,1,0,1,0,0,1,0,0
5209,-0.43991649313097614,-0.055833672077855064,0.6727005497687596,1,0,1,0,0,1,1,0,1,0,1,0,0,0
887,-0.43991649313097614,0.3106496014024181,-1.4875204687666492,0,1,0,1,0,1,1,0,0,1,1,0,0,0
2370,-0.43991649313097614,1.125056875803025,-0.15815368812947458,1,0,0,1,1,0,0,1,0,1,0,0,1,0
1408,-0.43991649313097614,1.4915401492832983,-0.6899004003843444,1,0,0,1,1,0,1,0,1,0,0,0,1,0
586,2.273158691738958,-0.2594354906780068,0.7059347192846889,1,0,1,0,0,1,0,1,0,1,1,0,0,0
3770,-0.43991649313097614,-0.6666391278783103,0.5397638717050421,0,1,1,0,0,1,0,1,1,0,1,0,0,0
59,-0.43991649313097614,-1.1960038562387048,-1.3213496211870024,1,0,1,0,0,1,0,1,1,0,0,0,1,0
4742,2.273158691738958,0.8400143297628127,1.3041497705714176,0,1,1,0,0,1,1,0,0,1,1,0,0,1
1644,-0.43991649313097614,-1.0331224013585834,0.47329553267318336,1,0,1,0,0,1,1,0,0,1,1,0,0,1
3464,-0.43991649313097614,-1.1960038562387048,-1.1551787736073555,0,1,1,0,1,0,0,1,0,1,1,0,0,0
3249,-0.43991649313097614,1.0436161483629645,0.9385739058961945,1,0,0,1,0,1,0,1,0,1,1,0,0,1
6696,-0.43991649313097614,-0.8295205827584317,-0.3575587052250508,0,1,1,0,0,1,0,1,1,0,0,0,1,0
2561,-0.43991649313097614,1.5729808767233588,0.20742217654574843,1,0,0,1,0,1,0,1,0,1,1,0,0,0
5494,-0.43991649313097614,0.43281069256250915,0.8721055668643357,0,1,1,0,0,1,0,1,0,1,1,0,0,0
3153,-0.43991649313097614,-0.9109613101984924,0.17418800702981907,0,1,1,0,0,1,1,0,0,1,0,1,0,1
3112,-0.43991649313097614,1.125056875803025,1.3041497705714176,0,1,0,1,0,1,0,1,0,1,0,0,1,0
18,-0.43991649313097614,-1.2774445836787656,0.17418800702981907,0,1,0,1,0,1,0,1,0,1,0,0,1,1
209,-0.43991649313097614,-0.7888002190384014,0.6062322107369008,0,1,1,0,0,1,1,0,0,1,1,0,0,1
3288,-0.43991649313097614,-0.38159658183809786,-1.4875204687666492,1,0,1,0,0,1,0,1,0,1,0,1,0,0
1276,-0.43991649313097614,-1.2774445836787656,-1.5207546382825785,0,1,1,0,0,1,1,0,1,0,0,0,1,0
2654,-0.43991649313097614,-0.21871512695797646,-1.4875204687666492,0,1,1,0,0,1,1,0,1,0,0,0,1,0
3120,-0.43991649313097614,1.002895784642934,1.0050422449280532,1,0,0,1,0,1,0,1,0,1,1,0,0,0
2653,-0.43991649313097614,0.5956921474426305,0.3071246850935365,1,0,1,0,0,1,1,0,1,0,1,0,0,0
4701,-0.43991649313097614,0.6364125111626608,1.0382764144439827,1,0,0,1,0,1,1,0,1,0,1,0,0,1
3447,-0.43991649313097614,0.758573602322752,0.47329553267318336,1,0,0,1,0,1,0,1,0,1,0,1,0,0
1594,2.273158691738958,-0.9924020376385531,0.17418800702981907,0,1,1,0,0,1,1,0,1,0,1,0,0,1
3248,-0.43991649313097614,-1.2774445836787656,0.9718080754121239,1,0,1,0,0,1,0,1,0,1,0,0,1,1
5122,-0.43991649313097614,1.002895784642934,-1.5207546382825785,0,1,0,1,0,1,0,1,1,0,0,1,0,0
591,-0.43991649313097614,-0.8702409464784621,0.37359302412539525,1,0,1,0,0,1,0,1,0,1,0,0,1,0
668,-0.43991649313097614,-1.0738427650786138,1.5035547876669937,1,0,1,0,0,1,1,0,1,0,1,0,0,1
4215,-0.43991649313097614,-0.62591876415828,-0.9557737565117794,1,0,1,0,1,0,0,1,0,1,1,0,0,0
1976,-0.43991649313097614,-0.5851984004382496,0.6062322107369008,0,1,0,1,0,1,1,0,1,0,0,0,1,0
6735,-0.43991649313097614,0.22920887396235737,-0.09168534909761586,0,1,1,0,0,1,1,0,1,0,1,0,0,1
5156,2.273158691738958,-0.5037576729981889,1.4038522791192056,0,1,1,0,0,1,1,0,0,1,0,1,0,0
1433,-0.43991649313097614,1.4508197855632678,0.2738905155776072,1,0,0,1,0,1,1,0,1,0,1,0,0,0
6956,-0.43991649313097614,-1.1960038562387048,0.17418800702981907,0,1,1,0,0,1,1,0,1,0,1,0,0,0
6019,-0.43991649313097614,0.5956921474426305,0.47329553267318336,0,1,1,0,0,1,1,0,1,0,0,0,1,0
6822,-0.43991649313097614,-1.1552834925186746,-0.5237295528046976,0,1,0,1,0,1,0,1,0,1,1,0,0,1
6490,-0.43991649313097614,0.47353105628253944,0.9718080754121239,1,0,0,1,0,1,1,0,1,0,1,0,0,0
1405,-0.43991649313097614,1.2879383306831464,0.10771966799796033,1,0,1,0,0,1,0,1,1,0,0,0,1,0
2484,2.273158691738958,1.369379058123207,1.3706181096032763,1,0,1,0,0,1,0,1,0,1,1,0,0,1
1339,-0.43991649313097614,0.6771328748826912,-1.3213496211870024,1,0,0,1,0,1,1,0,1,0,1,0,0,0
4899,-0.43991649313097614,1.6137012404433893,1.3373839400873468,0,1,1,0,0,1,1,0,1,0,1,0,0,0
6399,-0.43991649313097614,0.35136996512244845,0.5397638717050421,1,0,1,0,0,1,0,1,0,1,0,0,1,0
4984,2.273158691738958,0.6771328748826912,0.8388713973484064,0,1,1,0,0,1,1,0,1,0,1,0,0,1
1768,-0.43991649313097614,-1.0331224013585834,-0.9890079260277087,0,1,1,0,1,0,0,1,0,1,0,0,1,0
2210,2.273158691738958,-1.1552834925186746,0.3071246850935365,0,1,1,0,0,1,1,0,1,0,1,0,0,1
6269,2.273158691738958,1.5729808767233588,0.2738905155776072,0,1,0,1,0,1,1,0,1,0,0,1,0,0
4194,2.273158691738958,-1.2367242199587352,-0.5237295528046976,0,1,1,0,0,1,1,0,1,0,1,0,0,1
4686,-0.43991649313097614,0.880734693482843,0.008017159450172232,0,1,1,0,0,1,0,1,0,1,0,0,1,0
32,-0.43991649313097614,-0.21871512695797646,-1.45428629925072,0,1,0,1,0,1,1,0,0,1,1,0,0,0
2836,-0.43991649313097614,-0.3408762181180675,0.3403588546094659,0,1,0,1,0,1,0,1,1,0,0,1,0,0
6241,-0.43991649313097614,1.4100994218432374,1.7694281437944286,0,1,1,0,0,1,0,1,0,1,1,0,0,1
5943,2.273158691738958,1.6137012404433893,0.805637227832477,1,0,1,0,0,1,1,0,1,0,1,0,0,0
3087,-0.43991649313097614,-1.1145631287986442,-1.4875204687666492,1,0,1,0,0,1,0,1,0,1,1,0,0,0
6065,-0.43991649313097614,0.18848851024232702,-0.7896029089321326,0,1,1,0,1,0,1,0,1,0,1,0,0,0
695,-0.43991649313097614,-0.8295205827584317,-0.5237295528046976,1,0,1,0,0,1,1,0,1,0,0,1,0,0
5955,-0.43991649313097614,-1.0738427650786138,-1.4875204687666492,0,1,0,1,0,1,1,0,1,0,1,0,0,0
1315,2.273158691738958,1.247217966963116,0.8388713973484064,1,0,1,0,0,1,0,1,0,1,0,1,0,0
1173,-0.43991649313097614,1.5322605130033284,1.6697256352466405,0,1,0,1,0,1,0,1,0,1,1,0,0,0
733,-0.43991649313097614,-0.3408762181180675,1.2044472620236295,0,1,1,0,0,1,1,0,0,1,1,0,0,1
2421,-0.43991649313097614,-0.5851984004382496,1.1379789229917707,0,1,1,0,0,1,1,0,1,0,1,0,0,1
1552,-0.43991649313097614,0.6364125111626608,1.536788957182923,0,1,1,0,0,1,0,1,1,0,0,0,1,0
2089,2.273158691738958,1.4915401492832983,0.8388713973484064,0,1,1,0,0,1,0,1,1,0,0,1,0,1
131,-0.43991649313097614,1.5322605130033284,1.0050422449280532,0,1,1,0,0,1,0,1,0,1,1,0,0,0
3871,2.273158691738958,-1.2774445836787656,0.3071246850935365,0,1,1,0,0,1,1,0,1,0,0,1,0,0
70,-0.43991649313097614,0.880734693482843,0.0412513289661016,0,1,0,1,0,1,1,0,0,1,1,0,0,0
6797,-0.43991649313097614,1.5322605130033284,-1.4875204687666492,0,1,0,1,0,1,0,1,1,0,1,0,0,0
6982,-0.43991649313097614,-1.0331224013585834,-1.5207546382825785,0,1,1,0,0,1,1,0,1,0,1,0,0,0
374,-0.43991649313097614,-1.2367242199587352,0.17418800702981907,1,0,1,0,0,1,0,1,0,1,0,1,0,0
706,-0.43991649313097614,-0.2594354906780068,-1.45428629925072,0,1,1,0,0,1,1,0,0,1,1,0,0,0
3302,-0.43991649313097614,1.5729808767233588,-1.3545837907029317,0,1,0,1,0,1,1,0,0,1,1,0,0,0
1164,-0.43991649313097614,-1.0331224013585834,0.3071246850935365,1,0,1,0,0,1,0,1,0,1,1,0,0,1
5685,2.273158691738958,1.3286586944031769,0.20742217654574843,0,1,1,0,0,1,1,0,0,1,0,1,0,0
4653,-0.43991649313097614,-1.2774445836787656,-0.6566662308684151,1,0,1,0,0,1,1,0,1,0,0,1,0,1
492,-0.43991649313097614,-0.9516816739185228,-1.4875204687666492,0,1,0,1,0,1,1,0,1,0,1,0,0,0
2412,-0.43991649313097614,-1.1145631287986442,-0.4572612137728389,1,0,0,1,0,1,0,1,1,0,0,0,1,0
4297,-0.43991649313097614,-0.8702409464784621,0.3403588546094659,0,1,1,0,0,1,0,1,1,0,1,0,0,1
6055,2.273158691738958,0.9621754209229036,1.3373839400873468,0,1,0,1,0,1,0,1,0,1,1,0,0,1
2149,2.273158691738958,-0.9109613101984924,0.7059347192846889,0,1,1,0,0,1,1,0,1,0,1,0,0,1
1853,-0.43991649313097614,0.758573602322752,-0.15815368812947458,1,0,0,1,1,0,1,0,1,0,1,0,0,0
6068,-0.43991649313097614,-0.4223169455581282,0.7391688888006183,0,1,1,0,0,1,1,0,1,0,0,1,0,0
4856,-0.43991649313097614,-1.2367242199587352,-0.5237295528046976,1,0,1,0,0,1,1,0,0,1,0,0,1,0
1512,-0.43991649313097614,-0.5851984004382496,-1.4875204687666492,1,0,1,0,0,1,1,0,1,0,0,0,1,0
1865,-0.43991649313097614,-1.2367242199587352,0.7059347192846889,0,1,1,0,0,1,1,0,1,0,0,1,0,1
2041,-0.43991649313097614,-1.2774445836787656,-1.4875204687666492,0,1,1,0,0,1,0,1,1,0,0,0,1,0
4393,-0.43991649313097614,-1.1960038562387048,-0.49049538328876824,0,1,0,1,0,1,1,0,1,0,1,0,0,1
6331,-0.43991649313097614,-0.9109613101984924,0.17418800702981907,0,1,1,0,0,1,0,1,0,1,1,0,0,1
2436,-0.43991649313097614,-1.1145631287986442,-1.4875204687666492,0,1,1,0,0,1,1,0,1,0,1,0,0,0
6,2.273158691738958,1.4508197855632678,0.8388713973484064,1,0,1,0,0,1,0,1,0,1,1,0,0,1
6736,-0.43991649313097614,-0.7888002190384014,-1.4875204687666492,1,0,1,0,0,1,1,0,1,0,0,0,1,0
4413,-0.43991649313097614,-1.2774445836787656,-0.49049538328876824,0,1,1,0,0,1,0,1,1,0,0,1,0,1
5052,-0.43991649313097614,1.4100994218432374,0.9718080754121239,1,0,0,1,0,1,0,1,0,1,1,0,0,0
5367,-0.43991649313097614,-1.2367242199587352,-0.3575587052250508,0,1,1,0,0,1,1,0,1,0,0,0,1,1
4735,-0.43991649313097614,0.8400143297628127,-1.4875204687666492,0,1,0,1,0,1,1,0,1,0,0,1,0,1
5766,-0.43991649313097614,1.4915401492832983,-1.3545837907029317,0,1,1,0,0,1,0,1,0,1,0,1,0,0
1430,-0.43991649313097614,-1.1960038562387048,-0.32432453570912145,0,1,1,0,0,1,0,1,1,0,0,0,1,0
3489,-0.43991649313097614,-1.0738427650786138,0.17418800702981907,0,1,0,1,0,1,0,1,1,0,1,0,0,0
883,-0.43991649313097614,0.7178532386027215,-0.6899004003843444,0,1,1,0,1,0,1,0,0,1,1,0,0,0
5492,-0.43991649313097614,1.4100994218432374,-1.5207546382825785,0,1,1,0,0,1,1,0,1,0,1,0,0,0
1575,-0.43991649313097614,-1.1552834925186746,-1.45428629925072,1,0,0,1,0,1,1,0,1,0,0,1,0,0
3956,-0.43991649313097614,-0.015113308357824713,-1.5207546382825785,1,0,1,0,0,1,1,0,1,0,1,0,0,0
3836,-0.43991649313097614,-0.9924020376385531,-1.4875204687666492,0,1,1,0,0,1,1,0,1,0,0,1,0,0
5068,-0.43991649313097614,0.10704778280226633,-0.6234320613524857,1,0,0,1,1,0,1,0,1,0,1,0,0,0
1128,-0.43991649313097614,-1.1960038562387048,-1.0222420955436382,1,0,1,0,1,0,1,0,1,0,0,1,0,1
1836,-0.43991649313097614,-1.1552834925186746,0.7059347192846889,0,1,1,0,0,1,1,0,1,0,1,0,0,0
3965,2.273158691738958,-1.0331224013585834,0.3403588546094659,0,1,1,0,0,1,0,1,0,1,0,0,1,0
6997,-0.43991649313097614,-0.3408762181180675,-0.025217010065757134,1,0,0,1,0,1,1,0,1,0,0,1,0,0
5846,-0.43991649313097614,0.758573602322752,1.0382764144439827,0,1,1,0,0,1,0,1,0,1,1,0,0,0
4888,-0.43991649313097614,-0.62591876415828,-1.5207546382825785,1,0,1,0,0,1,1,0,1,0,1,0,0,0
1691,-0.43991649313097614,0.35136996512244845,0.7059347192846889,1,0,1,0,0,1,0,1,0,1,1,0,0,0
6512,-0.43991649313097614,1.5729808767233588,0.8388713973484064,1,0,1,0,0,1,1,0,1,0,0,0,1,0
2903,-0.43991649313097614,0.6364125111626608,0.47329553267318336,0,1,0,1,0,1,1,0,0,1,1,0,0,0
5382,2.273158691738958,-1.2367242199587352,-1.5207546382825785,0,1,1,0,0,1,0,1,0,1,1,0,0,0
6431,-0.43991649313097614,0.06632741908223598,-0.32432453570912145,1,0,1,0,0,1,1,0,1,0,1,0,0,0
4721,-0.43991649313097614,-0.9516816739185228,-0.6899004003843444,1,0,1,0,0,1,0,1,0,1,0,1,0,0
4915,-0.43991649313097614,0.5956921474426305,1.3706181096032763,1,0,1,0,0,1,0,1,1,0,0,0,1,0
4502,2.273158691738958,-0.9109613101984924,-1.1551787736073555,1,0,1,0,1,0,1,0,1,0,0,0,1,1
757,-0.43991649313097614,-0.8702409464784621,-0.6566662308684151,0,1,1,0,0,1,1,0,1,0,0,0,1,0
4210,-0.43991649313097614,0.7178532386027215,1.1712130925077,1,0,1,0,0,1,1,0,1,0,1,0,0,0
6967,2.273158691738958,-1.2774445836787656,-0.6899004003843444,0,1,1,0,0,1,1,0,1,0,0,1,0,0
520,-0.43991649313097614,-0.3408762181180675,0.8388713973484064,0,1,1,0,0,1,1,0,1,0,1,0,0,1
293,-0.43991649313097614,1.2879383306831464,1.0050422449280532,1,0,1,0,0,1,1,0,0,1,0,1,0,0
6796,2.273158691738958,1.3286586944031769,0.7059347192846889,0,1,0,1,0,1,0,1,0,1,1,0,0,0
6674,-0.43991649313097614,-0.7888002190384014,-0.6566662308684151,0,1,0,1,0,1,1,0,1,0,1,0,0,0
2040,-0.43991649313097614,1.4100994218432374,-1.288115451671073,0,1,1,0,0,1,0,1,0,1,1,0,0,0
948,-0.43991649313097614,-1.2774445836787656,-1.4875204687666492,0,1,0,1,0,1,0,1,0,1,1,0,0,0
419,2.273158691738958,-1.2367242199587352,0.805637227832477,1,0,1,0,0,1,1,0,0,1,1,0,0,1
6338,-0.43991649313097614,0.10704778280226633,0.1409538375138897,0,1,0,1,0,1,0,1,0,1,0,1,0,0
6606,-0.43991649313097614,1.6137012404433893,1.0050422449280532,1,0,0,1,0,1,0,1,0,1,0,1,0,0
6795,2.273158691738958,-0.1779947632379461,-1.288115451671073,1,0,1,0,0,1,1,0,1,0,0,0,1,0
833,-0.43991649313097614,-0.8295205827584317,-0.3575587052250508,1,0,1,0,0,1,1,0,1,0,0,1,0,0
2944,-0.43991649313097614,-1.1960038562387048,0.47329553267318336,0,1,1,0,0,1,0,1,1,0,0,0,1,1
2470,-0.43991649313097614,-1.0331224013585834,0.3403588546094659,0,1,1,0,0,1,1,0,1,0,0,1,0,1
4078,-0.43991649313097614,1.4508197855632678,0.20742217654574843,0,1,0,1,0,1,0,1,0,1,1,0,0,0
1113,2.273158691738958,-1.2367242199587352,0.5065297021891128,1,0,1,0,0,1,0,1,1,0,0,0,1,1
4769,-0.43991649313097614,1.369379058123207,0.7059347192846889,0,1,1,0,0,1,1,0,1,0,0,0,1,0
2181,-0.43991649313097614,1.2879383306831464,0.9385739058961945,0,1,0,1,0,1,1,0,0,1,0,0,1,0
6036,-0.43991649313097614,1.6137012404433893,1.2044472620236295,1,0,1,0,0,1,0,1,0,1,0,1,0,0
1744,-0.43991649313097614,0.6771328748826912,-0.7896029089321326,1,0,1,0,1,0,0,1,1,0,0,0,1,0
5111,2.273158691738958,-1.1960038562387048,0.7391688888006183,1,0,1,0,0,1,0,1,0,1,1,0,0,1
6759,-0.43991649313097614,0.26992923768238775,1.270915601055488,1,0,1,0,0,1,1,0,1,0,1,0,0,1
5577,-0.43991649313097614,-1.1145631287986442,-0.7231345699002738,0,1,1,0,1,0,1,0,1,0,1,0,0,1
1071,-0.43991649313097614,0.7178532386027215,-0.32432453570912145,0,1,0,1,0,1,1,0,0,1,1,0,0,0
3295,-0.43991649313097614,-0.30015585439803716,-0.09168534909761586,0,1,0,1,0,1,1,0,0,1,1,0,0,0
3139,2.273158691738958,-1.2367242199587352,0.20742217654574843,1,0,1,0,0,1,1,0,1,0,1,0,0,1
4591,2.273158691738958,-0.38159658183809786,0.7724030583165477,1,0,0,1,0,1,0,1,0,1,0,0,1,0
5031,-0.43991649313097614,1.2064976032430856,1.7029598047625698,0,1,0,1,0,1,1,0,0,1,1,0,0,0
174,-0.43991649313097614,0.18848851024232702,-1.4875204687666492,1,0,0,1,0,1,1,0,0,1,0,1,0,0
6858,-0.43991649313097614,0.6364125111626608,1.071510583959912,0,1,1,0,0,1,1,0,0,1,1,0,0,0
5450,-0.43991649313097614,1.002895784642934,-0.3907928747409802,1,0,0,1,0,1,1,0,0,1,0,0,1,0
3959,-0.43991649313097614,-1.2367242199587352,0.3403588546094659,0,1,1,0,0,1,0,1,0,1,1,0,0,0
6017,-0.43991649313097614,1.4508197855632678,1.5035547876669937,1,0,1,0,0,1,0,1,0,1,0,1,0,0
5820,-0.43991649313097614,-1.2774445836787656,-0.3575587052250508,0,1,1,0,0,1,0,1,0,1,0,0,1,1
6198,-0.43991649313097614,-1.2774445836787656,-1.5207546382825785,0,1,1,0,0,1,1,0,1,0,1,0,0,0
1363,-0.43991649313097614,1.4508197855632678,1.4703206181510644,1,0,0,1,0,1,1,0,0,1,1,0,0,0
1452,-0.43991649313097614,-1.2774445836787656,-1.4875204687666492,0,1,1,0,0,1,0,1,1,0,1,0,0,0
6108,-0.43991649313097614,-1.1145631287986442,-0.4572612137728389,0,1,1,0,0,1,1,0,1,0,1,0,0,0
4587,-0.43991649313097614,-0.38159658183809786,-0.556963722320627,0,1,0,1,0,1,0,1,0,1,0,0,1,1
3064,-0.43991649313097614,-0.8295205827584317,0.5065297021891128,0,1,1,0,0,1,0,1,0,1,1,0,0,0
5266,2.273158691738958,1.3286586944031769,1.4703206181510644,1,0,1,0,0,1,0,1,0,1,0,1,0,0
1389,2.273158691738958,1.6137012404433893,0.6394663802528302,1,0,1,0,0,1,1,0,1,0,1,0,0,0
4065,-0.43991649313097614,0.06632741908223598,-1.4875204687666492,0,1,1,0,0,1,1,0,1,0,1,0,0,0
2599,-0.43991649313097614,0.7992939660427822,-0.8228370784480619,0,1,1,0,1,0,1,0,0,1,1,0,0,0
4763,-0.43991649313097614,0.14776814652229667,-0.7896029089321326,1,0,0,1,1,0,1,0,0,1,1,0,0,0
842,-0.43991649313097614,-0.5851984004382496,-0.29109036619319206,1,0,0,1,0,1,0,1,0,1,0,0,1,0
3184,-0.43991649313097614,-0.3408762181180675,1.1712130925077,0,1,1,0,0,1,1,0,1,0,1,0,0,0
3238,2.273158691738958,1.6137012404433893,0.8388713973484064,1,0,1,0,0,1,1,0,1,0,0,0,1,0
4084,-0.43991649313097614,1.6137012404433893,0.47329553267318336,0,1,1,0,0,1,0,1,0,1,1,0,0,0
6568,-0.43991649313097614,-0.9924020376385531,-1.4875204687666492,1,0,1,0,0,1,0,1,0,1,1,0,0,0
3948,-0.43991649313097614,-1.2367242199587352,-0.6566662308684151,0,1,1,0,0,1,1,0,1,0,1,0,0,1
3432,-0.43991649313097614,-0.9109613101984924,-1.45428629925072,1,0,1,0,0,1,0,1,0,1,1,0,0,0
5290,-0.43991649313097614,0.3920903288424788,-0.3575587052250508,0,1,0,1,0,1,0,1,0,1,0,1,0,0
4119,-0.43991649313097614,0.7992939660427822,-0.49049538328876824,0,1,0,1,1,0,1,0,0,1,1,0,0,0
4751,2.273158691738958,-0.2594354906780068,1.0050422449280532,1,0,1,0,0,1,1,0,1,0,0,1,0,1
5002,-0.43991649313097614,1.6137012404433893,0.805637227832477,0,1,1,0,0,1,1,0,1,0,1,0,0,0
1083,2.273158691738958,1.6137012404433893,0.44006136315725397,1,0,1,0,0,1,0,1,1,0,0,0,1,0
327,2.273158691738958,1.0436161483629645,-0.6566662308684151,0,1,1,0,1,0,1,0,0,1,1,0,0,1
4955,-0.43991649313097614,1.5729808767233588,0.40682719364132464,1,0,1,0,0,1,1,0,0,1,1,0,0,0
3514,-0.43991649313097614,0.880734693482843,-0.0584511795816865,0,1,0,1,0,1,1,0,1,0,1,0,0,0
6565,-0.43991649313097614,1.4508197855632678,0.6727005497687596,1,0,0,1,0,1,1,0,1,0,1,0,0,0
5998,-0.43991649313097614,0.6364125111626608,0.20742217654574843,0,1,1,0,0,1,0,1,0,1,1,0,0,0
6383,-0.43991649313097614,0.3106496014024181,-1.3213496211870024,0,1,0,1,0,1,1,0,1,0,0,1,0,0
3462,-0.43991649313097614,0.5956921474426305,1.5035547876669937,0,1,1,0,0,1,1,0,1,0,1,0,0,1
2065,-0.43991649313097614,0.880734693482843,1.0050422449280532,1,0,1,0,0,1,1,0,1,0,0,1,0,0
2750,-0.43991649313097614,-1.2774445836787656,-1.4875204687666492,1,0,1,0,0,1,0,1,1,0,0,1,0,0
1789,-0.43991649313097614,1.6137012404433893,0.7391688888006183,0,1,1,0,0,1,1,0,1,0,0,0,1,0
3840,2.273158691738958,-0.9516816739185228,0.5397638717050421,1,0,1,0,0,1,1,0,1,0,1,0,0,1
6124,2.273158691738958,1.5729808767233588,1.0382764144439827,0,1,1,0,0,1,0,1,0,1,0,1,0,0
5487,-0.43991649313097614,-0.21871512695797646,1.0382764144439827,1,0,1,0,0,1,0,1,1,0,0,0,1,0
2205,2.273158691738958,-1.2367242199587352,0.0412513289661016,0,1,1,0,0,1,0,1,0,1,0,1,0,1
3168,-0.43991649313097614,0.18848851024232702,0.47329553267318336,1,0,1,0,0,1,1,0,1,0,0,0,1,1
5362,-0.43991649313097614,-1.2367242199587352,-0.12491951861354524,0,1,0,1,0,1,1,0,1,0,0,1,0,0
6398,-0.43991649313097614,-0.7888002190384014,-1.3545837907029317,1,0,1,0,1,0,1,0,1,0,0,1,0,1
5729,-0.43991649313097614,-1.1960038562387048,0.20742217654574843,0,1,0,1,0,1,0,1,0,1,1,0,0,0
6098,-0.43991649313097614,-1.0738427650786138,-0.32432453570912145,1,0,1,0,0,1,0,1,1,0,0,0,1,0
3321,-0.43991649313097614,-0.6666391278783103,0.6727005497687596,1,0,1,0,0,1,1,0,1,0,1,0,0,1
7037,-0.43991649313097614,1.6137012404433893,0.805637227832477,0,1,0,1,0,1,1,0,1,0,0,1,0,0
3189,-0.43991649313097614,0.9621754209229036,0.8721055668643357,1,0,1,0,0,1,1,0,1,0,1,0,0,0
4349,2.273158691738958,1.3286586944031769,1.3041497705714176,1,0,0,1,0,1,1,0,1,0,1,0,0,0
5886,-0.43991649313097614,-0.8702409464784621,-0.15815368812947458,0,1,0,1,0,1,0,1,1,0,0,1,0,0
6245,-0.43991649313097614,1.2879383306831464,1.3373839400873468,0,1,1,0,0,1,0,1,0,1,1,0,0,0
6308,-0.43991649313097614,-0.748079855318371,0.7059347192846889,1,0,0,1,0,1,1,0,1,0,1,0,0,0
3502,-0.43991649313097614,0.06632741908223598,-0.12491951861354524,1,0,0,1,0,1,0,1,1,0,0,0,1,0
1044,-0.43991649313097614,-0.6666391278783103,0.7059347192846889,1,0,1,0,0,1,1,0,0,1,1,0,0,0
4027,-0.43991649313097614,0.10704778280226633,0.2738905155776072,0,1,0,1,0,1,0,1,0,1,0,0,1,0
2552,-0.43991649313097614,1.6137012404433893,1.7361939742784993,1,0,0,1,0,1,1,0,1,0,1,0,0,0
4191,-0.43991649313097614,-0.9516816739185228,0.0412513289661016,1,0,0,1,0,1,0,1,0,1,1,0,0,0
3875,-0.43991649313097614,-1.1552834925186746,-1.4875204687666492,1,0,1,0,0,1,1,0,1,0,1,0,0,0
3314,-0.43991649313097614,1.369379058123207,1.7029598047625698,0,1,1,0,0,1,1,0,1,0,1,0,0,0
4024,2.273158691738958,-0.9924020376385531,0.17418800702981907,0,1,1,0,0,1,1,0,1,0,0,1,0,0
3818,-0.43991649313097614,1.247217966963116,0.1409538375138897,0,1,1,0,0,1,1,0,1,0,0,0,1,0
5278,-0.43991649313097614,-0.0965540357978854,-1.4875204687666492,1,0,0,1,0,1,1,0,0,1,1,0,0,0
2827,2.273158691738958,0.06632741908223598,1.4703206181510644,0,1,0,1,0,1,1,0,1,0,0,1,0,0
3243,-0.43991649313097614,-1.0738427650786138,0.805637227832477,1,0,1,0,0,1,1,0,1,0,0,0,1,1
4993,-0.43991649313097614,-1.1960038562387048,-1.5207546382825785,1,0,1,0,0,1,1,0,1,0,1,0,0,0
2023,-0.43991649313097614,0.9621754209229036,1.270915601055488,0,1,0,1,0,1,1,0,0,1,1,0,0,0
6252,-0.43991649313097614,-1.2774445836787656,-0.49049538328876824,1,0,1,0,0,1,1,0,1,0,1,0,0,1
6966,-0.43991649313097614,0.7992939660427822,-0.19138785764540397,1,0,1,0,1,0,0,1,0,1,1,0,0,0
6114,-0.43991649313097614,1.2064976032430856,-1.4875204687666492,1,0,0,1,0,1,0,1,0,1,1,0,0,0
3970,-0.43991649313097614,-0.21871512695797646,-1.4875204687666492,0,1,0,1,0,1,1,0,0,1,1,0,0,0
4527,-0.43991649313097614,-0.5037576729981889,-1.4875204687666492,0,1,1,0,0,1,1,0,0,1,1,0,0,0
1478,-0.43991649313097614,-0.055833672077855064,-1.3213496211870024,0,1,0,1,1,0,0,1,0,1,0,1,0,0
5013,-0.43991649313097614,0.18848851024232702,-0.32432453570912145,0,1,1,0,0,1,1,0,1,0,1,0,0,0
4360,-0.43991649313097614,-0.1779947632379461,0.9718080754121239,0,1,1,0,0,1,0,1,0,1,1,0,0,1
2814,-0.43991649313097614,1.2879383306831464,0.5397638717050421,0,1,0,1,0,1,0,1,1,0,0,0,1,0
5233,-0.43991649313097614,1.2064976032430856,-0.8560712479639913,0,1,1,0,1,0,1,0,1,0,1,0,0,0
935,-0.43991649313097614,-1.1960038562387048,-1.3213496211870024,0,1,1,0,1,0,1,0,1,0,0,1,0,0
5298,2.273158691738958,1.4915401492832983,0.6727005497687596,0,1,1,0,0,1,1,0,1,0,0,0,1,0
5430,2.273158691738958,1.3286586944031769,1.3706181096032763,1,0,1,0,0,1,0,1,1,0,0,0,1,1
1610,-0.43991649313097614,-1.2774445836787656,0.3403588546094659,1,0,1,0,0,1,0,1,0,1,0,1,0,1
3650,-0.43991649313097614,-1.2774445836787656,-1.4875204687666492,0,1,1,0,0,1,0,1,1,0,0,0,1,0
2442,-0.43991649313097614,-1.2367242199587352,-1.1219446040914263,1,0,1,0,1,0,1,0,0,1,1,0,0,1
1971,-0.43991649313097614,1.6137012404433893,1.6364914657307112,0,1,0,1,0,1,1,0,0,1,1,0,0,0
1562,2.273158691738958,-0.1779947632379461,-0.025217010065757134,1,0,1,0,0,1,0,1,0,1,1,0,0,0
5037,-0.43991649313097614,-0.0965540357978854,-1.5207546382825785,1,0,1,0,0,1,0,1,0,1,1,0,0,0
476,-0.43991649313097614,1.5322605130033284,0.6727005497687596,0,1,1,0,0,1,0,1,0,1,1,0,0,0
3977,-0.43991649313097614,-0.8295205827584317,-0.49049538328876824,0,1,1,0,0,1,1,0,1,0,1,0,0,1
2923,-0.43991649313097614,-0.30015585439803716,0.805637227832477,1,0,0,1,0,1,1,0,0,1,1,0,0,1
1135,-0.43991649313097614,-1.0738427650786138,-0.32432453570912145,1,0,0,1,0,1,1,0,0,1,1,0,0,0
5836,2.273158691738958,-0.015113308357824713,0.9718080754121239,0,1,1,0,0,1,1,0,1,0,0,0,1,0
5376,-0.43991649313097614,1.247217966963116,0.5397638717050421,1,0,1,0,0,1,1,0,1,0,1,0,0,0
3281,-0.43991649313097614,-1.2367242199587352,0.47329553267318336,0,1,1,0,0,1,1,0,1,0,0,0,1,1
3436,-0.43991649313097614,-1.1145631287986442,-0.5237295528046976,0,1,0,1,0,1,1,0,0,1,1,0,0,0
2051,-0.43991649313097614,1.1657772395230555,1.2044472620236295,1,0,1,0,0,1,1,0,1,0,0,0,1,0
5862,2.273158691738958,1.002895784642934,0.5065297021891128,0,1,1,0,0,1,1,0,1,0,0,0,1,0
1181,-0.43991649313097614,-0.6666391278783103,0.20742217654574843,0,1,1,0,0,1,1,0,1,0,0,0,1,0
2407,-0.43991649313097614,-0.748079855318371,0.6062322107369008,0,1,1,0,0,1,1,0,0,1,1,0,0,0
6817,-0.43991649313097614,-1.2367242199587352,-1.4875204687666492,0,1,0,1,0,1,1,0,0,1,1,0,0,0
1356,-0.43991649313097614,-0.7073594915983407,0.37359302412539525,0,1,1,0,0,1,1,0,1,0,1,0,0,1
5957,2.273158691738958,1.002895784642934,0.9718080754121239,0,1,1,0,0,1,0,1,0,1,1,0,0,0
2522,-0.43991649313097614,-1.1960038562387048,-1.4875204687666492,1,0,1,0,0,1,0,1,0,1,1,0,0,0
3792,-0.43991649313097614,0.3106496014024181,1.3706181096032763,1,0,1,0,0,1,1,0,0,1,1,0,0,0
4036,-0.43991649313097614,0.3106496014024181,1.3706181096032763,0,1,1,0,0,1,0,1,0,1,1,0,0,0
1376,-0.43991649313097614,0.8400143297628127,-0.5237295528046976,1,0,0,1,1,0,1,0,1,0,0,0,1,0
6578,-0.43991649313097614,0.6771328748826912,0.9718080754121239,0,1,1,0,0,1,0,1,1,0,0,0,1,0
2057,2.273158691738958,1.1657772395230555,0.9718080754121239,1,0,1,0,0,1,0,1,0,1,1,0,0,0
3338,-0.43991649313097614,1.5729808767233588,0.0412513289661016,0,1,0,1,0,1,0,1,0,1,1,0,0,0
4355,-0.43991649313097614,-1.1960038562387048,0.17418800702981907,1,0,1,0,0,1,1,0,1,0,0,0,1,0
698,-0.43991649313097614,1.4100994218432374,1.270915601055488,1,0,1,0,0,1,1,0,1,0,1,0,0,1
5325,-0.43991649313097614,1.6137012404433893,1.270915601055488,0,1,0,1,0,1,0,1,1,0,0,1,0,1
4980,-0.43991649313097614,0.06632741908223598,0.8388713973484064,0,1,0,1,0,1,0,1,1,0,0,0,1,0
3330,-0.43991649313097614,-0.46303730927815856,0.7059347192846889,1,0,1,0,0,1,1,0,1,0,1,0,0,1
5080,2.273158691738958,-1.2367242199587352,-0.49049538328876824,1,0,1,0,0,1,0,1,0,1,1,0,0,1
5344,-0.43991649313097614,0.26992923768238775,-0.6566662308684151,0,1,0,1,1,0,1,0,1,0,0,0,1,0
5620,-0.43991649313097614,-0.5851984004382496,-0.8228370784480619,1,0,1,0,1,0,1,0,0,1,0,1,0,0
2848,2.273158691738958,-0.0965540357978854,1.3706181096032763,0,1,1,0,0,1,0,1,0,1,1,0,0,0
1581,-0.43991649313097614,1.5322605130033284,1.6364914657307112,1,0,0,1,0,1,0,1,1,0,0,1,0,1
585,-0.43991649313097614,0.26992923768238775,-0.3575587052250508,0,1,1,0,0,1,1,0,1,0,1,0,0,0
1158,-0.43991649313097614,0.9214550572028734,-1.5207546382825785,0,1,0,1,0,1,0,1,0,1,0,1,0,0
3715,-0.43991649313097614,-1.1960038562387048,-0.92253958699585,0,1,1,0,1,0,1,0,1,0,0,0,1,1
5093,-0.43991649313097614,-1.2774445836787656,-1.4875204687666492,0,1,1,0,0,1,1,0,1,0,1,0,0,1
4786,-0.43991649313097614,-0.7888002190384014,0.2406563460616778,1,0,1,0,0,1,0,1,0,1,1,0,0,0
4335,2.273158691738958,-0.13727439951791576,0.9718080754121239,0,1,1,0,0,1,1,0,0,1,1,0,0,1
5853,-0.43991649313097614,-1.0331224013585834,0.37359302412539525,1,0,0,1,0,1,1,0,0,1,1,0,0,0
2734,-0.43991649313097614,1.3286586944031769,0.6394663802528302,0,1,0,1,0,1,1,0,1,0,1,0,0,0
6462,-0.43991649313097614,-1.1960038562387048,-1.45428629925072,0,1,1,0,0,1,1,0,0,1,1,0,0,0
3027,-0.43991649313097614,1.3286586944031769,1.3373839400873468,1,0,1,0,0,1,0,1,0,1,1,0,0,0
2643,-0.43991649313097614,-0.055833672077855064,-1.4875204687666492,0,1,1,0,0,1,1,0,0,1,1,0,0,0
6391,-0.43991649313097614,-0.015113308357824713,0.008017159450172232,0,1,1,0,0,1,1,0,0,1,0,1,0,0
656,2.273158691738958,0.35136996512244845,1.1712130925077,0,1,1,0,0,1,1,0,0,1,1,0,0,1
4366,-0.43991649313097614,-1.1960038562387048,-1.1219446040914263,1,0,0,1,1,0,0,1,1,0,0,0,1,1
2677,-0.43991649313097614,-1.2367242199587352,0.8721055668643357,1,0,1,0,0,1,1,0,1,0,0,1,0,0
2025,2.273158691738958,-0.5444780367182193,-1.0222420955436382,0,1,1,0,1,0,1,0,0,1,0,1,0,0
4865,-0.43991649313097614,-0.9924020376385531,-1.4875204687666492,0,1,0,1,0,1,0,1,0,1,0,1,0,0
4745,2.273158691738958,-0.0965540357978854,1.1712130925077,1,0,1,0,0,1,1,0,1,0,0,0,1,1
4633,-0.43991649313097614,1.5322605130033284,0.47329553267318336,0,1,1,0,0,1,1,0,1,0,1,0,0,0
938,-0.43991649313097614,1.369379058123207,-0.32432453570912145,0,1,1,0,0,1,0,1,0,1,1,0,0,0
5232,2.273158691738958,1.6137012404433893,-1.3545837907029317,1,0,1,0,0,1,0,1,0,1,1,0,0,0
6897,-0.43991649313097614,-0.6666391278783103,0.9718080754121239,0,1,1,0,0,1,1,0,1,0,1,0,0,1
186,-0.43991649313097614,1.5322605130033284,-1.3213496211870024,0,1,0,1,0,1,1,0,1,0,1,0,0,0
6974,-0.43991649313097614,1.6137012404433893,1.536788957182923,1,0,1,0,0,1,1,0,0,1,0,1,0,0
6110,-0.43991649313097614,-1.2774445836787656,0.6727005497687596,1,0,1,0,0,1,0,1,1,0,1,0,0,1
1333,2.273158691738958,0.7992939660427822,-0.15815368812947458,1,0,1,0,0,1,0,1,1,0,0,0,1,0
2119,2.273158691738958,0.22920887396235737,1.270915601055488,0,1,1,0,0,1,1,0,0,1,1,0,0,0
149,-0.43991649313097614,1.4508197855632678,-0.22462202716133334,1,0,1,0,0,1,1,0,1,0,0,1,0,0
3619,-0.43991649313097614,-0.2594354906780068,0.5729980412209714,1,0,0,1,0,1,0,1,1,0,1,0,0,0
2186,-0.43991649313097614,-1.2774445836787656,-1.4875204687666492,1,0,1,0,0,1,0,1,1,0,1,0,0,0
2948,-0.43991649313097614,-0.1779947632379461,1.1712130925077,0,1,0,1,0,1,1,0,0,1,1,0,0,0
2261,2.273158691738958,1.6137012404433893,1.3373839400873468,1,0,1,0,0,1,1,0,0,1,1,0,0,0
547,-0.43991649313097614,0.43281069256250915,-0.15815368812947458,1,0,0,1,1,0,1,0,0,1,1,0,0,0
1380,-0.43991649313097614,-1.2367242199587352,0.1409538375138897,1,0,1,0,0,1,1,0,1,0,0,0,1,0
715,2.273158691738958,1.5322605130033284,0.805637227832477,0,1,1,0,0,1,0,1,1,0,0,0,1,0
3557,2.273158691738958,1.125056875803025,1.7029598047625698,1,0,1,0,0,1,1,0,1,0,0,1,0,0
3988,-0.43991649313097614,0.22920887396235737,0.17418800702981907,0,1,1,0,0,1,0,1,0,1,1,0,0,0
1182,2.273158691738958,0.43281069256250915,1.2044472620236295,0,1,1,0,0,1,1,0,1,0,1,0,0,1
987,2.273158691738958,-1.2367242199587352,0.3071246850935365,0,1,1,0,0,1,1,0,1,0,1,0,0,0
4593,2.273158691738958,-0.8702409464784621,1.1712130925077,1,0,1,0,0,1,0,1,1,0,0,1,0,1
4963,-0.43991649313097614,-1.2367242199587352,0.7391688888006183,1,0,1,0,0,1,1,0,1,0,1,0,0,1
6385,-0.43991649313097614,-0.8295205827584317,-0.09168534909761586,1,0,1,0,0,1,1,0,1,0,0,1,0,1
5369,-0.43991649313097614,1.6137012404433893,0.8388713973484064,1,0,0,1,0,1,1,0,0,1,1,0,0,0
5485,-0.43991649313097614,-0.015113308357824713,-0.12491951861354524,1,0,0,1,0,1,0,1,0,1,0,0,1,0
3047,-0.43991649313097614,-0.5037576729981889,-1.45428629925072,0,1,1,0,0,1,0,1,0,1,0,1,0,0
4510,-0.43991649313097614,1.125056875803025,1.0382764144439827,0,1,1,0,0,1,1,0,0,1,1,0,0,1
4008,-0.43991649313097614,-1.1960038562387048,-0.7231345699002738,0,1,1,0,0,1,0,1,1,0,0,0,1,1
4945,-0.43991649313097614,1.1657772395230555,0.3403588546094659,0,1,1,0,0,1,0,1,1,0,1,0,0,0
3212,2.273158691738958,1.2064976032430856,1.0382764144439827,1,0,0,1,0,1,1,0,1,0,0,1,0,0
6576,-0.43991649313097614,-1.1145631287986442,-0.3575587052250508,1,0,1,0,0,1,0,1,1,0,1,0,0,0
3706,-0.43991649313097614,0.3106496014024181,1.071510583959912,0,1,1,0,0,1,0,1,1,0,0,0,1,1
4824,-0.43991649313097614,0.06632741908223598,1.3041497705714176,0,1,0,1,0,1,1,0,1,0,1,0,0,0
2494,2.273158691738958,-0.21871512695797646,0.37359302412539525,0,1,1,0,0,1,0,1,0,1,1,0,0,1
311,-0.43991649313097614,-1.2774445836787656,-0.6234320613524857,0,1,1,0,0,1,1,0,1,0,1,0,0,0
4321,-0.43991649313097614,-0.6666391278783103,-0.0584511795816865,1,0,1,0,0,1,1,0,1,0,0,1,0,0
3601,-0.43991649313097614,1.4508197855632678,0.805637227832477,0,1,0,1,0,1,0,1,0,1,1,0,0,0
4463,-0.43991649313097614,0.9621754209229036,0.008017159450172232,0,1,1,0,0,1,0,1,0,1,1,0,0,0
5717,-0.43991649313097614,0.3106496014024181,0.5065297021891128,0,1,1,0,0,1,1,0,1,0,1,0,0,0
6175,2.273158691738958,-0.46303730927815856,1.071510583959912,0,1,1,0,0,1,1,0,1,0,1,0,0,1
1316,-0.43991649313097614,-1.2774445836787656,-0.6566662308684151,0,1,1,0,0,1,1,0,1,0,0,0,1,1
5801,-0.43991649313097614,-0.748079855318371,-1.288115451671073,1,0,0,1,0,1,0,1,0,1,1,0,0,0
6791,-0.43991649313097614,-0.9109613101984924,-1.4875204687666492,0,1,1,0,0,1,0,1,1,0,0,0,1,0
6832,-0.43991649313097614,1.5322605130033284,0.44006136315725397,0,1,0,1,0,1,0,1,0,1,1,0,0,0
5486,-0.43991649313097614,0.5549717837226001,0.2738905155776072,0,1,1,0,0,1,1,0,1,0,1,0,0,0
3567,-0.43991649313097614,-1.1960038562387048,-1.3213496211870024,1,0,1,0,1,0,0,1,1,0,0,1,0,1
6561,-0.43991649313097614,1.0436161483629645,1.3373839400873468,0,1,1,0,0,1,1,0,1,0,0,1,0,1
510,-0.43991649313097614,-0.2594354906780068,0.2738905155776072,1,0,1,0,0,1,1,0,1,0,1,0,0,0
4374,-0.43991649313097614,1.5729808767233588,-1.3213496211870024,1,0,0,1,0,1,1,0,1,0,0,1,0,0
3663,-0.43991649313097614,0.06632741908223598,-1.3213496211870024,1,0,0,1,0,1,1,0,1,0,1,0,0,0
2564,-0.43991649313097614,0.3106496014024181,-1.4875204687666492,1,0,1,0,0,1,0,1,0,1,1,0,0,0
1410,-0.43991649313097614,-0.46303730927815856,0.008017159450172232,1,0,0,1,0,1,0,1,0,1,1,0,0,0
4287,-0.43991649313097614,-1.2774445836787656,0.3403588546094659,1,0,1,0,0,1,0,1,0,1,1,0,0,1
1586,2.273158691738958,0.9621754209229036,1.5035547876669937,1,0,1,0,0,1,0,1,1,0,0,1,0,0
5606,-0.43991649313097614,1.4915401492832983,-1.5207546382825785,1,0,0,1,0,1,1,0,1,0,1,0,0,0
6054,2.273158691738958,-0.5851984004382496,1.0050422449280532,0,1,1,0,0,1,0,1,1,0,0,0,1,1
2077,-0.43991649313097614,-0.8702409464784621,-1.4875204687666492,0,1,0,1,0,1,1,0,1,0,0,1,0,0
380,-0.43991649313097614,-0.9109613101984924,1.1047447534758412,0,1,1,0,0,1,0,1,0,1,0,1,0,1
1565,-0.43991649313097614,-0.5444780367182193,1.0050422449280532,1,0,1,0,0,1,0,1,0,1,1,0,0,1
667,-0.43991649313097614,0.6364125111626608,1.2376814315395588,1,0,1,0,0,1,1,0,0,1,1,0,0,0
3887,-0.43991649313097614,-0.7888002190384014,-0.6899004003843444,1,0,1,0,0,1,0,1,0,1,0,1,0,0
2500,-0.43991649313097614,-1.0331224013585834,0.20742217654574843,1,0,0,1,0,1,1,0,1,0,0,1,0,0
2611,-0.43991649313097614,1.6137012404433893,0.20742217654574843,1,0,0,1,0,1,1,0,1,0,1,0,0,0
5674,2.273158691738958,-1.2367242199587352,0.17418800702981907,1,0,1,0,0,1,1,0,1,0,0,1,0,1
609,-0.43991649313097614,0.025607055362205634,0.8721055668643357,0,1,1,0,0,1,0,1,0,1,0,0,1,0
6008,-0.43991649313097614,1.2879383306831464,0.8388713973484064,0,1,0,1,0,1,1,0,1,0,0,1,0,0
1747,-0.43991649313097614,1.5729808767233588,0.8388713973484064,0,1,0,1,0,1,0,1,0,1,0,0,1,0
3952,-0.43991649313097614,-0.7073594915983407,1.1712130925077,0,1,1,0,0,1,0,1,1,0,0,0,1,0
2318,-0.43991649313097614,-1.0738427650786138,-1.188412943123285,1,0,1,0,1,0,0,1,1,0,0,0,1,0
4606,-0.43991649313097614,-1.2774445836787656,-0.4572612137728389,0,1,1,0,0,1,0,1,1,0,0,0,1,1
2819,-0.43991649313097614,-1.2367242199587352,0.17418800702981907,0,1,1,0,0,1,1,0,0,1,1,0,0,0
3563,-0.43991649313097614,-0.9516816739185228,-0.15815368812947458,0,1,1,0,0,1,0,1,0,1,1,0,0,0
7016,-0.43991649313097614,-0.5444780367182193,-1.4875204687666492,0,1,0,1,0,1,1,0,0,1,1,0,0,0
287,-0.43991649313097614,-1.2774445836787656,0.17418800702981907,0,1,1,0,0,1,1,0,1,0,1,0,0,1
2294,-0.43991649313097614,-0.21871512695797646,-0.3575587052250508,0,1,1,0,0,1,0,1,1,0,0,0,1,0
4395,-0.43991649313097614,0.9621754209229036,-1.3545837907029317,0,1,0,1,0,1,0,1,1,0,1,0,0,0
1894,-0.43991649313097614,-0.5444780367182193,-1.288115451671073,1,0,0,1,0,1,0,1,1,0,1,0,0,0
6747,-0.43991649313097614,-0.7888002190384014,0.2738905155776072,0,1,1,0,0,1,1,0,1,0,1,0,0,0
465,-0.43991649313097614,0.7178532386027215,-0.6566662308684151,0,1,0,1,0,1,0,1,0,1,0,0,1,0
6353,-0.43991649313097614,0.7992939660427822,-1.45428629925072,0,1,0,1,0,1,0,1,0,1,1,0,0,0
3994,2.273158691738958,-0.015113308357824713,1.3706181096032763,0,1,1,0,0,1,0,1,1,0,0,0,1,1
2880,-0.43991649313097614,-0.8295205827584317,-1.4875204687666492,1,0,0,1,0,1,0,1,0,1,1,0,0,0
2001,-0.43991649313097614,0.22920887396235737,0.17418800702981907,0,1,1,0,0,1,1,0,0,1,1,0,0,1
6077,-0.43991649313097614,1.6137012404433893,1.5035547876669937,1,0,1,0,0,1,1,0,1,0,0,1,0,0
5971,-0.43991649313097614,0.5142514200025698,-0.7563687394162032,0,1,1,0,1,0,0,1,0,1,1,0,0,0
5725,-0.43991649313097614,-0.21871512695797646,-1.3545837907029317,1,0,0,1,0,1,1,0,0,1,1,0,0,0
6686,-0.43991649313097614,1.4508197855632678,0.5065297021891128,1,0,1,0,0,1,1,0,1,0,1,0,0,0
2211,-0.43991649313097614,0.06632741908223598,1.3373839400873468,0,1,1,0,0,1,0,1,0,1,0,0,1,0
1495,-0.43991649313097614,-0.748079855318371,0.8388713973484064,1,0,0,1,0,1,1,0,1,0,0,1,0,1
5634,-0.43991649313097614,-1.0738427650786138,-1.45428629925072,0,1,1,0,0,1,0,1,1,0,1,0,0,0
6936,2.273158691738958,1.247217966963116,1.437086448635135,0,1,1,0,0,1,0,1,0,1,0,0,1,0
929,-0.43991649313097614,-0.7888002190384014,0.3403588546094659,1,0,1,0,0,1,0,1,0,1,0,0,1,0
6924,-0.43991649313097614,0.7992939660427822,0.5397638717050421,0,1,1,0,0,1,0,1,1,0,0,1,0,0
3635,-0.43991649313097614,0.7992939660427822,-0.19138785764540397,1,0,1,0,0,1,0,1,0,1,0,0,1,0
1504,-0.43991649313097614,-0.3408762181180675,-1.4875204687666492,1,0,0,1,0,1,0,1,0,1,0,1,0,0
620,-0.43991649313097614,0.8400143297628127,1.3041497705714176,1,0,0,1,0,1,0,1,0,1,1,0,0,0
1639,-0.43991649313097614,-0.13727439951791576,1.2044472620236295,0,1,0,1,0,1,0,1,0,1,0,0,1,0
6769,-0.43991649313097614,0.7992939660427822,1.2044472620236295,1,0,0,1,0,1,0,1,0,1,0,0,1,0
3110,-0.43991649313097614,0.18848851024232702,-0.9557737565117794,0,1,1,0,1,0,0,1,1,0,0,0,1,0
282,-0.43991649313097614,1.125056875803025,-0.12491951861354524,1,0,1,0,1,0,1,0,1,0,1,0,0,0
1114,-0.43991649313097614,-0.015113308357824713,1.0050422449280532,0,1,0,1,0,1,0,1,0,1,1,0,0,0
1957,2.273158691738958,1.369379058123207,1.437086448635135,0,1,0,1,0,1,0,1,0,1,0,0,1,0
3002,-0.43991649313097614,0.880734693482843,-1.4875204687666492,0,1,0,1,0,1,1,0,1,0,1,0,0,0
3190,-0.43991649313097614,-1.2774445836787656,-1.45428629925072,0,1,1,0,0,1,1,0,1,0,1,0,0,0
6692,-0.43991649313097614,0.5956921474426305,-1.5207546382825785,1,0,0,1,0,1,1,0,1,0,0,1,0,0
218,-0.43991649313097614,-1.1960038562387048,-1.4875204687666492,0,1,1,0,0,1,1,0,1,0,0,0,1,0
1360,-0.43991649313097614,-0.62591876415828,-1.4875204687666492,0,1,1,0,0,1,0,1,0,1,1,0,0,0
9,-0.43991649313097614,1.5322605130033284,1.3041497705714176,0,1,1,0,0,1,0,1,0,1,1,0,0,1
4263,-0.43991649313097614,-1.2774445836787656,-1.45428629925072,1,0,1,0,0,1,1,0,1,0,1,0,0,0
861,-0.43991649313097614,0.14776814652229667,0.20742217654574843,1,0,1,0,0,1,1,0,1,0,0,1,0,0
3007,-0.43991649313097614,-1.1145631287986442,0.5397638717050421,0,1,1,0,0,1,0,1,0,1,1,0,0,1
4877,-0.43991649313097614,0.43281069256250915,0.47329553267318336,0,1,0,1,0,1,1,0,0,1,1,0,0,0
3512,-0.43991649313097614,0.7992939660427822,1.3373839400873468,1,0,1,0,0,1,0,1,1,0,0,0,1,1
4456,-0.43991649313097614,-1.2774445836787656,-1.4875204687666492,0,1,0,1,0,1,1,0,1,0,1,0,0,0
4208,-0.43991649313097614,-0.9924020376385531,0.6394663802528302,1,0,0,1,0,1,1,0,1,0,1,0,0,1
5794,2.273158691738958,-0.21871512695797646,0.44006136315725397,1,0,1,0,0,1,0,1,1,0,1,0,0,1
6306,-0.43991649313097614,0.22920887396235737,0.0412513289661016,1,0,1,0,0,1,0,1,0,1,1,0,0,0
1327,-0.43991649313097614,-0.5037576729981889,-1.4875204687666492,1,0,0,1,0,1,1,0,1,0,0,1,0,0
6410,-0.43991649313097614,-0.8295205827584317,-1.45428629925072,0,1,0,1,0,1,1,0,1,0,0,1,0,0
1884,-0.43991649313097614,-0.38159658183809786,-0.2578561966772627,0,1,0,1,0,1,0,1,0,1,1,0,0,0
2060,-0.43991649313097614,-0.5851984004382496,0.3071246850935365,1,0,1,0,0,1,0,1,0,1,1,0,0,0
4511,-0.43991649313097614,-1.2774445836787656,-0.4572612137728389,0,1,0,1,0,1,0,1,1,0,1,0,0,1
2307,-0.43991649313097614,1.2064976032430856,-0.32432453570912145,1,0,0,1,0,1,1,0,0,1,1,0,0,0
3345,2.273158691738958,-1.2774445836787656,0.17418800702981907,1,0,1,0,0,1,0,1,0,1,1,0,0,1
1555,-0.43991649313097614,-0.8702409464784621,0.1409538375138897,0,1,1,0,0,1,1,0,1,0,1,0,0,0
2787,-0.43991649313097614,0.26992923768238775,-0.4572612137728389,1,0,1,0,1,0,1,0,1,0,0,1,0,0
1861,2.273158691738958,1.6137012404433893,0.008017159450172232,0,1,1,0,1,0,1,0,1,0,0,0,1,0
4744,2.273158691738958,1.2879383306831464,1.5700231266988525,0,1,0,1,0,1,0,1,1,0,0,0,1,0
1945,-0.43991649313097614,0.9621754209229036,0.9385739058961945,0,1,1,0,0,1,1,0,1,0,1,0,0,0
525,-0.43991649313097614,1.5322605130033284,-1.4875204687666492,1,0,0,1,0,1,0,1,0,1,1,0,0,0
5012,-0.43991649313097614,-1.2367242199587352,0.17418800702981907,0,1,1,0,0,1,0,1,0,1,1,0,0,0
5484,2.273158691738958,1.6137012404433893,1.5700231266988525,1,0,1,0,0,1,0,1,0,1,1,0,0,0
3082,-0.43991649313097614,-0.9516816739185228,0.47329553267318336,0,1,0,1,0,1,1,0,0,1,1,0,0,1
94,2.273158691738958,1.369379058123207,1.2376814315395588,1,0,1,0,0,1,0,1,0,1,1,0,0,0
1548,-0.43991649313097614,0.3106496014024181,0.8388713973484064,0,1,1,0,0,1,0,1,0,1,0,1,0,0
4533,2.273158691738958,-0.8295205827584317,1.2044472620236295,0,1,1,0,0,1,0,1,0,1,1,0,0,1
409,-0.43991649313097614,-1.1145631287986442,0.5065297021891128,1,0,1,0,0,1,1,0,1,0,1,0,0,1
6447,-0.43991649313097614,0.43281069256250915,0.3403588546094659,0,1,1,0,0,1,0,1,0,1,0,1,0,1
3415,-0.43991649313097614,-0.7888002190384014,-1.5207546382825785,1,0,1,0,0,1,1,0,1,0,0,0,1,0
2490,-0.43991649313097614,-0.5851984004382496,-1.5207546382825785,1,0,0,1,0,1,0,1,1,0,0,1,0,0
6011,-0.43991649313097614,0.9214550572028734,-1.288115451671073,0,1,1,0,0,1,0,1,1,0,0,0,1,0
3545,-0.43991649313097614,-1.1552834925186746,-0.32432453570912145,1,0,1,0,0,1,0,1,0,1,1,0,0,0
1749,-0.43991649313097614,0.3106496014024181,-0.7563687394162032,0,1,1,0,1,0,1,0,1,0,0,0,1,1
5726,-0.43991649313097614,0.3106496014024181,-0.025217010065757134,1,0,0,1,0,1,0,1,1,0,0,0,1,0
5351,-0.43991649313097614,-1.2774445836787656,-1.4875204687666492,0,1,1,0,0,1,0,1,1,0,0,0,1,0
2361,-0.43991649313097614,-0.9924020376385531,0.7391688888006183,0,1,1,0,0,1,1,0,1,0,0,0,1,1
1283,-0.43991649313097614,-0.5444780367182193,-1.3213496211870024,1,0,0,1,1,0,1,0,1,0,1,0,0,0
4392,-0.43991649313097614,-1.1145631287986442,-1.4875204687666492,1,0,1,0,0,1,1,0,1,0,1,0,0,0
1940,2.273158691738958,-0.015113308357824713,0.8721055668643357,1,0,1,0,0,1,1,0,1,0,1,0,0,0
2341,-0.43991649313097614,-1.1552834925186746,0.17418800702981907,1,0,1,0,0,1,1,0,1,0,0,1,0,1
4258,-0.43991649313097614,1.125056875803025,1.3373839400873468,1,0,1,0,0,1,1,0,0,1,1,0,0,0
2634,-0.43991649313097614,-1.1552834925186746,0.44006136315725397,0,1,1,0,0,1,0,1,0,1,0,1,0,1
4289,-0.43991649313097614,1.6137012404433893,0.7391688888006183,0,1,1,0,0,1,0,1,0,1,1,0,0,0
4887,-0.43991649313097614,-0.9109613101984924,-1.4875204687666492,1,0,0,1,0,1,1,0,1,0,0,1,0,0
2345,-0.43991649313097614,0.758573602322752,-0.556963722320627,0,1,0,1,0,1,1,0,1,0,0,0,1,0
4293,2.273158691738958,-0.9516816739185228,1.1712130925077,0,1,1,0,0,1,0,1,0,1,1,0,0,1
424,-0.43991649313097614,-0.6666391278783103,-1.5207546382825785,1,0,0,1,0,1,0,1,1,0,0,1,0,0
634,-0.43991649313097614,-1.2774445836787656,-1.45428629925072,0,1,0,1,0,1,1,0,1,0,0,1,0,0
6708,2.273158691738958,1.125056875803025,0.5397638717050421,0,1,0,1,0,1,0,1,1,0,0,0,1,0
377,-0.43991649313097614,0.10704778280226633,0.2406563460616778,0,1,0,1,0,1,1,0,1,0,1,0,0,0
5310,-0.43991649313097614,-1.0331224013585834,0.07448549848203097,1,0,1,0,0,1,1,0,1,0,0,0,1,0
5887,-0.43991649313097614,-0.7073594915983407,0.8721055668643357,0,1,0,1,0,1,1,0,1,0,0,0,1,0
3227,2.273158691738958,0.9214550572028734,0.8388713973484064,1,0,1,0,0,1,1,0,1,0,1,0,0,0
2092,-0.43991649313097614,-0.9924020376385531,-0.6566662308684151,0,1,0,1,0,1,1,0,1,0,0,0,1,0
5789,-0.43991649313097614,1.369379058123207,0.0412513289661016,0,1,0,1,0,1,1,0,1,0,1,0,0,0
5215,-0.43991649313097614,-0.13727439951791576,-1.4875204687666492,0,1,0,1,0,1,1,0,0,1,1,0,0,0
4455,2.273158691738958,0.18848851024232702,1.2044472620236295,0,1,1,0,0,1,1,0,1,0,1,0,0,1
1193,-0.43991649313097614,-0.9516816739185228,-1.3213496211870024,0,1,1,0,1,0,0,1,0,1,1,0,0,0
5534,-0.43991649313097614,-0.748079855318371,-1.4875204687666492,0,1,1,0,0,1,0,1,0,1,1,0,0,0
2569,-0.43991649313097614,-0.5037576729981889,1.071510583959912,1,0,1,0,0,1,1,0,1,0,0,0,1,0
849,2.273158691738958,-0.748079855318371,-0.6234320613524857,1,0,1,0,1,0,0,1,1,0,0,0,1,0
2718,-0.43991649313097614,-0.8702409464784621,-1.4875204687666492,0,1,0,1,0,1,0,1,1,0,0,0,1,0
2640,-0.43991649313097614,1.4508197855632678,1.5035547876669937,0,1,0,1,0,1,0,1,1,0,1,0,0,0
5976,-0.43991649313097614,0.18848851024232702,0.008017159450172232,1,0,1,0,0,1,1,0,0,1,1,0,0,1
5707,-0.43991649313097614,1.125056875803025,0.40682719364132464,0,1,0,1,0,1,1,0,0,1,1,0,0,0
1904,-0.43991649313097614,-0.1779947632379461,-0.15815368812947458,1,0,1,0,0,1,1,0,0,1,1,0,0,0
6058,-0.43991649313097614,1.1657772395230555,0.5397638717050421,0,1,1,0,0,1,1,0,1,0,1,0,0,0
3441,-0.43991649313097614,0.9214550572028734,-0.6566662308684151,1,0,1,0,0,1,0,1,1,0,0,0,1,0
102,-0.43991649313097614,-0.62591876415828,0.6727005497687596,1,0,0,1,0,1,1,0,1,0,1,0,0,1
923,-0.43991649313097614,-1.2774445836787656,-1.45428629925072,0,1,1,0,0,1,0,1,0,1,1,0,0,0
2555,-0.43991649313097614,-0.7073594915983407,1.2376814315395588,0,1,0,1,0,1,1,0,1,0,1,0,0,0
5538,2.273158691738958,-1.2367242199587352,0.2738905155776072,0,1,1,0,0,1,0,1,0,1,0,0,1,0
6837,-0.43991649313097614,0.3920903288424788,-1.45428629925072,0,1,0,1,0,1,1,0,0,1,1,0,0,0
2971,-0.43991649313097614,1.4915401492832983,0.6727005497687596,1,0,1,0,0,1,1,0,0,1,1,0,0,0
4368,-0.43991649313097614,-1.0738427650786138,0.20742217654574843,1,0,1,0,0,1,1,0,1,0,0,1,0,0
6278,-0.43991649313097614,0.22920887396235737,1.0050422449280532,0,1,0,1,0,1,1,0,1,0,1,0,0,0
3233,-0.43991649313097614,-0.8295205827584317,-0.29109036619319206,0,1,0,1,0,1,1,0,1,0,0,1,0,0
2111,-0.43991649313097614,1.125056875803025,-0.15815368812947458,0,1,0,1,0,1,1,0,1,0,1,0,0,0
5060,-0.43991649313097614,-0.9109613101984924,-0.9557737565117794,1,0,1,0,1,0,0,1,0,1,1,0,0,0
3337,-0.43991649313097614,-1.2774445836787656,-0.6899004003843444,1,0,1,0,0,1,1,0,1,0,0,0,1,1
1091,-0.43991649313097614,-0.6666391278783103,-1.4875204687666492,1,0,0,1,0,1,0,1,0,1,0,1,0,0
859,2.273158691738958,-0.30015585439803716,0.1409538375138897,1,0,1,0,0,1,0,1,0,1,0,1,0,0
30,-0.43991649313097614,1.6137012404433893,-0.025217010065757134,0,1,1,0,1,0,1,0,1,0,1,0,0,0
2741,-0.43991649313097614,-0.5037576729981889,0.6727005497687596,0,1,1,0,0,1,1,0,1,0,1,0,0,1
5239,-0.43991649313097614,1.5729808767233588,-1.3545837907029317,0,1,1,0,0,1,1,0,1,0,0,1,0,0
1409,-0.43991649313097614,-1.2774445836787656,-1.1219446040914263,0,1,0,1,1,0,0,1,0,1,0,1,0,1
4578,-0.43991649313097614,-0.9516816739185228,-1.4875204687666492,0,1,1,0,0,1,0,1,0,1,0,1,0,0
1175,-0.43991649313097614,-0.2594354906780068,0.7391688888006183,0,1,1,0,0,1,0,1,1,0,0,1,0,0
2303,-0.43991649313097614,1.0436161483629645,-0.15815368812947458,0,1,1,0,0,1,0,1,1,0,0,0,1,1
5146,-0.43991649313097614,-1.0331224013585834,0.1409538375138897,1,0,1,0,0,1,0,1,1,0,0,1,0,0
3322,-0.43991649313097614,-1.2367242199587352,0.5065297021891128,0,1,1,0,0,1,0,1,1,0,0,0,1,0
6115,-0.43991649313097614,1.6137012404433893,1.536788957182923,0,1,0,1,0,1,1,0,1,0,1,0,0,0
6250,-0.43991649313097614,0.47353105628253944,1.0382764144439827,1,0,1,0,0,1,0,1,0,1,1,0,0,1
1274,-0.43991649313097614,0.9621754209229036,-1.4875204687666492,1,0,1,0,0,1,0,1,0,1,1,0,0,0
2798,2.273158691738958,1.0436161483629645,0.8388713973484064,0,1,0,1,0,1,0,1,0,1,1,0,0,0
4448,2.273158691738958,-1.2774445836787656,-0.5237295528046976,0,1,0,1,0,1,0,1,0,1,1,0,0,1
1260,-0.43991649313097614,1.6137012404433893,1.6697256352466405,1,0,1,0,0,1,1,0,0,1,0,1,0,0
5408,-0.43991649313097614,0.9214550572028734,0.008017159450172232,1,0,1,0,0,1,1,0,1,0,0,0,1,0
2487,-0.43991649313097614,-0.1779947632379461,0.8721055668643357,0,1,1,0,0,1,0,1,0,1,0,1,0,0
3810,2.273158691738958,-1.1552834925186746,0.1409538375138897,0,1,1,0,0,1,1,0,1,0,0,1,0,0
5237,-0.43991649313097614,1.6137012404433893,0.8388713973484064,0,1,1,0,0,1,1,0,0,1,0,1,0,0
3830,-0.43991649313097614,-0.30015585439803716,-1.4875204687666492,1,0,1,0,0,1,0,1,0,1,1,0,0,0
3054,-0.43991649313097614,-1.2774445836787656,-1.4875204687666492,0,1,1,0,0,1,0,1,0,1,0,0,1,0
129,-0.43991649313097614,1.3286586944031769,-1.4875204687666492,0,1,0,1,0,1,1,0,1,0,1,0,0,0
6240,-0.43991649313097614,-0.015113308357824713,0.37359302412539525,1,0,1,0,0,1,0,1,0,1,0,0,1,0
1308,2.273158691738958,-1.2774445836787656,0.3071246850935365,1,0,1,0,0,1,1,0,1,0,0,1,0,1
5860,-0.43991649313097614,1.125056875803025,-0.49049538328876824,1,0,1,0,1,0,0,1,1,0,0,0,1,0
4143,-0.43991649313097614,1.125056875803025,-0.49049538328876824,1,0,0,1,1,0,1,0,1,0,0,1,0,0
6441,-0.43991649313097614,0.5956921474426305,-1.4875204687666492,0,1,1,0,0,1,0,1,0,1,1,0,0,0
6790,-0.43991649313097614,1.247217966963116,1.2376814315395588,0,1,1,0,0,1,1,0,1,0,1,0,0,0
2697,-0.43991649313097614,0.47353105628253944,0.20742217654574843,0,1,1,0,0,1,1,0,1,0,0,0,1,0
3658,-0.43991649313097614,1.4508197855632678,1.437086448635135,0,1,1,0,0,1,0,1,1,0,0,0,1,1
6859,-0.43991649313097614,1.6137012404433893,1.3706181096032763,0,1,1,0,0,1,0,1,0,1,1,0,0,0
5396,-0.43991649313097614,1.4508197855632678,0.6062322107369008,1,0,0,1,0,1,1,0,0,1,1,0,0,1
1289,-0.43991649313097614,-1.2774445836787656,0.2406563460616778,0,1,0,1,0,1,1,0,1,0,0,0,1,1
6863,-0.43991649313097614,-0.9516816739185228,-0.6566662308684151,0,1,1,0,0,1,0,1,0,1,1,0,0,1
4684,-0.43991649313097614,-0.9924020376385531,-0.6899004003843444,0,1,1,0,0,1,0,1,0,1,1,0,0,0
4282,-0.43991649313097614,0.5142514200025698,1.1712130925077,0,1,0,1,0,1,1,0,1,0,1,0,0,0
5288,-0.43991649313097614,1.5729808767233588,0.6727005497687596,1,0,1,0,0,1,1,0,1,0,1,0,0,0
5647,2.273158691738958,-0.6666391278783103,0.7391688888006183,0,1,1,0,0,1,1,0,1,0,1,0,0,1
3183,-0.43991649313097614,-0.4223169455581282,-1.4875204687666492,0,1,0,1,0,1,1,0,0,1,0,0,1,0
3414,-0.43991649313097614,0.18848851024232702,1.1379789229917707,0,1,1,0,0,1,1,0,0,1,1,0,0,1
4329,-0.43991649313097614,-0.9924020376385531,-1.4875204687666492,1,0,0,1,0,1,0,1,1,0,1,0,0,0
5661,2.273158691738958,-0.5037576729981889,0.8721055668643357,1,0,1,0,0,1,0,1,1,0,0,1,0,0
1539,-0.43991649313097614,0.7178532386027215,1.6364914657307112,0,1,1,0,0,1,0,1,0,1,1,0,0,0
1329,-0.43991649313097614,-0.1779947632379461,-0.29109036619319206,1,0,1,0,0,1,1,0,1,0,1,0,0,0
170,-0.43991649313097614,1.4915401492832983,0.3071246850935365,1,0,0,1,0,1,1,0,1,0,1,0,0,0
2223,-0.43991649313097614,-0.015113308357824713,0.3403588546094659,1,0,1,0,0,1,0,1,0,1,1,0,0,0
2646,-0.43991649313097614,-0.7073594915983407,-1.4875204687666492,1,0,1,0,0,1,1,0,1,0,1,0,0,0
388,-0.43991649313097614,1.6137012404433893,1.6032572962147817,1,0,1,0,0,1,1,0,1,0,0,1,0,0
3944,-0.43991649313097614,0.18848851024232702,-1.4875204687666492,0,1,1,0,0,1,1,0,1,0,1,0,0,0
3465,2.273158691738958,0.7178532386027215,0.3403588546094659,0,1,0,1,0,1,1,0,0,1,1,0,0,0
1629,-0.43991649313097614,0.758573602322752,-0.15815368812947458,0,1,1,0,0,1,0,1,0,1,1,0,0,0
3901,-0.43991649313097614,-0.0965540357978854,0.3403588546094659,1,0,1,0,0,1,1,0,1,0,0,1,0,0
2771,-0.43991649313097614,0.7178532386027215,-1.4875204687666492,1,0,1,0,0,1,0,1,0,1,1,0,0,0
7034,-0.43991649313097614,0.6771328748826912,1.437086448635135,1,0,0,1,0,1,1,0,0,1,1,0,0,1
5438,-0.43991649313097614,0.06632741908223598,-1.1551787736073555,0,1,0,1,1,0,0,1,1,0,1,0,0,0
464,-0.43991649313097614,-0.7888002190384014,-1.5207546382825785,1,0,0,1,0,1,0,1,0,1,1,0,0,0
2128,-0.43991649313097614,1.6137012404433893,0.9053397363802651,0,1,1,0,0,1,1,0,1,0,0,1,0,0
3796,-0.43991649313097614,0.3920903288424788,-1.4875204687666492,0,1,1,0,0,1,1,0,0,1,1,0,0,0
2422,-0.43991649313097614,-0.21871512695797646,0.5397638717050421,0,1,1,0,0,1,1,0,1,0,1,0,0,0
3246,-0.43991649313097614,1.369379058123207,0.8721055668643357,1,0,0,1,0,1,1,0,0,1,1,0,0,0
2629,-0.43991649313097614,1.1657772395230555,-0.6899004003843444,1,0,1,0,1,0,1,0,0,1,1,0,0,0
5471,-0.43991649313097614,-0.8295205827584317,-0.5237295528046976,0,1,0,1,0,1,1,0,0,1,0,0,1,0
4801,-0.43991649313097614,0.10704778280226633,-1.288115451671073,0,1,1,0,0,1,0,1,0,1,1,0,0,0
4068,-0.43991649313097614,1.2064976032430856,-1.4875204687666492,0,1,1,0,0,1,1,0,1,0,0,0,1,0
1817,-0.43991649313097614,1.2879383306831464,-1.5207546382825785,1,0,1,0,0,1,1,0,1,0,1,0,0,0
1596,-0.43991649313097614,-0.9516816739185228,-1.4875204687666492,0,1,1,0,0,1,1,0,0,1,1,0,0,0
731,2.273158691738958,0.06632741908223598,1.0382764144439827,1,0,1,0,0,1,0,1,0,1,1,0,0,0
4935,-0.43991649313097614,-0.46303730927815856,0.3071246850935365,1,0,0,1,0,1,0,1,0,1,0,0,1,1
552,-0.43991649313097614,-0.7888002190384014,-0.0584511795816865,1,0,0,1,0,1,0,1,0,1,0,0,1,0
6074,2.273158691738958,-1.2774445836787656,-0.6566662308684151,0,1,1,0,0,1,0,1,1,0,0,1,0,0
4133,-0.43991649313097614,-1.2774445836787656,-1.3213496211870024,0,1,1,0,1,0,1,0,1,0,1,0,0,1
1738,2.273158691738958,-0.9924020376385531,-1.4875204687666492,1,0,1,0,0,1,1,0,1,0,1,0,0,1
2289,-0.43991649313097614,-0.5851984004382496,1.1712130925077,1,0,1,0,0,1,1,0,0,1,1,0,0,1
5594,-0.43991649313097614,-0.9109613101984924,-0.49049538328876824,0,1,0,1,0,1,1,0,1,0,0,1,0,0
4631,-0.43991649313097614,-1.2774445836787656,-1.4875204687666492,0,1,1,0,0,1,0,1,1,0,1,0,0,1
1934,-0.43991649313097614,1.4100994218432374,-1.288115451671073,1,0,1,0,0,1,1,0,1,0,0,1,0,0
4933,-0.43991649313097614,-0.9109613101984924,-0.29109036619319206,1,0,0,1,0,1,1,0,0,1,0,1,0,0
4799,-0.43991649313097614,1.5729808767233588,1.3041497705714176,1,0,1,0,0,1,0,1,0,1,1,0,0,0
3676,-0.43991649313097614,-0.2594354906780068,-0.6234320613524857,1,0,0,1,1,0,1,0,1,0,1,0,0,0
2906,-0.43991649313097614,-1.0738427650786138,-0.4572612137728389,1,0,1,0,0,1,1,0,0,1,0,1,0,1
2209,-0.43991649313097614,-1.2367242199587352,0.17418800702981907,1,0,1,0,0,1,0,1,0,1,1,0,0,1
4645,-0.43991649313097614,1.6137012404433893,-1.288115451671073,1,0,1,0,0,1,1,0,1,0,1,0,0,0
2824,-0.43991649313097614,-0.1779947632379461,0.8721055668643357,0,1,1,0,0,1,1,0,1,0,0,0,1,0
6288,-0.43991649313097614,1.4915401492832983,0.47329553267318336,0,1,0,1,0,1,0,1,0,1,1,0,0,0
6000,-0.43991649313097614,-0.62591876415828,-1.4875204687666492,0,1,1,0,0,1,0,1,0,1,0,0,1,0
5575,2.273158691738958,1.125056875803025,1.3706181096032763,1,0,1,0,0,1,1,0,1,0,1,0,0,1
3729,-0.43991649313097614,0.8400143297628127,-1.4875204687666492,0,1,1,0,0,1,0,1,1,0,0,1,0,0
745,-0.43991649313097614,-1.1960038562387048,0.6727005497687596,1,0,0,1,0,1,1,0,1,0,1,0,0,1
529,-0.43991649313097614,1.5322605130033284,-1.4875204687666492,0,1,1,0,0,1,1,0,1,0,0,0,1,0
6529,-0.43991649313097614,-1.1552834925186746,-0.5237295528046976,0,1,0,1,0,1,1,0,1,0,0,0,1,1
5388,-0.43991649313097614,0.9621754209229036,-1.4875204687666492,1,0,1,0,0,1,1,0,1,0,1,0,0,0
1823,-0.43991649313097614,1.0436161483629645,1.1379789229917707,1,0,0,1,0,1,0,1,0,1,1,0,0,0
2617,-0.43991649313097614,-0.055833672077855064,0.9718080754121239,0,1,1,0,0,1,1,0,1,0,1,0,0,1
6554,-0.43991649313097614,-0.7888002190384014,-0.4240270442569095,0,1,0,1,0,1,1,0,1,0,0,0,1,0
6515,-0.43991649313097614,-0.2594354906780068,-0.32432453570912145,1,0,1,0,0,1,1,0,1,0,0,0,1,0
1230,-0.43991649313097614,0.22920887396235737,-1.4875204687666492,1,0,0,1,0,1,0,1,1,0,0,0,1,0
1224,-0.43991649313097614,-0.21871512695797646,-0.19138785764540397,0,1,1,0,0,1,0,1,0,1,1,0,0,0
3203,-0.43991649313097614,-1.0331224013585834,0.7059347192846889,1,0,1,0,0,1,1,0,1,0,1,0,0,1
6913,-0.43991649313097614,-0.2594354906780068,0.5065297021891128,0,1,1,0,0,1,0,1,0,1,1,0,0,1
2729,-0.43991649313097614,-0.13727439951791576,-1.5207546382825785,0,1,1,0,0,1,1,0,1,0,0,1,0,0
2292,-0.43991649313097614,-0.4223169455581282,0.805637227832477,0,1,0,1,0,1,0,1,0,1,1,0,0,0
6551,-0.43991649313097614,-1.1552834925186746,-1.4875204687666492,0,1,1,0,0,1,0,1,0,1,1,0,0,0
5168,-0.43991649313097614,-1.2367242199587352,-0.6566662308684151,1,0,1,0,0,1,1,0,1,0,0,0,1,0
3525,-0.43991649313097614,-1.2774445836787656,-0.6566662308684151,0,1,1,0,1,0,0,1,0,1,1,0,0,1
5022,-0.43991649313097614,-0.5851984004382496,-1.5207546382825785,0,1,1,0,0,1,0,1,0,1,0,1,0,0
5893,-0.43991649313097614,-0.9924020376385531,-0.32432453570912145,1,0,0,1,0,1,1,0,1,0,1,0,0,0
878,-0.43991649313097614,1.0843365120829946,1.3706181096032763,1,0,0,1,0,1,1,0,1,0,0,1,0,0
205,-0.43991649313097614,-1.2367242199587352,-1.4875204687666492,0,1,1,0,0,1,1,0,0,1,1,0,0,0
2471,2.273158691738958,1.6137012404433893,1.7361939742784993,1,0,1,0,0,1,0,1,1,0,0,0,1,0
5176,2.273158691738958,-0.2594354906780068,1.1047447534758412,1,0,1,0,0,1,1,0,1,0,0,1,0,0
2535,-0.43991649313097614,-1.2774445836787656,-1.5207546382825785,0,1,0,1,0,1,0,1,0,1,0,1,0,1
412,-0.43991649313097614,0.10704778280226633,0.5065297021891128,1,0,1,0,0,1,0,1,1,0,0,1,0,0
2213,-0.43991649313097614,-1.0331224013585834,-1.5207546382825785,0,1,1,0,0,1,1,0,1,0,0,1,0,0
6943,-0.43991649313097614,0.6364125111626608,-0.12491951861354524,1,0,1,0,0,1,1,0,1,0,0,0,1,0
2106,-0.43991649313097614,1.2879383306831464,0.0412513289661016,1,0,0,1,0,1,0,1,0,1,1,0,0,0
187,2.273158691738958,-1.2774445836787656,-1.3213496211870024,1,0,1,0,1,0,1,0,1,0,1,0,0,1
606,-0.43991649313097614,0.7992939660427822,0.6727005497687596,0,1,1,0,0,1,0,1,1,0,0,0,1,1
2295,-0.43991649313097614,-0.13727439951791576,0.3071246850935365,1,0,1,0,0,1,0,1,0,1,1,0,0,0
932,-0.43991649313097614,0.3920903288424788,1.1712130925077,1,0,0,1,0,1,1,0,0,1,0,0,1,0
180,-0.43991649313097614,-0.3408762181180675,-0.3575587052250508,0,1,1,0,0,1,1,0,1,0,0,1,0,0
4761,-0.43991649313097614,-0.6666391278783103,1.6032572962147817,1,0,0,1,0,1,1,0,1,0,0,1,0,0
3057,-0.43991649313097614,-0.9516816739185228,1.1379789229917707,0,1,1,0,0,1,0,1,1,0,0,0,1,0
1062,-0.43991649313097614,-1.2367242199587352,-0.3907928747409802,0,1,1,0,0,1,0,1,0,1,0,0,1,0
3095,2.273158691738958,-0.6666391278783103,-0.3575587052250508,1,0,1,0,0,1,1,0,1,0,0,1,0,0
4747,-0.43991649313097614,0.22920887396235737,1.3373839400873468,0,1,1,0,0,1,0,1,0,1,1,0,0,0
6786,-0.43991649313097614,-0.7073594915983407,1.270915601055488,0,1,1,0,0,1,0,1,0,1,0,0,1,0
7030,-0.43991649313097614,0.14776814652229667,-0.9890079260277087,0,1,1,0,1,0,1,0,1,0,1,0,0,0
3467,-0.43991649313097614,-1.2367242199587352,1.0050422449280532,0,1,1,0,0,1,0,1,1,0,0,0,1,1
3136,-0.43991649313097614,-0.8702409464784621,0.805637227832477,1,0,1,0,0,1,0,1,0,1,1,0,0,0
1977,-0.43991649313097614,1.6137012404433893,1.5700231266988525,1,0,1,0,0,1,0,1,0,1,1,0,0,0
3374,-0.43991649313097614,1.4508197855632678,1.6697256352466405,1,0,1,0,0,1,0,1,0,1,1,0,0,0
3111,-0.43991649313097614,-0.0965540357978854,-1.45428629925072,0,1,1,0,0,1,1,0,1,0,1,0,0,0
5614,-0.43991649313097614,-0.46303730927815856,-0.32432453570912145,0,1,1,0,0,1,0,1,1,0,0,0,1,0
5228,-0.43991649313097614,-0.055833672077855064,0.9718080754121239,0,1,1,0,0,1,0,1,0,1,1,0,0,0
1648,2.273158691738958,-0.21871512695797646,1.0382764144439827,0,1,1,0,0,1,1,0,0,1,1,0,0,1
5117,-0.43991649313097614,-1.1145631287986442,0.5065297021891128,0,1,1,0,0,1,1,0,0,1,1,0,0,0
1030,2.273158691738958,0.3920903288424788,-0.29109036619319206,1,0,1,0,0,1,1,0,0,1,1,0,0,0
4931,-0.43991649313097614,-1.2367242199587352,-0.6566662308684151,1,0,1,0,1,0,1,0,1,0,1,0,0,1
5056,-0.43991649313097614,-1.2774445836787656,0.5065297021891128,1,0,1,0,0,1,0,1,1,0,0,0,1,1
5345,-0.43991649313097614,0.14776814652229667,0.9385739058961945,1,0,0,1,0,1,1,0,1,0,0,0,1,0
1149,-0.43991649313097614,1.6137012404433893,1.5035547876669937,1,0,1,0,0,1,0,1,0,1,1,0,0,0
5605,2.273158691738958,0.6771328748826912,1.2376814315395588,1,0,1,0,0,1,1,0,0,1,1,0,0,0
2572,-0.43991649313097614,1.6137012404433893,-1.3545837907029317,1,0,0,1,0,1,1,0,0,1,0,0,1,0
5849,-0.43991649313097614,1.4100994218432374,1.536788957182923,0,1,0,1,0,1,0,1,0,1,0,0,1,1
4683,-0.43991649313097614,-0.30015585439803716,1.4703206181510644,1,0,1,0,0,1,0,1,0,1,1,0,0,0
2639,-0.43991649313097614,1.1657772395230555,-0.4572612137728389,1,0,0,1,1,0,1,0,0,1,0,1,0,0
5047,-0.43991649313097614,1.6137012404433893,1.5035547876669937,0,1,1,0,0,1,1,0,1,0,1,0,0,0
4613,-0.43991649313097614,1.3286586944031769,0.9053397363802651,0,1,1,0,0,1,1,0,1,0,0,0,1,1
1659,-0.43991649313097614,-1.1552834925186746,-0.4572612137728389,1,0,1,0,0,1,0,1,0,1,1,0,0,0
3608,2.273158691738958,0.18848851024232702,-0.92253958699585,0,1,1,0,1,0,1,0,1,0,0,1,0,0
4677,2.273158691738958,-0.015113308357824713,-0.32432453570912145,1,0,1,0,0,1,1,0,1,0,1,0,0,0
607,-0.43991649313097614,1.6137012404433893,-1.4875204687666492,1,0,0,1,0,1,1,0,1,0,0,0,1,0
713,-0.43991649313097614,1.6137012404433893,0.07448549848203097,1,0,0,1,0,1,0,1,1,0,0,0,1,0
5151,2.273158691738958,0.880734693482843,-0.32432453570912145,0,1,1,0,1,0,1,0,1,0,1,0,0,0
4091,-0.43991649313097614,1.6137012404433893,0.5065297021891128,1,0,1,0,0,1,1,0,1,0,1,0,0,0
4870,-0.43991649313097614,-0.46303730927815856,0.008017159450172232,0,1,1,0,0,1,0,1,0,1,1,0,0,0
5840,-0.43991649313097614,1.3286586944031769,-0.19138785764540397,1,0,1,0,0,1,0,1,0,1,1,0,0,0
5870,-0.43991649313097614,1.4100994218432374,-0.15815368812947458,0,1,0,1,0,1,0,1,0,1,0,1,0,0
3592,-0.43991649313097614,0.7178532386027215,-1.3213496211870024,0,1,1,0,0,1,1,0,0,1,1,0,0,0
4954,-0.43991649313097614,-1.0331224013585834,-1.4875204687666492,0,1,1,0,0,1,1,0,1,0,0,0,1,0
896,-0.43991649313097614,0.10704778280226633,1.6032572962147817,1,0,1,0,0,1,0,1,0,1,1,0,0,0
2947,2.273158691738958,-1.1145631287986442,0.17418800702981907,0,1,1,0,0,1,0,1,0,1,1,0,0,1
2567,-0.43991649313097614,0.8400143297628127,-1.3545837907029317,0,1,1,0,0,1,0,1,1,0,0,0,1,0
5507,2.273158691738958,1.5322605130033284,1.3706181096032763,1,0,1,0,0,1,1,0,1,0,1,0,0,0
2847,-0.43991649313097614,1.0843365120829946,0.40682719364132464,0,1,0,1,0,1,1,0,1,0,1,0,0,0
6742,-0.43991649313097614,-1.2774445836787656,-1.4875204687666492,0,1,1,0,0,1,1,0,0,1,1,0,0,1
4882,-0.43991649313097614,-1.0331224013585834,1.0050422449280532,1,0,1,0,0,1,1,0,0,1,1,0,0,1
5885,-0.43991649313097614,-1.1960038562387048,-0.6234320613524857,1,0,1,0,0,1,1,0,1,0,0,1,0,0
6409,-0.43991649313097614,-1.2367242199587352,0.37359302412539525,0,1,1,0,0,1,0,1,0,1,0,0,1,1
2067,-0.43991649313097614,1.4915401492832983,-0.3575587052250508,0,1,1,0,0,1,0,1,1,0,0,0,1,0
5581,-0.43991649313097614,-0.5037576729981889,1.3706181096032763,1,0,0,1,0,1,1,0,1,0,0,1,0,1
1665,2.273158691738958,1.002895784642934,-0.32432453570912145,1,0,1,0,1,0,0,1,0,1,1,0,0,0
5741,2.273158691738958,-0.015113308357824713,0.5065297021891128,1,0,1,0,0,1,1,0,1,0,0,0,1,0
4080,2.273158691738958,0.5956921474426305,0.7059347192846889,0,1,1,0,0,1,0,1,0,1,1,0,0,1
3297,-0.43991649313097614,1.5729808767233588,0.6727005497687596,0,1,0,1,0,1,1,0,1,0,1,0,0,0
5543,-0.43991649313097614,0.6364125111626608,-0.6566662308684151,1,0,1,0,1,0,0,1,1,0,0,0,1,1
4154,-0.43991649313097614,1.6137012404433893,1.7361939742784993,0,1,0,1,0,1,1,0,1,0,0,1,0,0
3995,-0.43991649313097614,-1.1552834925186746,0.5397638717050421,0,1,0,1,0,1,0,1,0,1,0,1,0,1
3379,-0.43991649313097614,-1.2774445836787656,-0.6234320613524857,0,1,1,0,0,1,1,0,1,0,0,0,1,0
488,-0.43991649313097614,1.5322605130033284,-1.3213496211870024,0,1,1,0,0,1,0,1,1,0,0,0,1,0
3218,-0.43991649313097614,1.002895784642934,-1.4875204687666492,1,0,0,1,0,1,1,0,1,0,1,0,0,0
2355,-0.43991649313097614,1.6137012404433893,1.437086448635135,0,1,1,0,0,1,1,0,1,0,0,0,1,0
1273,2.273158691738958,1.2064976032430856,0.6394663802528302,1,0,1,0,0,1,1,0,1,0,1,0,0,0
6586,-0.43991649313097614,-1.1552834925186746,-1.4875204687666492,0,1,1,0,0,1,1,0,1,0,0,1,0,0
3193,-0.43991649313097614,-0.7073594915983407,-0.5237295528046976,1,0,1,0,0,1,1,0,1,0,0,0,1,0
5101,-0.43991649313097614,-0.0965540357978854,-0.29109036619319206,0,1,1,0,0,1,1,0,0,1,1,0,0,0
6598,2.273158691738958,-0.62591876415828,0.5729980412209714,0,1,1,0,0,1,1,0,1,0,1,0,0,1
5714,-0.43991649313097614,1.5729808767233588,1.6364914657307112,0,1,0,1,0,1,0,1,1,0,0,0,1,0
2259,2.273158691738958,-1.2367242199587352,-1.3545837907029317,0,1,1,0,1,0,1,0,1,0,0,1,0,1
5302,-0.43991649313097614,0.10704778280226633,-0.5237295528046976,0,1,1,0,1,0,0,1,0,1,1,0,0,0
4643,-0.43991649313097614,1.369379058123207,0.5065297021891128,0,1,0,1,0,1,1,0,1,0,0,0,1,0
3188,-0.43991649313097614,0.47353105628253944,-0.3575587052250508,0,1,1,0,1,0,1,0,0,1,1,0,0,1
6102,-0.43991649313097614,0.7178532386027215,0.9718080754121239,0,1,1,0,0,1,0,1,0,1,0,0,1,0
720,-0.43991649313097614,-1.1552834925186746,-1.4875204687666492,1,0,0,1,0,1,0,1,0,1,1,0,0,0
2738,-0.43991649313097614,-0.8295205827584317,-1.3213496211870024,1,0,0,1,0,1,0,1,0,1,0,1,0,0
573,-0.43991649313097614,0.6364125111626608,1.1712130925077,1,0,1,0,0,1,1,0,1,0,0,1,0,0
3724,-0.43991649313097614,-0.9924020376385531,-1.5207546382825785,0,1,0,1,0,1,1,0,1,0,1,0,0,0
2456,-0.43991649313097614,-0.30015585439803716,-0.32432453570912145,0,1,0,1,0,1,1,0,0,1,1,0,0,0
3536,-0.43991649313097614,1.6137012404433893,1.5035547876669937,0,1,1,0,0,1,0,1,0,1,0,0,1,0
6874,-0.43991649313097614,0.880734693482843,0.5065297021891128,0,1,0,1,0,1,0,1,1,0,0,0,1,0
2458,-0.43991649313097614,-1.0331224013585834,0.5397638717050421,1,0,1,0,0,1,1,0,0,1,0,1,0,0
2086,-0.43991649313097614,1.4508197855632678,0.7059347192846889,0,1,0,1,0,1,0,1,0,1,1,0,0,0
1326,-0.43991649313097614,0.025607055362205634,0.9385739058961945,0,1,1,0,0,1,1,0,0,1,1,0,0,0
4575,-0.43991649313097614,0.7992939660427822,-0.9890079260277087,1,0,1,0,1,0,0,1,0,1,0,1,0,0
6805,2.273158691738958,0.5956921474426305,0.6727005497687596,0,1,0,1,0,1,1,0,0,1,1,0,0,0
5429,-0.43991649313097614,1.002895784642934,-0.15815368812947458,0,1,1,0,0,1,1,0,0,1,1,0,0,0
1994,-0.43991649313097614,1.6137012404433893,1.2044472620236295,1,0,1,0,0,1,1,0,1,0,1,0,0,0
2327,-0.43991649313097614,-0.9109613101984924,-1.1551787736073555,0,1,1,0,1,0,0,1,0,1,0,1,0,1
5583,2.273158691738958,1.3286586944031769,1.3373839400873468,1,0,1,0,0,1,0,1,1,0,0,0,1,1
6993,-0.43991649313097614,1.6137012404433893,1.4703206181510644,1,0,1,0,0,1,0,1,0,1,0,1,0,1
5280,-0.43991649313097614,1.5322605130033284,1.1047447534758412,0,1,0,1,0,1,0,1,1,0,0,0,1,0
5938,-0.43991649313097614,-0.5851984004382496,0.5397638717050421,0,1,1,0,0,1,0,1,0,1,1,0,0,1
2960,-0.43991649313097614,-0.38159658183809786,-0.7896029089321326,0,1,0,1,1,0,0,1,0,1,1,0,0,0
6595,2.273158691738958,0.06632741908223598,0.37359302412539525,0,1,1,0,0,1,1,0,1,0,1,0,0,0
2897,-0.43991649313097614,0.025607055362205634,-0.15815368812947458,1,0,1,0,1,0,1,0,1,0,0,1,0,0
1545,2.273158691738958,0.43281069256250915,1.437086448635135,1,0,1,0,0,1,1,0,1,0,1,0,0,1
6200,-0.43991649313097614,-1.1552834925186746,-0.29109036619319206,1,0,1,0,0,1,1,0,0,1,1,0,0,0
6599,-0.43991649313097614,1.247217966963116,-0.7896029089321326,0,1,0,1,1,0,1,0,1,0,0,0,1,0
4145,-0.43991649313097614,-1.2367242199587352,-1.4875204687666492,1,0,1,0,0,1,0,1,0,1,1,0,0,0
2200,-0.43991649313097614,-0.015113308357824713,-0.3575587052250508,1,0,1,0,0,1,0,1,1,0,0,0,1,0
3476,-0.43991649313097614,-1.0331224013585834,0.20742217654574843,1,0,1,0,0,1,1,0,1,0,0,1,0,1
970,-0.43991649313097614,-0.2594354906780068,0.3403588546094659,0,1,1,0,0,1,0,1,0,1,1,0,0,0
1257,-0.43991649313097614,1.5322605130033284,1.7361939742784993,0,1,0,1,0,1,0,1,1,0,0,0,1,0
2546,2.273158691738958,-1.1960038562387048,0.7724030583165477,1,0,0,1,0,1,1,0,1,0,0,1,0,1
5973,2.273158691738958,0.10704778280226633,1.536788957182923,1,0,1,0,0,1,0,1,1,0,1,0,0,0
2659,-0.43991649313097614,1.247217966963116,0.5065297021891128,0,1,1,0,0,1,1,0,1,0,0,0,1,0
3304,-0.43991649313097614,-0.6666391278783103,0.10771966799796033,1,0,0,1,0,1,0,1,0,1,1,0,0,0
4849,-0.43991649313097614,1.369379058123207,0.3403588546094659,0,1,0,1,0,1,0,1,0,1,1,0,0,0
3122,-0.43991649313097614,1.5729808767233588,-1.3213496211870024,0,1,0,1,0,1,1,0,1,0,1,0,0,0
5116,-0.43991649313097614,1.5729808767233588,-1.4875204687666492,0,1,1,0,0,1,1,0,1,0,0,0,1,0
1900,-0.43991649313097614,-1.2774445836787656,0.40682719364132464,1,0,1,0,0,1,1,0,0,1,1,0,0,1
5005,-0.43991649313097614,1.002895784642934,-1.4875204687666492,1,0,0,1,0,1,0,1,0,1,1,0,0,0
682,2.273158691738958,-0.21871512695797646,0.3403588546094659,1,0,1,0,0,1,1,0,1,0,0,0,1,1
2832,-0.43991649313097614,-1.0331224013585834,0.3071246850935365,0,1,1,0,0,1,0,1,0,1,1,0,0,0
4330,-0.43991649313097614,-0.0965540357978854,-1.4875204687666492,1,0,1,0,0,1,0,1,0,1,1,0,0,1
5596,-0.43991649313097614,0.7178532386027215,-0.8228370784480619,1,0,1,0,1,0,1,0,1,0,1,0,0,0
5105,-0.43991649313097614,1.5322605130033284,1.5035547876669937,1,0,1,0,0,1,1,0,1,0,0,0,1,0
5796,-0.43991649313097614,1.5729808767233588,0.7059347192846889,0,1,1,0,0,1,0,1,0,1,1,0,0,0
1774,-0.43991649313097614,-0.13727439951791576,-1.4875204687666492,1,0,0,1,0,1,1,0,1,0,0,0,1,0
3005,-0.43991649313097614,-0.5851984004382496,-1.3213496211870024,0,1,1,0,1,0,1,0,0,1,1,0,0,0
1454,-0.43991649313097614,-0.7888002190384014,0.37359302412539525,1,0,1,0,0,1,1,0,0,1,1,0,0,0
7043,-0.43991649313097614,-0.2594354906780068,-1.4875204687666492,0,1,1,0,0,1,1,0,0,1,0,0,1,0
5828,-0.43991649313097614,-1.2774445836787656,0.5065297021891128,1,0,1,0,0,1,0,1,0,1,1,0,0,1
850,-0.43991649313097614,0.880734693482843,0.17418800702981907,0,1,1,0,0,1,0,1,1,0,0,0,1,0
5934,-0.43991649313097614,0.35136996512244845,1.6364914657307112,1,0,1,0,0,1,0,1,0,1,1,0,0,1
2237,2.273158691738958,-0.0965540357978854,0.8388713973484064,0,1,1,0,0,1,1,0,0,1,1,0,0,0
908,-0.43991649313097614,-0.5444780367182193,-1.3213496211870024,1,0,1,0,0,1,1,0,1,0,0,1,0,0
608,2.273158691738958,-0.1779947632379461,-0.8560712479639913,1,0,0,1,1,0,1,0,1,0,0,1,0,0
821,2.273158691738958,-1.0738427650786138,0.5397638717050421,0,1,1,0,0,1,0,1,0,1,1,0,0,0
5097,2.273158691738958,1.4915401492832983,1.5035547876669937,1,0,1,0,0,1,0,1,1,0,0,0,1,0
1520,-0.43991649313097614,-1.1145631287986442,1.0382764144439827,1,0,1,0,0,1,1,0,1,0,1,0,0,1
806,-0.43991649313097614,1.5322605130033284,1.2044472620236295,0,1,1,0,0,1,0,1,1,0,0,0,1,0
5435,-0.43991649313097614,-0.7073594915983407,0.7724030583165477,1,0,1,0,0,1,0,1,0,1,1,0,0,1
3149,-0.43991649313097614,-1.2367242199587352,0.17418800702981907,0,1,1,0,0,1,1,0,0,1,1,0,0,0
6824,-0.43991649313097614,-1.2367242199587352,-0.6566662308684151,1,0,1,0,1,0,1,0,1,0,1,0,0,1
3605,-0.43991649313097614,1.6137012404433893,-1.45428629925072,0,1,1,0,0,1,1,0,1,0,1,0,0,0
6095,2.273158691738958,-1.2774445836787656,0.17418800702981907,1,0,1,0,0,1,1,0,1,0,0,0,1,0
6715,-0.43991649313097614,0.6364125111626608,-1.4875204687666492,1,0,0,1,0,1,0,1,0,1,1,0,0,0
402,-0.43991649313097614,-1.1960038562387048,-0.4572612137728389,1,0,1,0,0,1,1,0,1,0,0,1,0,1
5986,-0.43991649313097614,-1.2367242199587352,0.6394663802528302,1,0,1,0,0,1,0,1,1,0,0,1,0,0
5208,-0.43991649313097614,-0.21871512695797646,-1.5207546382825785,0,1,0,1,0,1,1,0,1,0,1,0,0,0
5830,-0.43991649313097614,-0.9516816739185228,0.8721055668643357,1,0,1,0,0,1,1,0,1,0,0,1,0,1
2410,-0.43991649313097614,-1.2774445836787656,-1.5207546382825785,0,1,1,0,0,1,1,0,1,0,0,1,0,0
5426,-0.43991649313097614,-0.8295205827584317,-0.4572612137728389,1,0,1,0,0,1,0,1,0,1,1,0,0,0
2263,-0.43991649313097614,-0.5851984004382496,-1.4875204687666492,1,0,1,0,0,1,1,0,0,1,1,0,0,0
5565,-0.43991649313097614,0.5956921474426305,1.6032572962147817,0,1,0,1,0,1,0,1,1,0,0,0,1,0
2628,-0.43991649313097614,-0.055833672077855064,-0.15815368812947458,0,1,0,1,1,0,0,1,1,0,0,0,1,0
2232,-0.43991649313097614,0.43281069256250915,0.7059347192846889,0,1,1,0,0,1,1,0,0,1,1,0,0,0
152,-0.43991649313097614,0.35136996512244845,0.5065297021891128,1,0,1,0,0,1,0,1,0,1,1,0,0,0
581,-0.43991649313097614,-0.8295205827584317,-1.5207546382825785,1,0,1,0,0,1,1,0,1,0,1,0,0,0
4951,-0.43991649313097614,-0.13727439951791576,-0.22462202716133334,1,0,1,0,0,1,0,1,0,1,1,0,0,0
2491,-0.43991649313097614,0.6771328748826912,-1.5207546382825785,1,0,1,0,0,1,0,1,0,1,0,0,1,0
906,-0.43991649313097614,1.6137012404433893,-0.025217010065757134,1,0,0,1,1,0,0,1,0,1,1,0,0,0
5689,2.273158691738958,0.47353105628253944,0.6727005497687596,1,0,1,0,0,1,1,0,1,0,0,0,1,0
1385,-0.43991649313097614,0.758573602322752,-1.3213496211870024,0,1,1,0,0,1,1,0,0,1,1,0,0,0
3941,-0.43991649313097614,0.06632741908223598,0.805637227832477,0,1,1,0,0,1,1,0,1,0,1,0,0,0
2907,-0.43991649313097614,-1.1960038562387048,-1.1551787736073555,0,1,1,0,1,0,1,0,1,0,1,0,0,1
4011,-0.43991649313097614,1.0436161483629645,-1.3213496211870024,1,0,0,1,0,1,1,0,1,0,1,0,0,0
2909,-0.43991649313097614,0.025607055362205634,0.5065297021891128,1,0,1,0,0,1,0,1,0,1,1,0,0,0
2006,-0.43991649313097614,-0.6666391278783103,0.2738905155776072,1,0,0,1,0,1,0,1,0,1,0,1,0,0
3759,-0.43991649313097614,0.47353105628253944,-1.3213496211870024,0,1,0,1,0,1,1,0,1,0,1,0,0,0
6258,-0.43991649313097614,1.0843365120829946,0.1409538375138897,1,0,1,0,0,1,1,0,0,1,1,0,0,0
3541,2.273158691738958,-0.015113308357824713,0.7059347192846889,1,0,1,0,0,1,1,0,0,1,0,0,1,1
2079,-0.43991649313097614,0.47353105628253944,1.3706181096032763,0,1,1,0,0,1,1,0,1,0,0,1,0,0
3033,2.273158691738958,1.002895784642934,0.20742217654574843,0,1,1,0,0,1,1,0,1,0,0,0,1,0
2317,-0.43991649313097614,-1.1552834925186746,0.805637227832477,1,0,1,0,0,1,1,0,1,0,1,0,0,1
2375,-0.43991649313097614,-0.9924020376385531,-1.3545837907029317,0,1,0,1,0,1,1,0,1,0,1,0,0,0
1521,-0.43991649313097614,-1.1960038562387048,-0.6566662308684151,1,0,1,0,0,1,1,0,1,0,1,0,0,0
5464,-0.43991649313097614,-0.9109613101984924,-1.3545837907029317,1,0,1,0,0,1,1,0,1,0,1,0,0,0
1351,-0.43991649313097614,-1.1145631287986442,-1.3545837907029317,1,0,0,1,0,1,0,1,1,0,0,0,1,0
1092,2.273158691738958,0.5549717837226001,0.1409538375138897,1,0,1,0,0,1,1,0,1,0,0,1,0,0
6517,-0.43991649313097614,-0.8295205827584317,-1.4875204687666492,1,0,1,0,0,1,1,0,1,0,1,0,0,0
5265,2.273158691738958,0.5956921474426305,-0.15815368812947458,0,1,1,0,0,1,1,0,1,0,0,1,0,0
4488,-0.43991649313097614,-0.5444780367182193,-1.4875204687666492,1,0,0,1,0,1,0,1,1,0,0,1,0,0
6125,-0.43991649313097614,0.35136996512244845,0.3403588546094659,0,1,0,1,0,1,1,0,1,0,0,1,0,0
2447,-0.43991649313097614,-0.5851984004382496,0.37359302412539525,0,1,1,0,0,1,0,1,0,1,1,0,0,0
2389,-0.43991649313097614,-1.2774445836787656,-0.4572612137728389,0,1,1,0,0,1,1,0,1,0,1,0,0,1
455,-0.43991649313097614,-0.46303730927815856,0.8388713973484064,1,0,1,0,0,1,0,1,1,0,0,0,1,0
5576,-0.43991649313097614,1.6137012404433893,1.6364914657307112,0,1,0,1,0,1,0,1,1,0,0,1,0,0
3755,-0.43991649313097614,-0.748079855318371,-0.29109036619319206,1,0,1,0,0,1,1,0,1,0,1,0,0,0
330,-0.43991649313097614,0.9214550572028734,-1.4875204687666492,1,0,0,1,0,1,0,1,0,1,1,0,0,0
6929,-0.43991649313097614,-0.9516816739185228,0.9718080754121239,1,0,1,0,0,1,1,0,1,0,0,1,0,1
23,-0.43991649313097614,0.5549717837226001,0.5065297021891128,0,1,0,1,0,1,1,0,1,0,1,0,0,0
450,-0.43991649313097614,-0.8702409464784621,-0.12491951861354524,0,1,1,0,0,1,1,0,0,1,0,0,1,0
3501,2.273158691738958,0.6364125111626608,1.3041497705714176,1,0,0,1,0,1,0,1,0,1,0,1,0,0
5510,-0.43991649313097614,0.14776814652229667,1.0050422449280532,1,0,1,0,0,1,1,0,1,0,1,0,0,0
6086,-0.43991649313097614,0.6771328748826912,1.4038522791192056,1,0,1,0,0,1,0,1,1,0,1,0,0,0
6328,-0.43991649313097614,0.43281069256250915,-0.49049538328876824,1,0,0,1,0,1,1,0,0,1,0,1,0,0
2276,2.273158691738958,-1.2367242199587352,-0.2578561966772627,1,0,1,0,0,1,0,1,0,1,1,0,0,0
3034,-0.43991649313097614,1.5729808767233588,-0.5901978918365564,1,0,1,0,1,0,0,1,0,1,0,0,1,0
4724,-0.43991649313097614,0.35136996512244845,-1.45428629925072,1,0,1,0,0,1,1,0,0,1,1,0,0,0
2326,-0.43991649313097614,0.3106496014024181,0.3403588546094659,0,1,0,1,0,1,1,0,1,0,1,0,0,0
1266,-0.43991649313097614,-1.2774445836787656,-1.3545837907029317,1,0,1,0,1,0,1,0,0,1,0,1,0,0
6810,-0.43991649313097614,-1.2774445836787656,-1.4875204687666492,1,0,1,0,0,1,0,1,0,1,1,0,0,0
100,-0.43991649313097614,1.3286586944031769,0.8388713973484064,1,0,0,1,0,1,1,0,0,1,1,0,0,0
962,-0.43991649313097614,0.3920903288424788,-1.3213496211870024,1,0,1,0,0,1,1,0,1,0,0,1,0,0
6722,-0.43991649313097614,-1.2774445836787656,-0.49049538328876824,1,0,0,1,0,1,0,1,1,0,0,0,1,0
6947,-0.43991649313097614,0.3920903288424788,1.1712130925077,0,1,1,0,0,1,1,0,1,0,1,0,0,0
5767,-0.43991649313097614,0.47353105628253944,-0.3575587052250508,0,1,1,0,1,0,1,0,1,0,0,1,0,0
3623,-0.43991649313097614,-1.1552834925186746,-1.188412943123285,1,0,1,0,1,0,0,1,1,0,0,0,1,0
5405,-0.43991649313097614,-0.38159658183809786,-0.15815368812947458,0,1,0,1,0,1,1,0,0,1,0,1,0,0
3053,-0.43991649313097614,1.0843365120829946,0.008017159450172232,0,1,1,0,0,1,0,1,1,0,1,0,0,0
3008,-0.43991649313097614,0.8400143297628127,-1.4875204687666492,1,0,1,0,0,1,1,0,0,1,1,0,0,0
670,-0.43991649313097614,-0.4223169455581282,-0.49049538328876824,1,0,1,0,1,0,1,0,1,0,0,0,1,0
4032,-0.43991649313097614,-0.1779947632379461,-0.4572612137728389,0,1,0,1,1,0,0,1,0,1,0,0,1,0
5926,-0.43991649313097614,-1.1552834925186746,0.8721055668643357,0,1,1,0,0,1,0,1,1,0,0,1,0,0
5699,-0.43991649313097614,-0.30015585439803716,-1.4875204687666492,0,1,0,1,0,1,0,1,0,1,1,0,0,0
1737,-0.43991649313097614,-0.13727439951791576,-1.1219446040914263,1,0,1,0,1,0,1,0,1,0,1,0,0,1
158,2.273158691738958,-1.2367242199587352,0.47329553267318336,1,0,1,0,0,1,1,0,1,0,0,1,0,1
6013,-0.43991649313097614,-0.8702409464784621,0.5065297021891128,0,1,1,0,0,1,1,0,0,1,1,0,0,0
5019,-0.43991649313097614,-0.7073594915983407,-1.4875204687666492,1,0,1,0,0,1,1,0,1,0,0,0,1,0
397,-0.43991649313097614,-1.1552834925186746,0.7724030583165477,0,1,1,0,0,1,0,1,0,1,1,0,0,1
1999,2.273158691738958,1.6137012404433893,1.437086448635135,1,0,1,0,0,1,1,0,1,0,1,0,0,0
2996,-0.43991649313097614,-0.055833672077855064,-0.5237295528046976,1,0,1,0,0,1,1,0,1,0,1,0,0,0
2468,-0.43991649313097614,1.4915401492832983,-1.4875204687666492,1,0,0,1,0,1,0,1,0,1,0,1,0,0
820,-0.43991649313097614,1.4915401492832983,1.5035547876669937,1,0,1,0,0,1,0,1,0,1,0,0,1,0
1765,-0.43991649313097614,-0.13727439951791576,0.37359302412539525,1,0,1,0,0,1,0,1,1,0,0,0,1,0
4074,-0.43991649313097614,1.6137012404433893,-0.32432453570912145,0,1,0,1,0,1,1,0,1,0,1,0,0,0
410,-0.43991649313097614,-1.2774445836787656,0.20742217654574843,1,0,1,0,0,1,1,0,1,0,1,0,0,1
6143,2.273158691738958,-0.30015585439803716,1.270915601055488,1,0,1,0,0,1,0,1,1,0,1,0,0,1
1049,-0.43991649313097614,0.025607055362205634,0.47329553267318336,0,1,1,0,0,1,1,0,1,0,0,1,0,0
3548,-0.43991649313097614,-0.62591876415828,0.17418800702981907,1,0,1,0,0,1,0,1,1,0,0,0,1,0
5169,-0.43991649313097614,1.6137012404433893,1.6364914657307112,0,1,1,0,0,1,1,0,0,1,1,0,0,0
2061,-0.43991649313097614,-0.8295205827584317,0.3071246850935365,0,1,0,1,0,1,0,1,1,0,0,0,1,1
5740,-0.43991649313097614,0.025607055362205634,0.47329553267318336,1,0,0,1,0,1,0,1,0,1,0,0,1,0
3108,-0.43991649313097614,1.125056875803025,-1.4875204687666492,0,1,0,1,0,1,0,1,0,1,0,0,1,0
2088,-0.43991649313097614,-0.8702409464784621,-0.9557737565117794,1,0,1,0,1,0,1,0,1,0,1,0,0,0
375,-0.43991649313097614,-0.8295205827584317,0.47329553267318336,1,0,1,0,0,1,1,0,0,1,1,0,0,1
3320,-0.43991649313097614,1.6137012404433893,1.7029598047625698,1,0,1,0,0,1,1,0,1,0,1,0,0,0
6835,-0.43991649313097614,0.5956921474426305,-1.4875204687666492,1,0,1,0,0,1,1,0,1,0,0,0,1,0
1094,-0.43991649313097614,0.6771328748826912,1.1379789229917707,1,0,1,0,0,1,0,1,0,1,0,0,1,0
6226,-0.43991649313097614,1.4100994218432374,-0.3907928747409802,1,0,1,0,1,0,0,1,0,1,0,0,1,0
1781,-0.43991649313097614,-1.2774445836787656,0.1409538375138897,1,0,1,0,0,1,1,0,1,0,0,1,0,1
3932,2.273158691738958,-0.21871512695797646,0.5397638717050421,0,1,1,0,0,1,1,0,1,0,1,0,0,1
5361,-0.43991649313097614,1.4915401492832983,-0.6234320613524857,1,0,0,1,1,0,0,1,0,1,1,0,0,0
5440,2.273158691738958,0.10704778280226633,1.437086448635135,1,0,1,0,0,1,0,1,0,1,1,0,0,0
2353,-0.43991649313097614,-0.9924020376385531,-1.188412943123285,1,0,1,0,1,0,1,0,1,0,1,0,0,0
5670,-0.43991649313097614,-0.3408762181180675,-0.29109036619319206,0,1,1,0,0,1,1,0,0,1,0,1,0,1
5203,-0.43991649313097614,-1.2774445836787656,-1.3545837907029317,0,1,1,0,1,0,0,1,0,1,0,0,1,0
4665,2.273158691738958,1.3286586944031769,0.9718080754121239,1,0,1,0,0,1,0,1,0,1,1,0,0,0
2306,-0.43991649313097614,-0.748079855318371,-0.49049538328876824,0,1,1,0,0,1,0,1,0,1,1,0,0,0
268,-0.43991649313097614,-0.4223169455581282,-0.49049538328876824,1,0,1,0,0,1,1,0,0,1,1,0,0,0
2298,-0.43991649313097614,-0.9516816739185228,0.7059347192846889,0,1,1,0,0,1,0,1,0,1,0,1,0,0
701,-0.43991649313097614,0.7992939660427822,-0.0584511795816865,0,1,1,0,0,1,0,1,1,0,0,0,1,0
4057,-0.43991649313097614,0.5956921474426305,-1.4875204687666492,1,0,0,1,0,1,1,0,1,0,1,0,0,0
880,2.273158691738958,1.6137012404433893,1.3041497705714176,0,1,1,0,0,1,0,1,1,0,1,0,0,1
6119,-0.43991649313097614,0.3106496014024181,0.20742217654574843,0,1,1,0,0,1,0,1,0,1,0,0,1,0
6237,-0.43991649313097614,1.2064976032430856,-0.6899004003843444,1,0,1,0,1,0,0,1,0,1,1,0,0,0
2042,-0.43991649313097614,-0.5444780367182193,-0.29109036619319206,1,0,1,0,0,1,1,0,1,0,0,0,1,0
700,-0.43991649313097614,0.9214550572028734,0.6727005497687596,1,0,0,1,0,1,0,1,1,0,0,0,1,0
563,-0.43991649313097614,0.8400143297628127,-1.4875204687666492,1,0,1,0,0,1,1,0,1,0,1,0,0,0
3904,2.273158691738958,1.0843365120829946,0.6062322107369008,0,1,1,0,0,1,1,0,0,1,1,0,0,0
5000,-0.43991649313097614,-1.2774445836787656,-0.49049538328876824,1,0,0,1,0,1,1,0,1,0,0,0,1,1
6549,-0.43991649313097614,-1.2367242199587352,0.20742217654574843,1,0,1,0,0,1,1,0,1,0,1,0,0,1
5315,-0.43991649313097614,-0.015113308357824713,0.8721055668643357,0,1,0,1,0,1,1,0,1,0,0,0,1,0
963,-0.43991649313097614,-1.1960038562387048,0.3403588546094659,1,0,1,0,0,1,1,0,1,0,1,0,0,0
4433,-0.43991649313097614,-0.21871512695797646,-0.3907928747409802,1,0,1,0,0,1,1,0,1,0,0,0,1,0
5268,-0.43991649313097614,-0.9924020376385531,-0.3575587052250508,0,1,0,1,0,1,1,0,1,0,0,1,0,0
4538,2.273158691738958,-0.0965540357978854,0.3403588546094659,0,1,1,0,0,1,1,0,1,0,1,0,0,0
6267,-0.43991649313097614,0.26992923768238775,1.3706181096032763,0,1,1,0,0,1,0,1,0,1,1,0,0,0
223,-0.43991649313097614,0.3106496014024181,-1.4875204687666492,0,1,0,1,0,1,1,0,1,0,0,1,0,0
3142,-0.43991649313097614,0.9621754209229036,0.1409538375138897,1,0,0,1,0,1,1,0,0,1,1,0,0,0
3394,-0.43991649313097614,-0.3408762181180675,0.3071246850935365,0,1,1,0,0,1,0,1,0,1,0,0,1,0
6927,-0.43991649313097614,-1.2774445836787656,-0.6899004003843444,1,0,0,1,0,1,1,0,0,1,1,0,0,1
3262,-0.43991649313097614,-0.30015585439803716,0.7059347192846889,0,1,0,1,0,1,1,0,1,0,0,0,1,0
292,-0.43991649313097614,1.5729808767233588,-1.4875204687666492,0,1,0,1,0,1,1,0,1,0,0,1,0,0
1357,-0.43991649313097614,1.2879383306831464,-1.3213496211870024,1,0,0,1,0,1,0,1,0,1,1,0,0,0
4096,-0.43991649313097614,-0.9924020376385531,-1.4875204687666492,0,1,0,1,0,1,1,0,0,1,1,0,0,0
4716,-0.43991649313097614,-0.8295205827584317,0.5065297021891128,1,0,1,0,0,1,0,1,1,0,0,0,1,0
90,-0.43991649313097614,0.22920887396235737,-1.4875204687666492,1,0,1,0,0,1,1,0,1,0,1,0,0,0
4401,-0.43991649313097614,-0.7073594915983407,0.0412513289661016,1,0,0,1,0,1,1,0,1,0,1,0,0,0
2253,-0.43991649313097614,-0.30015585439803716,-0.3575587052250508,1,0,1,0,1,0,1,0,1,0,0,1,0,0
6420,-0.43991649313097614,-0.6666391278783103,0.805637227832477,1,0,0,1,0,1,0,1,0,1,1,0,0,1
401,-0.43991649313097614,-1.2774445836787656,-1.3213496211870024,0,1,0,1,1,0,1,0,1,0,0,1,0,1
4794,-0.43991649313097614,-1.1552834925186746,-1.3545837907029317,1,0,1,0,1,0,1,0,0,1,0,1,0,1
2385,-0.43991649313097614,-1.1145631287986442,0.6394663802528302,1,0,0,1,0,1,0,1,0,1,1,0,0,1
1039,-0.43991649313097614,-1.2774445836787656,0.47329553267318336,1,0,0,1,0,1,1,0,0,1,0,1,0,1
7001,2.273158691738958,-0.3408762181180675,-1.4875204687666492,1,0,1,0,0,1,1,0,1,0,0,1,0,0
379,-0.43991649313097614,-0.9924020376385531,0.9718080754121239,1,0,0,1,0,1,0,1,1,0,0,0,1,1
5552,-0.43991649313097614,-0.1779947632379461,0.8388713973484064,1,0,0,1,0,1,1,0,1,0,1,0,0,1
1458,-0.43991649313097614,0.5549717837226001,-0.3575587052250508,1,0,1,0,0,1,0,1,0,1,0,1,0,1
5202,-0.43991649313097614,1.0436161483629645,0.9718080754121239,0,1,0,1,0,1,1,0,1,0,0,1,0,0
5141,2.273158691738958,1.4508197855632678,-0.12491951861354524,1,0,1,0,0,1,1,0,0,1,1,0,0,0
2290,-0.43991649313097614,0.9621754209229036,-0.3907928747409802,0,1,1,0,0,1,0,1,0,1,0,0,1,0
6734,-0.43991649313097614,-1.2774445836787656,-1.5207546382825785,0,1,1,0,0,1,1,0,1,0,1,0,0,1
1642,2.273158691738958,-0.2594354906780068,-1.5207546382825785,0,1,1,0,0,1,0,1,1,0,0,0,1,0
229,-0.43991649313097614,-1.2774445836787656,0.3403588546094659,0,1,1,0,0,1,0,1,0,1,1,0,0,1
2043,2.273158691738958,-0.9516816739185228,0.3403588546094659,1,0,1,0,0,1,0,1,1,0,1,0,0,1
2055,-0.43991649313097614,-0.3408762181180675,0.8388713973484064,0,1,1,0,0,1,0,1,1,0,1,0,0,1
5193,-0.43991649313097614,1.4508197855632678,0.40682719364132464,0,1,1,0,0,1,1,0,1,0,0,0,1,0
4706,-0.43991649313097614,1.6137012404433893,0.8388713973484064,0,1,0,1,0,1,1,0,0,1,1,0,0,0
1231,-0.43991649313097614,-1.1960038562387048,-0.29109036619319206,0,1,0,1,0,1,0,1,0,1,1,0,0,0
4364,-0.43991649313097614,0.9621754209229036,-1.4875204687666492,0,1,1,0,0,1,0,1,0,1,1,0,0,0
3291,2.273158691738958,-0.1779947632379461,-0.9557737565117794,1,0,0,1,1,0,1,0,1,0,1,0,0,0
4648,-0.43991649313097614,-0.3408762181180675,0.7059347192846889,0,1,1,0,0,1,1,0,1,0,1,0,0,0
3043,-0.43991649313097614,1.2879383306831464,1.437086448635135,0,1,1,0,0,1,1,0,1,0,1,0,0,0
6405,-0.43991649313097614,-0.5444780367182193,-0.6566662308684151,1,0,1,0,1,0,0,1,0,1,0,0,1,1
5323,-0.43991649313097614,0.22920887396235737,0.5065297021891128,1,0,0,1,0,1,1,0,1,0,1,0,0,1
4185,-0.43991649313097614,-0.3408762181180675,-0.49049538328876824,0,1,1,0,0,1,0,1,0,1,1,0,0,0
4545,2.273158691738958,1.6137012404433893,-1.3213496211870024,0,1,1,0,0,1,1,0,0,1,1,0,0,0
6169,-0.43991649313097614,1.4508197855632678,0.2738905155776072,0,1,0,1,0,1,1,0,0,1,1,0,0,0
192,2.273158691738958,1.6137012404433893,0.6394663802528302,0,1,1,0,0,1,1,0,0,1,1,0,0,0
6343,-0.43991649313097614,-1.2774445836787656,0.37359302412539525,1,0,1,0,0,1,0,1,0,1,1,0,0,0
5136,-0.43991649313097614,-0.7073594915983407,-0.4240270442569095,0,1,1,0,0,1,1,0,1,0,1,0,0,1
3116,2.273158691738958,-0.9924020376385531,0.3071246850935365,1,0,1,0,0,1,0,1,0,1,1,0,0,0
2955,-0.43991649313097614,-0.9516816739185228,0.5065297021891128,0,1,1,0,0,1,0,1,0,1,1,0,0,1
5927,-0.43991649313097614,-0.9924020376385531,-1.4875204687666492,1,0,1,0,0,1,1,0,1,0,1,0,0,0
2348,2.273158691738958,-0.13727439951791576,0.47329553267318336,0,1,1,0,0,1,0,1,1,0,0,1,0,0
5044,2.273158691738958,-0.3408762181180675,0.47329553267318336,0,1,1,0,0,1,0,1,0,1,1,0,0,1
3114,2.273158691738958,0.7178532386027215,1.0382764144439827,0,1,1,0,0,1,0,1,0,1,1,0,0,1
7022,-0.43991649313097614,-0.015113308357824713,-0.9557737565117794,0,1,0,1,1,0,1,0,1,0,0,1,0,0
2481,-0.43991649313097614,0.22920887396235737,-1.3213496211870024,0,1,0,1,0,1,0,1,0,1,1,0,0,0
2486,-0.43991649313097614,1.369379058123207,0.6394663802528302,0,1,0,1,0,1,0,1,0,1,1,0,0,0
3897,-0.43991649313097614,1.4915401492832983,-1.288115451671073,0,1,0,1,0,1,1,0,1,0,0,1,0,0
1770,-0.43991649313097614,1.6137012404433893,0.9053397363802651,0,1,0,1,0,1,0,1,0,1,1,0,0,0
6698,-0.43991649313097614,-0.5444780367182193,-0.22462202716133334,1,0,1,0,0,1,0,1,1,0,0,1,0,0
328,-0.43991649313097614,1.4915401492832983,0.47329553267318336,0,1,0,1,0,1,1,0,0,1,1,0,0,0
5417,-0.43991649313097614,1.5729808767233588,-0.556963722320627,1,0,1,0,1,0,1,0,0,1,0,1,0,0
4910,-0.43991649313097614,1.6137012404433893,0.6394663802528302,0,1,0,1,0,1,1,0,1,0,0,0,1,0
5145,-0.43991649313097614,-0.30015585439803716,0.3071246850935365,0,1,1,0,0,1,1,0,1,0,1,0,0,0
6603,-0.43991649313097614,-1.0738427650786138,-1.4875204687666492,1,0,0,1,0,1,0,1,0,1,1,0,0,0
5807,-0.43991649313097614,-0.7888002190384014,1.071510583959912,0,1,0,1,0,1,1,0,1,0,1,0,0,0
5018,-0.43991649313097614,0.10704778280226633,-0.32432453570912145,0,1,1,0,0,1,1,0,1,0,0,1,0,1
4101,-0.43991649313097614,-0.9109613101984924,-1.4875204687666492,1,0,1,0,0,1,1,0,1,0,0,0,1,0
4340,-0.43991649313097614,1.6137012404433893,1.3706181096032763,1,0,1,0,0,1,0,1,1,0,0,1,0,0
2751,-0.43991649313097614,1.4508197855632678,-1.4875204687666492,0,1,0,1,0,1,1,0,1,0,0,1,0,0
1338,2.273158691738958,-1.2774445836787656,0.8721055668643357,1,0,1,0,0,1,1,0,1,0,0,0,1,1
3754,-0.43991649313097614,-0.13727439951791576,-1.288115451671073,1,0,0,1,0,1,1,0,1,0,1,0,0,0
1647,-0.43991649313097614,0.025607055362205634,-0.8560712479639913,0,1,1,0,1,0,0,1,1,0,0,1,0,0
545,-0.43991649313097614,1.4915401492832983,1.3041497705714176,1,0,1,0,0,1,1,0,1,0,1,0,0,0
1373,-0.43991649313097614,-0.62591876415828,0.6394663802528302,1,0,1,0,0,1,1,0,0,1,1,0,0,0
3369,-0.43991649313097614,-0.9516816739185228,0.2738905155776072,1,0,0,1,0,1,0,1,0,1,0,1,0,1
665,2.273158691738958,-1.2774445836787656,-1.288115451671073,1,0,1,0,1,0,1,0,1,0,0,0,1,1
190,-0.43991649313097614,0.35136996512244845,-0.29109036619319206,1,0,1,0,0,1,0,1,1,0,1,0,0,0
1855,-0.43991649313097614,-0.4223169455581282,-0.19138785764540397,1,0,1,0,0,1,1,0,1,0,1,0,0,0
3571,-0.43991649313097614,-0.7888002190384014,0.9718080754121239,1,0,1,0,0,1,1,0,1,0,0,0,1,1
6838,2.273158691738958,1.2064976032430856,0.5065297021891128,1,0,1,0,0,1,1,0,0,1,1,0,0,0
6497,-0.43991649313097614,-1.1552834925186746,-0.4572612137728389,1,0,0,1,0,1,0,1,0,1,1,0,0,1
4234,-0.43991649313097614,-0.8295205827584317,-1.5207546382825785,1,0,1,0,0,1,1,0,1,0,0,0,1,0
5687,-0.43991649313097614,1.6137012404433893,0.008017159450172232,0,1,0,1,1,0,1,0,0,1,1,0,0,0
2556,-0.43991649313097614,-1.2774445836787656,-1.4875204687666492,0,1,1,0,0,1,1,0,1,0,1,0,0,1
690,2.273158691738958,1.5322605130033284,0.37359302412539525,1,0,1,0,0,1,0,1,0,1,1,0,0,0
1572,-0.43991649313097614,-1.2367242199587352,-1.4875204687666492,1,0,0,1,0,1,1,0,1,0,1,0,0,0
3834,-0.43991649313097614,-0.1779947632379461,0.6062322107369008,1,0,0,1,0,1,0,1,1,0,1,0,0,0
1101,-0.43991649313097614,-1.1552834925186746,-0.6566662308684151,1,0,1,0,0,1,0,1,1,0,1,0,0,1
74,-0.43991649313097614,-0.7888002190384014,1.071510583959912,0,1,0,1,0,1,0,1,1,0,0,0,1,1
5043,2.273158691738958,0.6771328748826912,0.7724030583165477,0,1,1,0,0,1,1,0,1,0,0,1,0,0
370,-0.43991649313097614,-1.2774445836787656,0.47329553267318336,1,0,0,1,0,1,0,1,0,1,0,0,1,1
22,-0.43991649313097614,-1.2774445836787656,-1.5207546382825785,1,0,0,1,0,1,1,0,1,0,0,1,0,0
5975,-0.43991649313097614,-0.9924020376385531,1.1712130925077,1,0,1,0,0,1,1,0,1,0,1,0,0,1
3038,2.273158691738958,-0.7073594915983407,1.0382764144439827,0,1,1,0,0,1,1,0,1,0,0,1,0,0
2867,-0.43991649313097614,-1.1552834925186746,0.20742217654574843,1,0,1,0,0,1,1,0,0,1,1,0,0,1
1889,-0.43991649313097614,-1.1960038562387048,1.2376814315395588,0,1,1,0,0,1,1,0,1,0,0,1,0,1
4783,-0.43991649313097614,1.5729808767233588,-0.3575587052250508,0,1,1,0,0,1,1,0,0,1,1,0,0,0
4767,-0.43991649313097614,-1.1960038562387048,0.9053397363802651,1,0,1,0,0,1,0,1,0,1,0,0,1,1
6380,-0.43991649313097614,-1.1145631287986442,0.8388713973484064,0,1,0,1,0,1,0,1,0,1,1,0,0,0
6525,-0.43991649313097614,0.35136996512244845,-1.4875204687666492,1,0,1,0,0,1,0,1,0,1,1,0,0,0
1831,-0.43991649313097614,-1.2367242199587352,-0.6899004003843444,0,1,0,1,0,1,1,0,1,0,0,0,1,0
4756,-0.43991649313097614,-1.2774445836787656,0.47329553267318336,1,0,1,0,0,1,1,0,0,1,1,0,0,1
1237,-0.43991649313097614,1.2879383306831464,0.17418800702981907,0,1,1,0,0,1,0,1,0,1,1,0,0,0
4696,-0.43991649313097614,1.5729808767233588,1.3041497705714176,0,1,1,0,0,1,1,0,1,0,0,1,0,0
254,-0.43991649313097614,1.1657772395230555,0.805637227832477,1,0,1,0,0,1,0,1,1,0,0,1,0,0
1804,-0.43991649313097614,1.369379058123207,0.3403588546094659,0,1,1,0,0,1,1,0,1,0,0,0,1,0
771,-0.43991649313097614,1.2879383306831464,-0.15815368812947458,0,1,0,1,1,0,1,0,1,0,1,0,0,0
1877,-0.43991649313097614,1.5322605130033284,1.5700231266988525,1,0,1,0,0,1,0,1,0,1,0,1,0,0
3308,-0.43991649313097614,1.0436161483629645,0.07448549848203097,1,0,0,1,0,1,0,1,1,0,0,0,1,0
1635,-0.43991649313097614,-1.2774445836787656,0.37359302412539525,1,0,1,0,0,1,1,0,1,0,0,0,1,1
6150,-0.43991649313097614,0.22920887396235737,-1.5207546382825785,1,0,1,0,0,1,1,0,1,0,0,1,0,0
1759,-0.43991649313097614,-0.13727439951791576,0.20742217654574843,0,1,1,0,0,1,1,0,1,0,0,0,1,0
6413,-0.43991649313097614,-1.2367242199587352,1.071510583959912,0,1,0,1,0,1,1,0,0,1,0,0,1,0
6723,-0.43991649313097614,-0.9924020376385531,0.0412513289661016,1,0,1,0,0,1,0,1,0,1,0,1,0,0
4516,-0.43991649313097614,-1.2774445836787656,0.1409538375138897,0,1,1,0,0,1,1,0,0,1,1,0,0,1
5945,-0.43991649313097614,0.5956921474426305,1.0382764144439827,0,1,0,1,0,1,1,0,1,0,1,0,0,0
6464,-0.43991649313097614,0.35136996512244845,-1.5207546382825785,1,0,0,1,0,1,0,1,1,0,0,1,0,0
1144,-0.43991649313097614,1.6137012404433893,-0.6566662308684151,0,1,0,1,1,0,0,1,1,0,1,0,0,0
2761,-0.43991649313097614,1.0436161483629645,0.9385739058961945,0,1,0,1,0,1,1,0,1,0,0,1,0,0
1395,2.273158691738958,-1.1552834925186746,0.3071246850935365,1,0,1,0,0,1,0,1,0,1,0,1,0,0
5623,-0.43991649313097614,-1.1552834925186746,0.3403588546094659,0,1,1,0,0,1,0,1,0,1,1,0,0,1
2978,-0.43991649313097614,-0.3408762181180675,0.1409538375138897,1,0,1,0,0,1,1,0,1,0,1,0,0,0
1375,-0.43991649313097614,-0.2594354906780068,-0.49049538328876824,1,0,0,1,0,1,1,0,1,0,0,0,1,0
441,-0.43991649313097614,1.5729808767233588,0.8721055668643357,0,1,0,1,0,1,0,1,0,1,1,0,0,0
3309,-0.43991649313097614,-1.2774445836787656,0.805637227832477,0,1,1,0,0,1,0,1,1,0,0,0,1,0
1921,-0.43991649313097614,-0.38159658183809786,0.17418800702981907,1,0,0,1,0,1,1,0,1,0,1,0,0,0
3479,-0.43991649313097614,0.9621754209229036,0.37359302412539525,0,1,1,0,0,1,0,1,1,0,0,1,0,0
2795,-0.43991649313097614,-0.21871512695797646,0.5065297021891128,0,1,0,1,0,1,1,0,1,0,1,0,0,1
6318,-0.43991649313097614,-1.1552834925186746,-1.4875204687666492,1,0,0,1,0,1,0,1,0,1,1,0,0,1
5467,-0.43991649313097614,1.002895784642934,-0.3575587052250508,0,1,1,0,1,0,1,0,1,0,0,1,0,0
2381,-0.43991649313097614,-0.13727439951791576,-1.3213496211870024,0,1,1,0,1,0,0,1,0,1,1,0,0,0
5643,-0.43991649313097614,-0.9516816739185228,-0.7896029089321326,1,0,1,0,1,0,1,0,1,0,0,1,0,0
3748,-0.43991649313097614,0.880734693482843,0.7059347192846889,1,0,0,1,0,1,0,1,1,0,1,0,0,0
6275,-0.43991649313097614,-0.0965540357978854,0.6727005497687596,1,0,1,0,0,1,0,1,0,1,0,1,0,1
2720,-0.43991649313097614,-0.8702409464784621,1.2044472620236295,1,0,1,0,0,1,1,0,1,0,0,0,1,1
4519,-0.43991649313097614,-0.38159658183809786,-1.3213496211870024,1,0,0,1,0,1,0,1,0,1,1,0,0,0
28,-0.43991649313097614,-0.13727439951791576,-0.15815368812947458,0,1,0,1,0,1,1,0,1,0,1,0,0,0
3693,-0.43991649313097614,-0.7073594915983407,1.2044472620236295,0,1,1,0,0,1,0,1,1,0,1,0,0,1
63,-0.43991649313097614,-0.8702409464784621,-1.45428629925072,0,1,0,1,0,1,1,0,1,0,0,0,1,0
5375,-0.43991649313097614,0.7178532386027215,-1.3213496211870024,0,1,0,1,0,1,0,1,0,1,1,0,0,0
4267,2.273158691738958,-1.2774445836787656,-1.3213496211870024,1,0,1,0,1,0,0,1,0,1,0,1,0,1
872,-0.43991649313097614,1.1657772395230555,1.6364914657307112,0,1,1,0,0,1,1,0,0,1,0,1,0,0
2437,2.273158691738958,-0.46303730927815856,0.9718080754121239,1,0,1,0,0,1,1,0,0,1,1,0,0,1
658,2.273158691738958,1.2879383306831464,-1.3545837907029317,0,1,0,1,0,1,1,0,1,0,0,1,0,0
1761,2.273158691738958,0.8400143297628127,0.3071246850935365,1,0,1,0,0,1,0,1,1,0,0,1,0,0
5511,-0.43991649313097614,1.002895784642934,-0.19138785764540397,1,0,1,0,1,0,1,0,0,1,1,0,0,0
2273,-0.43991649313097614,-0.21871512695797646,0.1409538375138897,0,1,1,0,0,1,1,0,1,0,1,0,0,0
5977,-0.43991649313097614,-0.46303730927815856,1.3373839400873468,1,0,1,0,0,1,1,0,1,0,1,0,0,0
4430,2.273158691738958,-1.0331224013585834,1.0050422449280532,0,1,1,0,0,1,0,1,1,0,0,0,1,1
6348,-0.43991649313097614,-0.30015585439803716,0.37359302412539525,0,1,0,1,0,1,1,0,0,1,1,0,0,0
2124,2.273158691738958,1.2064976032430856,1.3041497705714176,0,1,1,0,0,1,0,1,0,1,1,0,0,1
3772,-0.43991649313097614,0.6771328748826912,1.1047447534758412,0,1,0,1,0,1,1,0,0,1,1,0,0,0
4281,-0.43991649313097614,-0.9924020376385531,-1.4875204687666492,0,1,0,1,0,1,1,0,1,0,0,0,1,0
5956,-0.43991649313097614,-1.2367242199587352,-1.4875204687666492,0,1,1,0,0,1,1,0,1,0,0,0,1,0
1859,-0.43991649313097614,-1.1552834925186746,-1.4875204687666492,1,0,1,0,0,1,1,0,0,1,1,0,0,0
217,-0.43991649313097614,0.8400143297628127,0.008017159450172232,0,1,0,1,0,1,1,0,1,0,0,0,1,0
6162,-0.43991649313097614,-0.4223169455581282,-1.3213496211870024,0,1,1,0,0,1,1,0,0,1,1,0,0,0
4053,2.273158691738958,-0.46303730927815856,0.7391688888006183,0,1,1,0,0,1,1,0,1,0,1,0,0,0
2689,-0.43991649313097614,-1.2774445836787656,-1.4875204687666492,1,0,1,0,0,1,0,1,0,1,1,0,0,0
6881,2.273158691738958,1.5729808767233588,1.1379789229917707,1,0,1,0,0,1,0,1,1,0,0,0,1,0
3530,-0.43991649313097614,-0.748079855318371,0.7391688888006183,1,0,0,1,0,1,1,0,0,1,1,0,0,1
5764,-0.43991649313097614,-1.1552834925186746,-1.4875204687666492,0,1,1,0,0,1,1,0,0,1,1,0,0,0
2071,2.273158691738958,-0.748079855318371,0.3403588546094659,0,1,1,0,0,1,0,1,1,0,1,0,0,1
4206,2.273158691738958,0.7178532386027215,1.0050422449280532,1,0,1,0,0,1,0,1,1,0,0,0,1,1
2429,-0.43991649313097614,-0.21871512695797646,0.5397638717050421,0,1,1,0,0,1,0,1,0,1,1,0,0,0
4162,-0.43991649313097614,-0.4223169455581282,0.3403588546094659,0,1,0,1,0,1,1,0,1,0,1,0,0,0
4009,-0.43991649313097614,-1.1552834925186746,0.47329553267318336,1,0,0,1,0,1,1,0,1,0,0,1,0,0
3671,-0.43991649313097614,0.3920903288424788,0.10771966799796033,1,0,1,0,0,1,0,1,1,0,1,0,0,0
4718,2.273158691738958,-0.3408762181180675,1.270915601055488,0,1,1,0,0,1,0,1,0,1,0,1,0,1
6044,-0.43991649313097614,-1.2774445836787656,-0.6899004003843444,1,0,1,0,0,1,1,0,1,0,1,0,0,1
2116,-0.43991649313097614,-0.7888002190384014,-1.5207546382825785,0,1,1,0,0,1,0,1,0,1,0,0,1,0
5882,-0.43991649313097614,-0.015113308357824713,-1.4875204687666492,0,1,1,0,0,1,1,0,1,0,0,1,0,0
3629,-0.43991649313097614,1.002895784642934,-1.4875204687666492,0,1,0,1,0,1,1,0,1,0,1,0,0,0
5951,-0.43991649313097614,1.125056875803025,1.7361939742784993,0,1,1,0,0,1,1,0,1,0,1,0,0,0
334,2.273158691738958,-1.1145631287986442,0.8388713973484064,0,1,1,0,0,1,0,1,0,1,1,0,0,1
3009,2.273158691738958,0.47353105628253944,0.3071246850935365,0,1,1,0,0,1,1,0,1,0,0,1,0,0
6073,2.273158691738958,1.3286586944031769,1.3706181096032763,1,0,1,0,0,1,1,0,1,0,1,0,0,0
1364,-0.43991649313097614,-1.2774445836787656,-1.5207546382825785,0,1,1,0,0,1,0,1,1,0,0,0,1,0
5847,-0.43991649313097614,-0.5037576729981889,0.20742217654574843,0,1,1,0,0,1,0,1,0,1,1,0,0,0
99,2.273158691738958,-0.7888002190384014,1.0050422449280532,0,1,1,0,0,1,1,0,1,0,0,0,1,1
4229,2.273158691738958,0.7992939660427822,1.536788957182923,0,1,1,0,0,1,1,0,0,1,1,0,0,0
6390,2.273158691738958,1.4508197855632678,-0.3907928747409802,1,0,0,1,1,0,1,0,1,0,0,0,1,0
1615,-0.43991649313097614,-0.7073594915983407,0.9718080754121239,1,0,1,0,0,1,1,0,1,0,0,0,1,0
2980,-0.43991649313097614,1.6137012404433893,1.7029598047625698,1,0,0,1,0,1,1,0,1,0,0,1,0,0
4473,-0.43991649313097614,1.0843365120829946,-0.9890079260277087,0,1,0,1,1,0,1,0,0,1,0,0,1,0
1754,-0.43991649313097614,-1.2774445836787656,-0.9890079260277087,0,1,1,0,1,0,0,1,0,1,0,0,1,1
5536,-0.43991649313097614,0.5956921474426305,1.1712130925077,1,0,1,0,0,1,0,1,1,0,0,0,1,0
3164,2.273158691738958,-0.5851984004382496,-0.49049538328876824,1,0,1,0,0,1,0,1,0,1,1,0,0,0
6921,-0.43991649313097614,-0.8702409464784621,-1.4875204687666492,0,1,1,0,0,1,1,0,1,0,0,0,1,0
5970,-0.43991649313097614,0.3920903288424788,1.1379789229917707,0,1,1,0,0,1,1,0,0,1,1,0,0,1
5500,-0.43991649313097614,-0.6666391278783103,0.805637227832477,0,1,1,0,0,1,1,0,0,1,1,0,0,1
5663,-0.43991649313097614,-1.2774445836787656,-1.3545837907029317,0,1,1,0,1,0,1,0,0,1,1,0,0,1
5359,-0.43991649313097614,0.43281069256250915,1.1712130925077,0,1,1,0,0,1,1,0,1,0,1,0,0,1
530,2.273158691738958,0.8400143297628127,1.0382764144439827,1,0,1,0,0,1,0,1,0,1,0,0,1,0
3855,-0.43991649313097614,-0.9109613101984924,0.7059347192846889,0,1,1,0,0,1,0,1,0,1,1,0,0,1
555,-0.43991649313097614,0.7992939660427822,1.4703206181510644,0,1,1,0,0,1,0,1,0,1,1,0,0,0
5433,-0.43991649313097614,-0.9924020376385531,-1.5207546382825785,1,0,0,1,0,1,1,0,1,0,1,0,0,0
3366,-0.43991649313097614,0.025607055362205634,-1.4875204687666492,1,0,0,1,0,1,1,0,1,0,0,0,1,0
2816,-0.43991649313097614,1.4508197855632678,-0.3575587052250508,0,1,1,0,1,0,1,0,0,1,1,0,0,0
6607,2.273158691738958,0.9621754209229036,1.5700231266988525,1,0,1,0,0,1,0,1,0,1,1,0,0,1
5064,-0.43991649313097614,1.6137012404433893,0.6727005497687596,1,0,1,0,0,1,0,1,0,1,1,0,0,0
6007,-0.43991649313097614,1.1657772395230555,1.2044472620236295,1,0,1,0,0,1,1,0,1,0,1,0,0,0
4304,-0.43991649313097614,1.1657772395230555,-1.4875204687666492,1,0,0,1,0,1,0,1,1,0,0,0,1,0
5558,-0.43991649313097614,-0.5037576729981889,-0.4240270442569095,0,1,1,0,0,1,1,0,0,1,1,0,0,0
2746,-0.43991649313097614,-1.1960038562387048,-1.4875204687666492,1,0,0,1,0,1,0,1,0,1,1,0,0,0
1814,2.273158691738958,0.7178532386027215,1.2376814315395588,0,1,1,0,0,1,1,0,1,0,1,0,0,0
4858,-0.43991649313097614,-0.62591876415828,-1.4875204687666492,0,1,1,0,0,1,1,0,1,0,1,0,0,0
5316,-0.43991649313097614,1.4100994218432374,1.7029598047625698,0,1,1,0,0,1,1,0,1,0,1,0,0,1
5475,-0.43991649313097614,-0.8702409464784621,-0.3575587052250508,1,0,1,0,0,1,0,1,0,1,1,0,0,0
1724,-0.43991649313097614,1.125056875803025,-0.8893054174799206,1,0,1,0,1,0,1,0,1,0,0,0,1,0
5070,2.273158691738958,-0.015113308357824713,0.3403588546094659,0,1,1,0,0,1,0,1,0,1,1,0,0,1
4255,-0.43991649313097614,1.5729808767233588,1.3706181096032763,0,1,0,1,0,1,0,1,0,1,1,0,0,1
6324,2.273158691738958,0.22920887396235737,-0.2578561966772627,1,0,1,0,0,1,0,1,0,1,0,1,0,1
3068,-0.43991649313097614,1.6137012404433893,1.1047447534758412,0,1,0,1,0,1,1,0,0,1,1,0,0,0
1948,-0.43991649313097614,1.2879383306831464,0.9385739058961945,1,0,0,1,0,1,0,1,0,1,0,1,0,0
5381,-0.43991649313097614,-1.1552834925186746,0.3071246850935365,0,1,1,0,0,1,1,0,0,1,1,0,0,1
1056,-0.43991649313097614,-0.3408762181180675,-1.3545837907029317,0,1,0,1,0,1,1,0,1,0,0,1,0,0
5974,-0.43991649313097614,1.6137012404433893,0.8388713973484064,0,1,0,1,0,1,0,1,0,1,0,0,1,0
3458,2.273158691738958,0.880734693482843,1.1379789229917707,0,1,1,0,0,1,1,0,1,0,1,0,0,0
2908,-0.43991649313097614,-0.4223169455581282,-0.6899004003843444,0,1,1,0,1,0,1,0,0,1,1,0,0,1
3296,-0.43991649313097614,-0.5444780367182193,-1.4875204687666492,1,0,0,1,0,1,0,1,1,0,0,0,1,0
3202,-0.43991649313097614,0.10704778280226633,-1.4875204687666492,1,0,0,1,0,1,0,1,1,0,0,0,1,0
155,-0.43991649313097614,0.10704778280226633,1.0382764144439827,0,1,1,0,0,1,1,0,1,0,1,0,0,0
332,-0.43991649313097614,-1.1145631287986442,-1.5207546382825785,0,1,1,0,0,1,1,0,1,0,0,1,0,0
687,-0.43991649313097614,-0.38159658183809786,0.47329553267318336,1,0,1,0,0,1,0,1,1,0,0,1,0,0
3740,-0.43991649313097614,-0.3408762181180675,-1.3213496211870024,0,1,1,0,0,1,0,1,1,0,0,1,0,0
6371,-0.43991649313097614,0.22920887396235737,0.6727005497687596,0,1,0,1,0,1,0,1,0,1,1,0,0,0
6304,-0.43991649313097614,0.18848851024232702,-1.4875204687666492,0,1,0,1,0,1,0,1,0,1,0,0,1,0
5162,-0.43991649313097614,-1.2774445836787656,-1.5207546382825785,1,0,0,1,0,1,1,0,1,0,1,0,0,0
3620,-0.43991649313097614,-0.9924020376385531,-1.4875204687666492,1,0,0,1,0,1,1,0,1,0,0,0,1,0
1838,-0.43991649313097614,0.3106496014024181,1.3041497705714176,0,1,1,0,0,1,1,0,1,0,1,0,0,1
5407,-0.43991649313097614,-1.1960038562387048,0.6394663802528302,0,1,1,0,0,1,0,1,0,1,0,0,1,0
1228,-0.43991649313097614,1.5729808767233588,-1.3545837907029317,1,0,1,0,0,1,0,1,0,1,0,1,0,0
2003,-0.43991649313097614,0.880734693482843,-1.4875204687666492,1,0,1,0,0,1,1,0,1,0,0,0,1,0
4853,-0.43991649313097614,-1.2774445836787656,-0.6566662308684151,0,1,1,0,0,1,1,0,1,0,0,0,1,0
4981,-0.43991649313097614,-1.2774445836787656,-0.6234320613524857,1,0,0,1,0,1,0,1,1,0,0,1,0,1
3896,-0.43991649313097614,-0.0965540357978854,1.1712130925077,1,0,0,1,0,1,0,1,1,0,0,0,1,1
4442,-0.43991649313097614,-1.2774445836787656,-1.3213496211870024,1,0,0,1,0,1,1,0,1,0,0,0,1,0
3788,-0.43991649313097614,-0.2594354906780068,-0.9890079260277087,1,0,1,0,1,0,1,0,0,1,1,0,0,0
511,-0.43991649313097614,0.9621754209229036,-0.15815368812947458,1,0,1,0,0,1,1,0,0,1,0,1,0,0
3413,-0.43991649313097614,-1.1552834925186746,0.40682719364132464,1,0,1,0,0,1,1,0,1,0,0,0,1,1
4018,-0.43991649313097614,-0.5851984004382496,0.3071246850935365,0,1,1,0,0,1,0,1,1,0,0,1,0,0
6045,-0.43991649313097614,0.18848851024232702,-1.4875204687666492,1,0,1,0,0,1,0,1,0,1,1,0,0,0
2714,2.273158691738958,-0.30015585439803716,1.1047447534758412,1,0,1,0,0,1,1,0,1,0,1,0,0,1
4381,-0.43991649313097614,-0.015113308357824713,-1.4875204687666492,0,1,1,0,0,1,1,0,1,0,0,0,1,0
6294,-0.43991649313097614,1.247217966963116,0.5397638717050421,1,0,1,0,0,1,1,0,1,0,0,0,1,0
3018,-0.43991649313097614,-1.1960038562387048,-1.45428629925072,1,0,0,1,0,1,1,0,1,0,0,1,0,0
6408,-0.43991649313097614,1.0843365120829946,1.6364914657307112,0,1,1,0,0,1,1,0,1,0,0,1,0,0
1725,-0.43991649313097614,-0.3408762181180675,-1.4875204687666492,0,1,0,1,0,1,0,1,0,1,1,0,0,0
2367,-0.43991649313097614,-0.015113308357824713,-1.5207546382825785,0,1,0,1,0,1,1,0,0,1,1,0,0,0
6852,-0.43991649313097614,-0.6666391278783103,-1.4875204687666492,1,0,1,0,0,1,0,1,0,1,0,0,1,0
3286,-0.43991649313097614,-0.9109613101984924,0.7059347192846889,1,0,1,0,0,1,1,0,1,0,0,0,1,1
6937,-0.43991649313097614,-1.2774445836787656,-1.4875204687666492,1,0,1,0,0,1,0,1,0,1,1,0,0,1
2536,2.273158691738958,1.0843365120829946,0.8388713973484064,1,0,1,0,0,1,0,1,1,0,0,0,1,0
5248,-0.43991649313097614,-1.1960038562387048,0.5065297021891128,0,1,1,0,0,1,0,1,0,1,1,0,0,0
6023,-0.43991649313097614,-1.2774445836787656,-1.5207546382825785,1,0,0,1,0,1,1,0,1,0,1,0,0,1
3481,-0.43991649313097614,0.7992939660427822,0.9385739058961945,0,1,0,1,0,1,1,0,1,0,0,0,1,0
862,-0.43991649313097614,-1.1960038562387048,-0.49049538328876824,0,1,1,0,0,1,0,1,0,1,0,0,1,0
5679,-0.43991649313097614,-1.1552834925186746,0.1409538375138897,1,0,1,0,0,1,1,0,1,0,1,0,0,1
5563,-0.43991649313097614,-0.0965540357978854,-0.025217010065757134,0,1,0,1,0,1,0,1,0,1,1,0,0,0
5910,-0.43991649313097614,0.43281069256250915,0.6727005497687596,1,0,1,0,0,1,0,1,0,1,0,1,0,0
4700,-0.43991649313097614,1.369379058123207,-0.4572612137728389,0,1,0,1,1,0,0,1,0,1,0,0,1,0
4400,-0.43991649313097614,-0.7888002190384014,-0.5237295528046976,1,0,1,0,1,0,0,1,0,1,1,0,0,0
31,-0.43991649313097614,0.7178532386027215,1.3041497705714176,0,1,1,0,0,1,0,1,0,1,0,0,1,0
505,-0.43991649313097614,-0.4223169455581282,0.17418800702981907,0,1,1,0,0,1,0,1,1,0,0,0,1,0
4883,-0.43991649313097614,-0.9516816739185228,-0.6899004003843444,0,1,1,0,0,1,1,0,1,0,0,0,1,0
2804,-0.43991649313097614,0.9214550572028734,0.44006136315725397,1,0,1,0,0,1,1,0,1,0,0,0,1,0
2300,-0.43991649313097614,-0.3408762181180675,-0.32432453570912145,0,1,0,1,0,1,1,0,1,0,0,0,1,1
5086,-0.43991649313097614,-1.2774445836787656,-1.4875204687666492,1,0,1,0,0,1,1,0,1,0,1,0,0,0
2988,-0.43991649313097614,1.002895784642934,1.0050422449280532,1,0,1,0,0,1,1,0,1,0,0,0,1,0
291,2.273158691738958,1.5729808767233588,-0.4240270442569095,0,1,1,0,1,0,0,1,0,1,1,0,0,0
3837,-0.43991649313097614,-1.2774445836787656,-0.5237295528046976,0,1,0,1,0,1,0,1,1,0,0,1,0,0
3424,-0.43991649313097614,-1.1552834925186746,-1.45428629925072,1,0,1,0,0,1,1,0,1,0,1,0,0,1
4966,2.273158691738958,-0.8295205827584317,0.5065297021891128,0,1,1,0,0,1,1,0,1,0,1,0,0,1
308,-0.43991649313097614,0.9621754209229036,0.805637227832477,1,0,0,1,0,1,1,0,1,0,0,0,1,0
2956,-0.43991649313097614,-0.8702409464784621,1.1047447534758412,1,0,1,0,0,1,0,1,0,1,1,0,0,1
1025,-0.43991649313097614,0.025607055362205634,-0.19138785764540397,1,0,1,0,0,1,1,0,0,1,1,0,0,0
6664,-0.43991649313097614,1.1657772395230555,1.1712130925077,0,1,0,1,0,1,1,0,1,0,1,0,0,0
6842,2.273158691738958,0.47353105628253944,0.7724030583165477,0,1,1,0,0,1,1,0,1,0,1,0,0,1
4245,2.273158691738958,1.5729808767233588,-0.6234320613524857,0,1,1,0,1,0,1,0,1,0,0,0,1,0
1148,-0.43991649313097614,-1.2367242199587352,0.3403588546094659,1,0,1,0,0,1,0,1,1,0,1,0,0,1
2161,-0.43991649313097614,-0.9924020376385531,0.20742217654574843,0,1,1,0,0,1,1,0,1,0,0,0,1,0
6876,-0.43991649313097614,1.247217966963116,1.4703206181510644,1,0,1,0,0,1,1,0,1,0,0,0,1,0
4711,2.273158691738958,-1.2774445836787656,0.17418800702981907,0,1,1,0,0,1,1,0,1,0,0,0,1,1
438,-0.43991649313097614,1.125056875803025,0.8388713973484064,0,1,1,0,0,1,0,1,0,1,0,0,1,0
5171,-0.43991649313097614,-0.9109613101984924,0.3071246850935365,0,1,1,0,0,1,1,0,1,0,1,0,0,1
557,-0.43991649313097614,0.14776814652229667,-0.9890079260277087,1,0,1,0,1,0,1,0,1,0,1,0,0,0
6205,-0.43991649313097614,-0.62591876415828,0.17418800702981907,1,0,1,0,0,1,1,0,1,0,1,0,0,1
2267,-0.43991649313097614,1.125056875803025,-1.5207546382825785,1,0,0,1,0,1,1,0,0,1,0,1,0,0
5906,2.273158691738958,-1.1960038562387048,1.3706181096032763,0,1,1,0,0,1,1,0,0,1,1,0,0,1
6865,-0.43991649313097614,0.758573602322752,-0.29109036619319206,1,0,1,0,1,0,1,0,1,0,1,0,0,0
2073,-0.43991649313097614,-1.1552834925186746,-1.4875204687666492,0,1,1,0,0,1,1,0,1,0,0,1,0,0
1019,-0.43991649313097614,-1.1960038562387048,1.1047447534758412,1,0,1,0,0,1,1,0,1,0,1,0,0,1
5082,2.273158691738958,-1.1552834925186746,0.5065297021891128,1,0,1,0,0,1,1,0,1,0,0,0,1,0
6071,2.273158691738958,-0.9924020376385531,-0.025217010065757134,0,1,1,0,0,1,0,1,1,0,0,0,1,0
1469,-0.43991649313097614,0.5956921474426305,1.1379789229917707,0,1,0,1,0,1,0,1,0,1,0,1,0,1
2153,-0.43991649313097614,1.247217966963116,-1.3545837907029317,1,0,1,0,0,1,0,1,1,0,1,0,0,0
1240,-0.43991649313097614,-0.38159658183809786,-0.5237295528046976,1,0,0,1,0,1,1,0,1,0,1,0,0,0
3285,-0.43991649313097614,1.4508197855632678,-0.025217010065757134,1,0,1,0,0,1,0,1,0,1,1,0,0,0
3396,-0.43991649313097614,-0.8702409464784621,1.0382764144439827,1,0,1,0,0,1,0,1,0,1,1,0,0,1
1188,-0.43991649313097614,0.7992939660427822,0.6394663802528302,0,1,1,0,0,1,0,1,0,1,0,0,1,0
6283,-0.43991649313097614,1.4508197855632678,1.3041497705714176,1,0,0,1,0,1,1,0,1,0,0,0,1,0
4278,-0.43991649313097614,1.5322605130033284,1.6032572962147817,1,0,0,1,0,1,1,0,1,0,1,0,0,0
5675,-0.43991649313097614,0.26992923768238775,1.2044472620236295,0,1,0,1,0,1,1,0,1,0,0,0,1,0
4124,-0.43991649313097614,-0.0965540357978854,0.8388713973484064,0,1,1,0,0,1,1,0,0,1,1,0,0,1
6436,2.273158691738958,-1.2367242199587352,0.3403588546094659,1,0,1,0,0,1,1,0,1,0,0,0,1,1
5335,-0.43991649313097614,-0.62591876415828,0.9385739058961945,1,0,0,1,0,1,0,1,0,1,0,0,1,0
3,-0.43991649313097614,0.7992939660427822,-1.5207546382825785,1,0,0,1,0,1,1,0,1,0,1,0,0,0
3768,-0.43991649313097614,-1.2774445836787656,-1.4875204687666492,1,0,1,0,0,1,0,1,0,1,0,0,1,0
2562,-0.43991649313097614,-0.5851984004382496,-1.0222420955436382,0,1,1,0,1,0,0,1,0,1,0,0,1,1
2891,-0.43991649313097614,0.3106496014024181,-0.15815368812947458,0,1,0,1,1,0,1,0,0,1,1,0,0,0
5690,2.273158691738958,-1.0331224013585834,0.805637227832477,0,1,1,0,0,1,1,0,0,1,1,0,0,0
4425,-0.43991649313097614,0.6364125111626608,-1.4875204687666492,1,0,0,1,0,1,1,0,1,0,1,0,0,0
4076,-0.43991649313097614,-1.0738427650786138,0.47329553267318336,0,1,1,0,0,1,1,0,1,0,1,0,0,0
6892,-0.43991649313097614,1.4508197855632678,1.6032572962147817,0,1,0,1,0,1,1,0,1,0,1,0,0,1
6329,-0.43991649313097614,1.1657772395230555,1.4038522791192056,1,0,1,0,0,1,0,1,1,0,0,0,1,1
766,-0.43991649313097614,-1.318164947398796,0.2738905155776072,1,0,0,1,0,1,1,0,1,0,1,0,0,0
2197,-0.43991649313097614,0.35136996512244845,1.3706181096032763,1,0,1,0,0,1,1,0,1,0,1,0,0,1
4749,2.273158691738958,0.26992923768238775,1.3706181096032763,0,1,1,0,0,1,1,0,1,0,0,1,0,1
3059,-0.43991649313097614,1.6137012404433893,0.805637227832477,0,1,1,0,0,1,0,1,1,0,0,1,0,0
1881,-0.43991649313097614,1.0843365120829946,-0.6899004003843444,0,1,1,0,1,0,0,1,0,1,1,0,0,0
4341,2.273158691738958,0.43281069256250915,0.8388713973484064,0,1,1,0,0,1,1,0,1,0,1,0,0,1
191,2.273158691738958,-1.2774445836787656,-1.5207546382825785,1,0,1,0,0,1,0,1,1,0,0,1,0,1
51,-0.43991649313097614,-0.5444780367182193,-1.4875204687666492,1,0,1,0,0,1,0,1,0,1,1,0,0,0
1903,2.273158691738958,-1.2774445836787656,0.3071246850935365,0,1,1,0,0,1,0,1,1,0,0,0,1,1
1519,-0.43991649313097614,1.4508197855632678,-0.15815368812947458,1,0,0,1,1,0,1,0,1,0,1,0,0,0
5170,2.273158691738958,0.7992939660427822,1.3706181096032763,1,0,1,0,0,1,1,0,1,0,0,1,0,0
6189,-0.43991649313097614,-0.5037576729981889,-1.4875204687666492,0,1,1,0,0,1,1,0,1,0,1,0,0,0
6640,2.273158691738958,-0.5037576729981889,-0.3575587052250508,0,1,1,0,0,1,1,0,0,1,0,1,0,0
798,-0.43991649313097614,1.5322605130033284,0.1409538375138897,1,0,0,1,0,1,0,1,1,0,1,0,0,0
5769,-0.43991649313097614,-0.9516816739185228,1.2376814315395588,0,1,0,1,0,1,1,0,0,1,0,1,0,0
2519,-0.43991649313097614,1.4508197855632678,0.20742217654574843,1,0,1,0,0,1,0,1,0,1,1,0,0,0
4823,-0.43991649313097614,-0.3408762181180675,-0.9557737565117794,0,1,0,1,1,0,1,0,0,1,0,0,1,0
4010,-0.43991649313097614,0.025607055362205634,1.0050422449280532,1,0,1,0,0,1,1,0,1,0,0,0,1,0
3041,2.273158691738958,1.5729808767233588,1.4038522791192056,0,1,1,0,0,1,0,1,0,1,0,0,1,0
3431,2.273158691738958,0.7178532386027215,1.4038522791192056,1,0,1,0,0,1,1,0,0,1,0,1,0,0
6201,-0.43991649313097614,0.025607055362205634,-1.3545837907029317,1,0,0,1,0,1,1,0,1,0,0,0,1,0
3075,-0.43991649313097614,0.18848851024232702,-1.4875204687666492,1,0,1,0,0,1,0,1,1,0,1,0,0,0
3835,-0.43991649313097614,0.18848851024232702,-0.6566662308684151,1,0,1,0,1,0,1,0,1,0,0,1,0,0
1213,-0.43991649313097614,1.6137012404433893,-1.3213496211870024,0,1,0,1,0,1,1,0,0,1,1,0,0,0
6721,-0.43991649313097614,0.758573602322752,0.5397638717050421,0,1,1,0,0,1,0,1,1,0,0,0,1,0
389,-0.43991649313097614,-1.1960038562387048,0.6394663802528302,1,0,1,0,0,1,0,1,0,1,1,0,0,1
5848,-0.43991649313097614,1.5729808767233588,1.5035547876669937,0,1,1,0,0,1,0,1,0,1,0,1,0,0
6087,-0.43991649313097614,-1.2774445836787656,-1.5207546382825785,0,1,1,0,0,1,0,1,1,0,0,0,1,1
6142,-0.43991649313097614,-0.8295205827584317,0.37359302412539525,1,0,1,0,0,1,0,1,0,1,1,0,0,0
3718,-0.43991649313097614,0.6364125111626608,-1.3213496211870024,1,0,1,0,0,1,1,0,1,0,1,0,0,0
5908,-0.43991649313097614,0.7992939660427822,1.0382764144439827,0,1,0,1,0,1,1,0,1,0,1,0,0,1
1608,-0.43991649313097614,1.369379058123207,1.270915601055488,0,1,0,1,0,1,1,0,0,1,1,0,0,0
3294,-0.43991649313097614,0.880734693482843,1.5035547876669937,0,1,1,0,0,1,0,1,1,0,1,0,0,0
2682,-0.43991649313097614,1.6137012404433893,1.3373839400873468,1,0,1,0,0,1,1,0,1,0,0,0,1,0
4680,-0.43991649313097614,-0.6666391278783103,-1.4875204687666492,0,1,0,1,0,1,0,1,1,0,0,0,1,0
4995,-0.43991649313097614,0.5142514200025698,1.0050422449280532,0,1,0,1,0,1,1,0,0,1,1,0,0,0
894,-0.43991649313097614,0.6771328748826912,-1.4875204687666492,1,0,1,0,0,1,1,0,1,0,1,0,0,0
39,2.273158691738958,1.369379058123207,1.3373839400873468,1,0,0,1,0,1,0,1,0,1,1,0,0,0
142,-0.43991649313097614,0.06632741908223598,-1.288115451671073,1,0,0,1,0,1,0,1,1,0,1,0,0,0
6438,-0.43991649313097614,1.6137012404433893,0.9718080754121239,1,0,1,0,0,1,0,1,1,0,0,0,1,0
5059,-0.43991649313097614,-1.2774445836787656,-1.45428629925072,0,1,1,0,0,1,1,0,1,0,1,0,0,0
6041,-0.43991649313097614,1.0843365120829946,0.0412513289661016,1,0,0,1,0,1,1,0,0,1,1,0,0,0
2140,2.273158691738958,1.4100994218432374,0.6394663802528302,0,1,1,0,0,1,1,0,1,0,1,0,0,0
5476,-0.43991649313097614,0.26992923768238775,-0.7896029089321326,0,1,1,0,1,0,0,1,1,0,1,0,0,0
895,-0.43991649313097614,0.6771328748826912,0.6727005497687596,0,1,1,0,0,1,0,1,0,1,0,1,0,0
2945,-0.43991649313097614,-0.8295205827584317,-0.6566662308684151,1,0,0,1,0,1,1,0,1,0,1,0,0,1
1864,-0.43991649313097614,1.4915401492832983,-0.15815368812947458,0,1,1,0,1,0,0,1,1,0,0,1,0,0
1199,-0.43991649313097614,-0.7073594915983407,-0.6234320613524857,1,0,0,1,0,1,1,0,1,0,0,0,1,0
276,-0.43991649313097614,-0.2594354906780068,0.5729980412209714,0,1,0,1,0,1,0,1,0,1,1,0,0,0
5172,2.273158691738958,1.6137012404433893,0.3071246850935365,0,1,1,0,0,1,1,0,1,0,1,0,0,0
2125,-0.43991649313097614,0.7178532386027215,-0.8560712479639913,0,1,0,1,1,0,1,0,1,0,1,0,0,0
4992,-0.43991649313097614,-1.2774445836787656,-1.3213496211870024,1,0,0,1,1,0,1,0,0,1,0,1,0,0
790,-0.43991649313097614,-1.1960038562387048,0.47329553267318336,1,0,1,0,0,1,0,1,1,0,0,0,1,1
4784,-0.43991649313097614,-0.7888002190384014,0.10771966799796033,1,0,1,0,0,1,0,1,1,0,0,1,0,0
1546,-0.43991649313097614,1.002895784642934,0.17418800702981907,1,0,1,0,0,1,0,1,0,1,0,0,1,0
3686,-0.43991649313097614,-1.2774445836787656,0.20742217654574843,1,0,1,0,0,1,1,0,1,0,0,1,0,1
5803,-0.43991649313097614,1.6137012404433893,-1.3545837907029317,1,0,0,1,0,1,1,0,1,0,1,0,0,0
2594,-0.43991649313097614,0.6364125111626608,0.6062322107369008,1,0,1,0,0,1,1,0,1,0,0,0,1,0
5402,-0.43991649313097614,0.5549717837226001,-0.6566662308684151,1,0,1,0,0,1,1,0,1,0,0,0,1,0
3237,2.273158691738958,-1.1552834925186746,1.1712130925077,1,0,1,0,0,1,0,1,1,0,1,0,0,1
1733,2.273158691738958,0.5549717837226001,0.6727005497687596,0,1,1,0,0,1,0,1,0,1,0,1,0,1
1365,-0.43991649313097614,0.9214550572028734,0.0412513289661016,1,0,1,0,0,1,1,0,1,0,0,0,1,0
5572,-0.43991649313097614,-1.0738427650786138,-1.4875204687666492,0,1,0,1,0,1,0,1,1,0,0,1,0,0
4891,-0.43991649313097614,-1.2774445836787656,-1.5207546382825785,0,1,0,1,0,1,1,0,0,1,1,0,0,0
2379,-0.43991649313097614,-1.2774445836787656,-1.288115451671073,1,0,1,0,1,0,1,0,0,1,1,0,0,0
1849,-0.43991649313097614,-0.7888002190384014,0.8721055668643357,0,1,1,0,0,1,1,0,1,0,0,1,0,1
296,2.273158691738958,0.26992923768238775,1.0382764144439827,0,1,1,0,0,1,1,0,1,0,1,0,0,1
3000,-0.43991649313097614,1.4915401492832983,0.07448549848203097,1,0,1,0,0,1,1,0,1,0,1,0,0,0
4934,-0.43991649313097614,-1.2774445836787656,0.5065297021891128,1,0,1,0,0,1,1,0,1,0,1,0,0,1
5210,-0.43991649313097614,1.5322605130033284,1.1047447534758412,1,0,1,0,0,1,0,1,0,1,0,0,1,0
3918,-0.43991649313097614,-0.015113308357824713,0.5065297021891128,0,1,1,0,0,1,1,0,0,1,1,0,0,1
3408,2.273158691738958,-1.1145631287986442,-0.6566662308684151,0,1,1,0,1,0,1,0,1,0,0,0,1,0
762,-0.43991649313097614,1.6137012404433893,1.4703206181510644,1,0,0,1,0,1,1,0,0,1,1,0,0,0
989,-0.43991649313097614,-0.62591876415828,0.1409538375138897,0,1,0,1,0,1,1,0,1,0,1,0,0,1
760,-0.43991649313097614,-0.0965540357978854,0.9718080754121239,0,1,1,0,0,1,0,1,0,1,0,0,1,1
2026,-0.43991649313097614,0.47353105628253944,-1.4875204687666492,1,0,0,1,0,1,0,1,0,1,0,0,1,0
3535,2.273158691738958,0.6364125111626608,0.8721055668643357,0,1,1,0,0,1,1,0,0,1,0,1,0,0
1697,-0.43991649313097614,-0.46303730927815856,0.3071246850935365,0,1,1,0,0,1,0,1,0,1,1,0,0,0
5129,-0.43991649313097614,1.4100994218432374,1.3373839400873468,0,1,0,1,0,1,0,1,0,1,1,0,0,0
4186,-0.43991649313097614,-0.6666391278783103,0.3071246850935365,0,1,1,0,0,1,1,0,1,0,1,0,0,1
4164,2.273158691738958,0.025607055362205634,-0.19138785764540397,1,0,1,0,1,0,0,1,1,0,0,1,0,0
5874,2.273158691738958,0.9621754209229036,0.7059347192846889,0,1,1,0,0,1,1,0,0,1,1,0,0,0
482,-0.43991649313097614,-1.2774445836787656,-1.188412943123285,0,1,1,0,1,0,1,0,1,0,1,0,0,0
3700,-0.43991649313097614,1.2064976032430856,1.1712130925077,1,0,0,1,0,1,1,0,1,0,0,1,0,1
4000,-0.43991649313097614,-0.7888002190384014,-1.3213496211870024,0,1,1,0,1,0,1,0,0,1,1,0,0,0
2550,-0.43991649313097614,0.5142514200025698,-0.4572612137728389,1,0,0,1,1,0,1,0,1,0,1,0,0,0
1226,-0.43991649313097614,0.5142514200025698,1.5700231266988525,0,1,1,0,0,1,1,0,1,0,1,0,0,0
3710,-0.43991649313097614,0.10704778280226633,-1.4875204687666492,1,0,0,1,0,1,0,1,1,0,1,0,0,0
3058,-0.43991649313097614,-1.1552834925186746,-1.4875204687666492,1,0,1,0,0,1,1,0,1,0,0,1,0,0
1956,-0.43991649313097614,-0.7888002190384014,-0.32432453570912145,1,0,1,0,0,1,0,1,0,1,1,0,0,0
1215,-0.43991649313097614,-1.2774445836787656,-1.4875204687666492,1,0,1,0,0,1,0,1,0,1,1,0,0,1
526,-0.43991649313097614,0.880734693482843,1.3373839400873468,0,1,0,1,0,1,1,0,0,1,0,1,0,0
807,2.273158691738958,-1.1145631287986442,0.6727005497687596,1,0,1,0,0,1,1,0,1,0,1,0,0,0
5631,-0.43991649313097614,0.9621754209229036,-1.3213496211870024,0,1,1,0,0,1,0,1,0,1,1,0,0,1
3253,-0.43991649313097614,0.758573602322752,0.1409538375138897,1,0,1,0,0,1,0,1,1,0,0,1,0,0
2158,-0.43991649313097614,-0.6666391278783103,0.5397638717050421,1,0,0,1,0,1,0,1,0,1,0,1,0,1
4835,-0.43991649313097614,1.125056875803025,1.0050422449280532,0,1,0,1,0,1,0,1,1,0,0,0,1,0
546,-0.43991649313097614,-0.748079855318371,1.2044472620236295,0,1,1,0,0,1,1,0,0,1,0,1,0,1
434,2.273158691738958,1.4508197855632678,-0.7563687394162032,0,1,1,0,1,0,1,0,1,0,1,0,0,0
2174,-0.43991649313097614,-1.2774445836787656,-0.5237295528046976,0,1,1,0,0,1,1,0,0,1,1,0,0,0
7020,-0.43991649313097614,-1.0738427650786138,-1.4875204687666492,1,0,1,0,0,1,1,0,1,0,0,0,1,1
2818,2.273158691738958,1.2879383306831464,1.3041497705714176,0,1,1,0,0,1,1,0,1,0,0,0,1,0
6359,-0.43991649313097614,-0.2594354906780068,-0.4240270442569095,0,1,1,0,0,1,1,0,1,0,0,0,1,0
5967,-0.43991649313097614,1.4508197855632678,1.0050422449280532,0,1,0,1,0,1,0,1,0,1,1,0,0,0
4216,-0.43991649313097614,-0.8295205827584317,-1.4875204687666492,0,1,0,1,0,1,0,1,0,1,0,0,1,0
2565,2.273158691738958,1.6137012404433893,1.536788957182923,1,0,1,0,0,1,0,1,1,0,0,1,0,0
5081,-0.43991649313097614,-1.1145631287986442,-1.4875204687666492,1,0,1,0,0,1,0,1,0,1,0,0,1,0
556,-0.43991649313097614,-0.015113308357824713,0.47329553267318336,0,1,1,0,0,1,0,1,1,0,0,1,0,1
3945,-0.43991649313097614,-1.0738427650786138,-0.6234320613524857,1,0,0,1,0,1,1,0,1,0,0,1,0,0
4436,-0.43991649313097614,-1.1552834925186746,-1.4875204687666492,1,0,0,1,0,1,0,1,0,1,1,0,0,0
202,-0.43991649313097614,1.4508197855632678,1.7361939742784993,0,1,1,0,0,1,1,0,0,1,1,0,0,0
1524,-0.43991649313097614,-1.2367242199587352,0.5065297021891128,1,0,1,0,0,1,1,0,1,0,1,0,0,1
2230,2.273158691738958,1.002895784642934,0.9718080754121239,1,0,1,0,0,1,1,0,0,1,1,0,0,0
6767,2.273158691738958,-0.13727439951791576,0.8388713973484064,0,1,1,0,0,1,1,0,1,0,0,1,0,0
2614,-0.43991649313097614,1.6137012404433893,-1.4875204687666492,0,1,1,0,0,1,0,1,0,1,1,0,0,0
5907,-0.43991649313097614,1.247217966963116,-1.3213496211870024,0,1,1,0,0,1,0,1,0,1,1,0,0,0
3378,-0.43991649313097614,1.6137012404433893,1.7029598047625698,0,1,1,0,0,1,0,1,1,0,0,0,1,0
2258,-0.43991649313097614,1.5729808767233588,-1.3545837907029317,0,1,0,1,0,1,0,1,1,0,0,1,0,0
3282,-0.43991649313097614,1.369379058123207,0.6727005497687596,0,1,1,0,0,1,1,0,0,1,0,0,1,0
2931,-0.43991649313097614,0.5142514200025698,1.3041497705714176,0,1,1,0,0,1,0,1,1,0,0,0,1,0
601,-0.43991649313097614,-1.1552834925186746,0.17418800702981907,0,1,1,0,0,1,1,0,0,1,1,0,0,0
758,2.273158691738958,-0.2594354906780068,0.9718080754121239,1,0,1,0,0,1,1,0,1,0,1,0,0,1
6216,-0.43991649313097614,1.1657772395230555,1.802662313310358,1,0,1,0,0,1,0,1,0,1,1,0,0,0
1992,-0.43991649313097614,-1.2367242199587352,-0.49049538328876824,0,1,1,0,0,1,0,1,1,0,0,1,0,0
1012,2.273158691738958,-0.38159658183809786,1.0050422449280532,1,0,1,0,0,1,1,0,1,0,0,0,1,1
583,-0.43991649313097614,1.6137012404433893,0.805637227832477,0,1,1,0,0,1,0,1,0,1,1,0,0,0
6548,-0.43991649313097614,-0.9924020376385531,0.0412513289661016,1,0,1,0,0,1,1,0,1,0,0,0,1,0
2660,-0.43991649313097614,-0.9924020376385531,0.1409538375138897,1,0,0,1,0,1,0,1,1,0,0,0,1,0
6622,-0.43991649313097614,-1.1960038562387048,-0.12491951861354524,0,1,1,0,0,1,1,0,1,0,0,0,1,0
6524,-0.43991649313097614,0.35136996512244845,-0.8228370784480619,1,0,1,0,1,0,1,0,1,0,0,1,0,0
721,-0.43991649313097614,-1.2774445836787656,0.6727005497687596,1,0,1,0,0,1,1,0,1,0,0,1,0,1
3468,-0.43991649313097614,-1.2367242199587352,0.20742217654574843,0,1,1,0,0,1,1,0,0,1,1,0,0,0
171,-0.43991649313097614,1.5322605130033284,-0.22462202716133334,1,0,1,0,1,0,1,0,0,1,0,1,0,0
6834,-0.43991649313097614,-1.2774445836787656,-0.0584511795816865,0,1,1,0,0,1,0,1,0,1,1,0,0,0
1061,-0.43991649313097614,-1.1552834925186746,-0.29109036619319206,0,1,1,0,0,1,1,0,1,0,0,1,0,0
206,-0.43991649313097614,-1.2367242199587352,-1.4875204687666492,1,0,1,0,0,1,1,0,0,1,0,1,0,1
629,2.273158691738958,1.6137012404433893,1.5700231266988525,0,1,1,0,0,1,0,1,0,1,0,0,1,0
3417,-0.43991649313097614,0.3920903288424788,-0.29109036619319206,0,1,1,0,0,1,1,0,1,0,1,0,0,0
1153,-0.43991649313097614,-0.0965540357978854,-0.49049538328876824,0,1,1,0,0,1,1,0,1,0,1,0,0,0
2180,-0.43991649313097614,-1.2367242199587352,0.5397638717050421,0,1,1,0,0,1,1,0,1,0,0,1,0,1
5366,-0.43991649313097614,-0.7888002190384014,0.3403588546094659,0,1,1,0,0,1,1,0,1,0,0,0,1,1
3052,-0.43991649313097614,1.5729808767233588,0.5729980412209714,1,0,0,1,0,1,0,1,1,0,0,0,1,0
3051,-0.43991649313097614,1.4100994218432374,-0.3575587052250508,1,0,0,1,1,0,1,0,0,1,1,0,0,0
2212,-0.43991649313097614,1.2879383306831464,-0.22462202716133334,1,0,1,0,0,1,0,1,0,1,0,1,0,0
2780,-0.43991649313097614,-0.4223169455581282,0.10771966799796033,0,1,0,1,0,1,0,1,0,1,1,0,0,1
3247,2.273158691738958,0.7992939660427822,-0.5237295528046976,0,1,1,0,1,0,1,0,1,0,1,0,0,1
5584,-0.43991649313097614,1.6137012404433893,1.7029598047625698,1,0,1,0,0,1,1,0,0,1,1,0,0,0
1331,-0.43991649313097614,-0.9516816739185228,0.17418800702981907,0,1,1,0,0,1,1,0,1,0,0,1,0,0
4523,-0.43991649313097614,-1.0331224013585834,0.17418800702981907,1,0,1,0,0,1,1,0,1,0,0,1,0,0
4086,-0.43991649313097614,-0.30015585439803716,-1.2548812821551436,1,0,1,0,0,1,1,0,1,0,0,1,0,0
1506,-0.43991649313097614,-0.46303730927815856,1.3041497705714176,1,0,1,0,0,1,0,1,0,1,1,0,0,1
4817,-0.43991649313097614,1.6137012404433893,-1.3213496211870024,1,0,1,0,0,1,0,1,1,0,0,1,0,0
800,2.273158691738958,0.22920887396235737,-1.4875204687666492,1,0,1,0,0,1,0,1,0,1,0,1,0,0
1811,-0.43991649313097614,1.5729808767233588,-1.4875204687666492,0,1,0,1,0,1,0,1,0,1,0,1,0,0
5076,-0.43991649313097614,0.5956921474426305,1.4038522791192056,0,1,0,1,0,1,1,0,0,1,1,0,0,1
4320,2.273158691738958,-1.0738427650786138,-1.4875204687666492,1,0,1,0,0,1,0,1,0,1,0,1,0,0
3630,-0.43991649313097614,-1.2774445836787656,0.3071246850935365,1,0,0,1,0,1,0,1,1,0,0,0,1,1
6885,2.273158691738958,0.3920903288424788,0.3071246850935365,1,0,1,0,0,1,1,0,1,0,1,0,0,1
1323,-0.43991649313097614,-1.2774445836787656,-0.49049538328876824,0,1,1,0,0,1,1,0,1,0,1,0,0,0
1536,-0.43991649313097614,-1.2774445836787656,0.17418800702981907,0,1,1,0,0,1,0,1,1,0,1,0,0,1
6873,-0.43991649313097614,-1.0331224013585834,0.9718080754121239,1,0,1,0,0,1,1,0,0,1,0,1,0,0
1041,-0.43991649313097614,1.247217966963116,1.270915601055488,0,1,1,0,0,1,1,0,0,1,1,0,0,1
6376,-0.43991649313097614,-0.9516816739185228,-1.5207546382825785,0,1,1,0,0,1,1,0,0,1,1,0,0,1
2275,-0.43991649313097614,1.369379058123207,0.8721055668643357,1,0,1,0,0,1,1,0,0,1,1,0,0,0
3572,-0.43991649313097614,0.758573602322752,0.3403588546094659,0,1,1,0,0,1,1,0,1,0,1,0,0,0
5087,-0.43991649313097614,0.47353105628253944,-0.3575587052250508,0,1,1,0,1,0,1,0,1,0,0,1,0,0
1243,-0.43991649313097614,-0.30015585439803716,0.5065297021891128,1,0,1,0,0,1,1,0,1,0,1,0,0,1
4588,-0.43991649313097614,1.1657772395230555,-1.4875204687666492,1,0,1,0,0,1,1,0,0,1,1,0,0,0
2126,-0.43991649313097614,1.6137012404433893,0.0412513289661016,0,1,0,1,1,0,0,1,1,0,0,0,1,0
3717,-0.43991649313097614,-0.7888002190384014,1.1379789229917707,0,1,1,0,0,1,0,1,0,1,1,0,0,1
2287,-0.43991649313097614,1.6137012404433893,0.5729980412209714,0,1,1,0,0,1,1,0,1,0,1,0,0,0
6581,-0.43991649313097614,-0.9109613101984924,-1.4875204687666492,0,1,1,0,0,1,1,0,1,0,0,1,0,0
5370,-0.43991649313097614,1.2879383306831464,1.3373839400873468,0,1,1,0,0,1,1,0,1,0,1,0,0,0
5771,-0.43991649313097614,-1.2774445836787656,-1.4875204687666492,1,0,0,1,0,1,0,1,1,0,0,1,0,1
2805,2.273158691738958,0.758573602322752,0.5065297021891128,0,1,1,0,0,1,1,0,1,0,0,1,0,0
6573,-0.43991649313097614,1.4100994218432374,0.0412513289661016,0,1,1,0,0,1,0,1,1,0,0,0,1,0
3852,-0.43991649313097614,-1.1552834925186746,-0.6566662308684151,0,1,1,0,0,1,1,0,1,0,0,0,1,0
549,-0.43991649313097614,-0.9924020376385531,-1.4875204687666492,1,0,0,1,0,1,0,1,0,1,0,1,0,0
10,-0.43991649313097614,-1.2774445836787656,-1.5207546382825785,0,1,1,0,0,1,1,0,1,0,0,1,0,1
3555,-0.43991649313097614,1.6137012404433893,0.7724030583165477,0,1,0,1,0,1,1,0,0,1,1,0,0,0
3624,-0.43991649313097614,-0.8702409464784621,0.37359302412539525,0,1,1,0,0,1,1,0,0,1,1,0,0,0
5250,-0.43991649313097614,1.1657772395230555,1.1379789229917707,0,1,1,0,0,1,1,0,1,0,0,0,1,0
6437,-0.43991649313097614,0.5956921474426305,-1.45428629925072,1,0,0,1,0,1,1,0,1,0,0,0,1,0
3720,-0.43991649313097614,0.14776814652229667,0.37359302412539525,1,0,1,0,0,1,1,0,1,0,0,1,0,0
4276,-0.43991649313097614,1.125056875803025,0.9718080754121239,0,1,1,0,0,1,0,1,1,0,1,0,0,1
6134,-0.43991649313097614,0.22920887396235737,-1.4875204687666492,0,1,1,0,0,1,1,0,1,0,1,0,0,0
949,2.273158691738958,0.22920887396235737,1.2044472620236295,0,1,0,1,0,1,0,1,0,1,1,0,0,0
108,-0.43991649313097614,0.5142514200025698,-0.3907928747409802,0,1,1,0,0,1,1,0,1,0,0,1,0,0
2966,2.273158691738958,1.4100994218432374,0.37359302412539525,0,1,1,0,0,1,0,1,0,1,1,0,0,0
5178,-0.43991649313097614,0.5956921474426305,-1.45428629925072,0,1,0,1,0,1,0,1,0,1,1,0,0,0
5333,-0.43991649313097614,-1.0331224013585834,-1.45428629925072,1,0,1,0,0,1,1,0,1,0,0,1,0,0
2735,-0.43991649313097614,-0.38159658183809786,1.1712130925077,0,1,1,0,0,1,1,0,1,0,1,0,0,0
290,-0.43991649313097614,1.6137012404433893,1.6364914657307112,0,1,0,1,0,1,1,0,1,0,1,0,0,0
5556,-0.43991649313097614,-0.5444780367182193,0.47329553267318336,0,1,1,0,0,1,1,0,1,0,0,0,1,0
5599,-0.43991649313097614,-1.1960038562387048,-0.025217010065757134,1,0,0,1,0,1,1,0,1,0,0,1,0,0
2732,-0.43991649313097614,0.758573602322752,-1.4875204687666492,0,1,0,1,0,1,0,1,0,1,1,0,0,0
137,-0.43991649313097614,0.10704778280226633,0.6727005497687596,0,1,0,1,0,1,1,0,0,1,1,0,0,1
1279,2.273158691738958,-0.6666391278783103,-0.32432453570912145,0,1,1,0,0,1,1,0,1,0,0,1,0,0
918,-0.43991649313097614,-0.7888002190384014,0.7724030583165477,1,0,0,1,0,1,1,0,1,0,0,0,1,1
2013,-0.43991649313097614,-1.0331224013585834,-1.5207546382825785,0,1,0,1,0,1,0,1,0,1,1,0,0,0
3404,-0.43991649313097614,-0.9109613101984924,0.5065297021891128,1,0,1,0,0,1,1,0,1,0,1,0,0,1
4451,-0.43991649313097614,-1.0331224013585834,-1.4875204687666492,1,0,1,0,0,1,0,1,1,0,1,0,0,0
1968,2.273158691738958,0.10704778280226633,1.2376814315395588,1,0,1,0,0,1,0,1,1,0,0,1,0,0
1946,-0.43991649313097614,-1.1145631287986442,0.47329553267318336,0,1,1,0,0,1,1,0,1,0,0,0,1,1
126,-0.43991649313097614,-1.2774445836787656,-1.5207546382825785,0,1,1,0,0,1,1,0,0,1,0,0,1,0
4667,-0.43991649313097614,0.18848851024232702,1.1712130925077,1,0,1,0,0,1,1,0,1,0,1,0,0,1
33,-0.43991649313097614,1.6137012404433893,0.6727005497687596,0,1,1,0,0,1,1,0,1,0,0,1,0,0
5913,-0.43991649313097614,-1.1552834925186746,-1.3545837907029317,1,0,1,0,0,1,0,1,0,1,1,0,0,0
1844,-0.43991649313097614,-0.9109613101984924,0.5065297021891128,0,1,1,0,0,1,1,0,1,0,0,0,1,0
3196,2.273158691738958,0.47353105628253944,0.805637227832477,1,0,1,0,0,1,1,0,0,1,1,0,0,0
6860,-0.43991649313097614,-1.2367242199587352,0.7059347192846889,1,0,1,0,0,1,0,1,0,1,0,0,1,1
4655,-0.43991649313097614,-0.748079855318371,0.008017159450172232,0,1,0,1,0,1,1,0,1,0,0,1,0,1
4566,-0.43991649313097614,-0.30015585439803716,0.805637227832477,1,0,0,1,0,1,1,0,1,0,0,1,0,1
3860,2.273158691738958,-0.8702409464784621,0.6727005497687596,1,0,1,0,0,1,0,1,0,1,0,1,0,1
1104,-0.43991649313097614,-1.1960038562387048,-0.32432453570912145,1,0,1,0,0,1,0,1,0,1,0,1,0,1
4927,-0.43991649313097614,0.7178532386027215,1.3041497705714176,0,1,0,1,0,1,1,0,1,0,0,0,1,1
5109,-0.43991649313097614,0.9214550572028734,-1.5207546382825785,0,1,0,1,0,1,1,0,1,0,1,0,0,0
4014,2.273158691738958,0.758573602322752,0.9718080754121239,0,1,1,0,0,1,0,1,1,0,1,0,0,0
4989,2.273158691738958,-1.2774445836787656,-1.3213496211870024,0,1,1,0,1,0,1,0,1,0,0,1,0,1
1543,-0.43991649313097614,-0.055833672077855064,-0.15815368812947458,0,1,0,1,0,1,1,0,1,0,0,0,1,0
5946,-0.43991649313097614,1.369379058123207,0.0412513289661016,0,1,1,0,0,1,1,0,0,1,1,0,0,0
5042,-0.43991649313097614,-1.2367242199587352,-0.3575587052250508,0,1,1,0,0,1,1,0,1,0,0,1,0,0
4019,-0.43991649313097614,-1.1552834925186746,-1.3545837907029317,1,0,1,0,1,0,1,0,1,0,0,1,0,1
1949,-0.43991649313097614,0.5956921474426305,0.8388713973484064,0,1,0,1,0,1,1,0,0,1,1,0,0,0
4187,-0.43991649313097614,1.4508197855632678,-0.8560712479639913,1,0,1,0,1,0,0,1,0,1,0,0,1,0
5940,-0.43991649313097614,-0.2594354906780068,0.37359302412539525,0,1,1,0,0,1,1,0,1,0,1,0,0,0
3603,-0.43991649313097614,-0.30015585439803716,-0.556963722320627,1,0,1,0,1,0,0,1,1,0,1,0,0,0
75,-0.43991649313097614,0.10704778280226633,1.1379789229917707,1,0,1,0,0,1,1,0,1,0,1,0,0,0
3741,-0.43991649313097614,-0.3408762181180675,-0.15815368812947458,0,1,1,0,0,1,1,0,0,1,1,0,0,0
6718,-0.43991649313097614,-1.2774445836787656,-0.4572612137728389,1,0,0,1,0,1,0,1,0,1,1,0,0,0
1496,-0.43991649313097614,-0.13727439951791576,-1.5207546382825785,1,0,1,0,0,1,0,1,0,1,1,0,0,0
6914,-0.43991649313097614,-0.9109613101984924,-0.4240270442569095,0,1,1,0,0,1,0,1,0,1,0,1,0,0
868,-0.43991649313097614,-1.2774445836787656,-0.5237295528046976,1,0,1,0,0,1,1,0,1,0,1,0,0,1
5515,-0.43991649313097614,1.4508197855632678,1.802662313310358,1,0,1,0,0,1,1,0,1,0,1,0,0,0
184,-0.43991649313097614,0.47353105628253944,-1.4875204687666492,1,0,0,1,0,1,1,0,1,0,0,1,0,0
194,-0.43991649313097614,1.4508197855632678,0.5065297021891128,0,1,1,0,0,1,0,1,0,1,0,0,1,0
5791,-0.43991649313097614,0.5549717837226001,1.4703206181510644,0,1,1,0,0,1,1,0,1,0,1,0,0,0
4782,-0.43991649313097614,0.025607055362205634,0.10771966799796033,0,1,1,0,0,1,1,0,1,0,0,0,1,1
1075,-0.43991649313097614,1.4915401492832983,-1.288115451671073,1,0,0,1,0,1,1,0,1,0,1,0,0,0
5547,-0.43991649313097614,-0.21871512695797646,-0.2578561966772627,1,0,1,0,0,1,1,0,1,0,1,0,0,0
4659,-0.43991649313097614,-0.0965540357978854,0.6394663802528302,0,1,1,0,0,1,1,0,1,0,1,0,0,0
1925,-0.43991649313097614,1.4508197855632678,0.5729980412209714,1,0,1,0,0,1,0,1,0,1,1,0,0,0
1248,-0.43991649313097614,-1.1960038562387048,0.805637227832477,1,0,1,0,0,1,0,1,0,1,0,1,0,1
2384,-0.43991649313097614,-1.0331224013585834,-1.45428629925072,0,1,1,0,0,1,1,0,1,0,1,0,0,0
1198,2.273158691738958,0.7992939660427822,1.3373839400873468,0,1,1,0,0,1,1,0,1,0,1,0,0,0
1577,2.273158691738958,1.5729808767233588,1.1712130925077,1,0,1,0,0,1,1,0,1,0,0,1,0,0
6116,2.273158691738958,0.7178532386027215,0.20742217654574843,1,0,1,0,0,1,1,0,0,1,0,0,1,1
361,-0.43991649313097614,-0.38159658183809786,-0.32432453570912145,0,1,0,1,0,1,1,0,1,0,1,0,0,0
2895,-0.43991649313097614,-0.9924020376385531,-1.4875204687666492,0,1,1,0,0,1,1,0,1,0,0,1,0,0
3207,-0.43991649313097614,1.0436161483629645,0.17418800702981907,0,1,1,0,0,1,1,0,1,0,1,0,0,0
2475,-0.43991649313097614,-1.1552834925186746,0.5065297021891128,1,0,1,0,0,1,0,1,0,1,1,0,0,0
6602,-0.43991649313097614,1.6137012404433893,1.6032572962147817,0,1,1,0,0,1,0,1,0,1,0,0,1,0
890,-0.43991649313097614,1.4100994218432374,-1.45428629925072,1,0,1,0,0,1,0,1,0,1,1,0,0,0
6979,-0.43991649313097614,1.6137012404433893,0.9053397363802651,1,0,1,0,0,1,0,1,1,0,0,0,1,0
6773,-0.43991649313097614,-0.2594354906780068,0.6394663802528302,0,1,1,0,0,1,1,0,1,0,0,1,0,1
2855,-0.43991649313097614,1.6137012404433893,1.3706181096032763,0,1,0,1,0,1,0,1,1,0,0,1,0,0
6811,-0.43991649313097614,1.247217966963116,0.3071246850935365,0,1,0,1,0,1,1,0,1,0,1,0,0,0
295,-0.43991649313097614,1.5322605130033284,1.6697256352466405,1,0,0,1,0,1,1,0,1,0,1,0,0,0
259,-0.43991649313097614,1.6137012404433893,-1.3213496211870024,1,0,1,0,0,1,1,0,1,0,1,0,0,0
6182,-0.43991649313097614,-1.1145631287986442,0.6727005497687596,0,1,1,0,0,1,0,1,0,1,0,1,0,1
5286,-0.43991649313097614,1.6137012404433893,1.1379789229917707,0,1,1,0,0,1,1,0,1,0,0,0,1,0
6539,-0.43991649313097614,-0.3408762181180675,0.3403588546094659,1,0,1,0,0,1,1,0,0,1,1,0,0,1
6025,-0.43991649313097614,0.8400143297628127,0.17418800702981907,0,1,0,1,0,1,0,1,0,1,1,0,0,0
6317,-0.43991649313097614,1.5322605130033284,0.37359302412539525,0,1,1,0,0,1,0,1,1,0,0,0,1,0
3361,-0.43991649313097614,0.8400143297628127,-0.6234320613524857,0,1,1,0,1,0,1,0,0,1,1,0,0,0
4583,-0.43991649313097614,-0.8702409464784621,1.2376814315395588,1,0,1,0,0,1,0,1,1,0,0,0,1,1
5196,-0.43991649313097614,0.5549717837226001,-1.4875204687666492,0,1,0,1,0,1,1,0,1,0,0,0,1,0
4531,2.273158691738958,-0.13727439951791576,1.1379789229917707,1,0,1,0,0,1,1,0,1,0,0,0,1,1
5095,-0.43991649313097614,0.35136996512244845,0.805637227832477,0,1,1,0,0,1,0,1,0,1,0,1,0,0
6890,2.273158691738958,1.2879383306831464,-1.288115451671073,0,1,1,0,0,1,1,0,0,1,1,0,0,0
3793,2.273158691738958,1.369379058123207,1.1712130925077,0,1,0,1,0,1,1,0,0,1,1,0,0,1
5570,-0.43991649313097614,0.43281069256250915,-0.29109036619319206,0,1,1,0,0,1,1,0,0,1,1,0,0,0
3672,-0.43991649313097614,-0.5851984004382496,-0.49049538328876824,0,1,1,0,0,1,0,1,0,1,1,0,0,1
6867,-0.43991649313097614,0.22920887396235737,1.3041497705714176,1,0,1,0,0,1,0,1,0,1,1,0,0,0
5774,-0.43991649313097614,0.3920903288424788,-1.3878179602188612,1,0,0,1,0,1,1,0,1,0,1,0,0,0
4795,-0.43991649313097614,0.7992939660427822,0.5397638717050421,1,0,1,0,0,1,1,0,1,0,1,0,0,0
1974,-0.43991649313097614,0.5956921474426305,-0.19138785764540397,1,0,1,0,0,1,1,0,1,0,0,0,1,0
6945,-0.43991649313097614,1.5729808767233588,0.5065297021891128,0,1,1,0,0,1,1,0,1,0,1,0,0,0
5758,2.273158691738958,0.7992939660427822,1.3041497705714176,0,1,1,0,0,1,0,1,1,0,1,0,0,1
5062,-0.43991649313097614,1.0843365120829946,0.8388713973484064,1,0,0,1,0,1,0,1,1,0,0,1,0,0
5079,-0.43991649313097614,1.247217966963116,0.8388713973484064,1,0,1,0,0,1,0,1,0,1,0,1,0,0
6649,-0.43991649313097614,-0.30015585439803716,0.6727005497687596,1,0,1,0,0,1,1,0,1,0,1,0,0,0
6381,-0.43991649313097614,0.880734693482843,-1.3545837907029317,0,1,0,1,0,1,0,1,0,1,1,0,0,0
6033,-0.43991649313097614,-1.2367242199587352,-1.4875204687666492,1,0,1,0,0,1,0,1,0,1,1,0,0,0
4348,-0.43991649313097614,-0.3408762181180675,0.5065297021891128,0,1,1,0,0,1,1,0,0,1,0,0,1,1
787,-0.43991649313097614,-1.0738427650786138,-0.49049538328876824,1,0,1,0,0,1,0,1,1,0,0,0,1,0
6536,-0.43991649313097614,-0.38159658183809786,-1.4875204687666492,0,1,1,0,0,1,1,0,0,1,0,1,0,0
6015,-0.43991649313097614,1.002895784642934,0.6394663802528302,1,0,0,1,0,1,1,0,0,1,0,1,0,0
2540,-0.43991649313097614,-1.2367242199587352,-1.4875204687666492,0,1,1,0,0,1,0,1,1,0,0,0,1,0
2757,2.273158691738958,-0.3408762181180675,-0.8560712479639913,0,1,1,0,1,0,1,0,1,0,1,0,0,1
688,-0.43991649313097614,-1.2367242199587352,-0.19138785764540397,1,0,1,0,0,1,1,0,1,0,1,0,0,0
4733,-0.43991649313097614,0.26992923768238775,-1.4875204687666492,0,1,1,0,0,1,1,0,1,0,0,0,1,0
3217,-0.43991649313097614,-0.21871512695797646,0.0412513289661016,1,0,0,1,0,1,1,0,1,0,1,0,0,0
1377,-0.43991649313097614,-0.30015585439803716,-1.5207546382825785,1,0,1,0,0,1,1,0,1,0,0,1,0,0
2518,2.273158691738958,-0.2594354906780068,0.8721055668643357,1,0,1,0,0,1,1,0,0,1,1,0,0,1
5621,-0.43991649313097614,-1.1960038562387048,0.17418800702981907,0,1,1,0,0,1,0,1,0,1,0,0,1,0
5216,-0.43991649313097614,-1.1552834925186746,0.3403588546094659,1,0,1,0,0,1,1,0,1,0,1,0,0,1
4387,-0.43991649313097614,-0.055833672077855064,0.5397638717050421,1,0,0,1,0,1,1,0,1,0,0,0,1,0
2584,-0.43991649313097614,0.35136996512244845,1.0050422449280532,1,0,0,1,0,1,1,0,1,0,0,0,1,0
4592,-0.43991649313097614,-0.9516816739185228,0.9053397363802651,1,0,1,0,0,1,1,0,1,0,1,0,0,1
3391,-0.43991649313097614,-0.38159658183809786,-0.22462202716133334,1,0,0,1,0,1,1,0,1,0,0,1,0,0
1204,-0.43991649313097614,0.10704778280226633,0.8388713973484064,0,1,1,0,0,1,0,1,1,0,0,0,1,0
5734,-0.43991649313097614,1.6137012404433893,1.3373839400873468,0,1,0,1,0,1,1,0,1,0,0,0,1,0
6332,-0.43991649313097614,1.247217966963116,0.5065297021891128,0,1,0,1,0,1,1,0,1,0,0,1,0,0
4986,-0.43991649313097614,-1.1552834925186746,0.44006136315725397,0,1,1,0,0,1,0,1,1,0,0,0,1,1
5628,2.273158691738958,1.369379058123207,1.536788957182923,0,1,1,0,0,1,0,1,0,1,1,0,0,1
2941,-0.43991649313097614,-1.2774445836787656,-1.1551787736073555,1,0,1,0,1,0,1,0,1,0,1,0,0,1
3751,-0.43991649313097614,1.4100994218432374,-0.6899004003843444,0,1,1,0,1,0,1,0,1,0,0,1,0,0
6032,2.273158691738958,-0.7888002190384014,0.17418800702981907,1,0,1,0,0,1,1,0,1,0,1,0,0,1
119,-0.43991649313097614,-0.2594354906780068,-0.6899004003843444,1,0,1,0,1,0,1,0,1,0,0,0,1,0
4006,-0.43991649313097614,-1.2774445836787656,0.17418800702981907,1,0,1,0,0,1,0,1,1,0,1,0,0,1
554,-0.43991649313097614,-0.62591876415828,0.47329553267318336,1,0,1,0,0,1,0,1,1,0,0,0,1,0
4109,-0.43991649313097614,-1.2774445836787656,-0.6234320613524857,1,0,1,0,0,1,1,0,1,0,0,1,0,1
3670,-0.43991649313097614,0.47353105628253944,-0.49049538328876824,1,0,1,0,0,1,0,1,0,1,1,0,0,0
5065,-0.43991649313097614,-0.4223169455581282,0.805637227832477,1,0,1,0,0,1,1,0,1,0,1,0,0,0
3050,-0.43991649313097614,0.025607055362205634,-1.5207546382825785,0,1,0,1,0,1,1,0,1,0,1,0,0,0
2138,-0.43991649313097614,1.4100994218432374,-1.3213496211870024,0,1,1,0,0,1,0,1,1,0,0,0,1,0
2545,-0.43991649313097614,-0.2594354906780068,0.47329553267318336,1,0,1,0,0,1,0,1,1,0,0,1,0,0
6939,-0.43991649313097614,0.22920887396235737,-1.4875204687666492,1,0,0,1,0,1,0,1,1,0,0,0,1,0
2709,-0.43991649313097614,-0.13727439951791576,0.20742217654574843,0,1,0,1,0,1,0,1,0,1,1,0,0,1
249,-0.43991649313097614,-0.6666391278783103,-1.4875204687666492,0,1,1,0,0,1,1,0,1,0,1,0,0,0
2036,-0.43991649313097614,-1.1960038562387048,-0.6566662308684151,1,0,1,0,0,1,1,0,1,0,1,0,0,0
6616,-0.43991649313097614,0.06632741908223598,0.6727005497687596,1,0,1,0,0,1,1,0,1,0,1,0,0,0
1727,-0.43991649313097614,-0.2594354906780068,0.7059347192846889,0,1,1,0,0,1,0,1,1,0,1,0,0,0
6067,-0.43991649313097614,-0.30015585439803716,0.6727005497687596,0,1,1,0,0,1,1,0,0,1,1,0,0,1
86,-0.43991649313097614,-0.30015585439803716,1.0382764144439827,0,1,0,1,0,1,0,1,0,1,1,0,0,1
843,-0.43991649313097614,-1.2774445836787656,-1.4875204687666492,0,1,1,0,0,1,1,0,1,0,0,1,0,0
6711,-0.43991649313097614,-1.1552834925186746,0.9718080754121239,1,0,1,0,0,1,1,0,1,0,0,1,0,1
4461,-0.43991649313097614,1.1657772395230555,-1.3213496211870024,0,1,1,0,0,1,1,0,0,1,1,0,0,0
197,2.273158691738958,-0.2594354906780068,1.3706181096032763,0,1,0,1,0,1,0,1,1,0,0,0,1,1
3714,-0.43991649313097614,1.5729808767233588,0.8388713973484064,0,1,0,1,0,1,1,0,0,1,1,0,0,0
1107,2.273158691738958,-1.2774445836787656,0.9718080754121239,0,1,1,0,0,1,0,1,0,1,0,0,1,1
3716,-0.43991649313097614,-0.9924020376385531,0.3403588546094659,0,1,1,0,0,1,1,0,0,1,1,0,0,0
5499,2.273158691738958,-0.0965540357978854,1.3041497705714176,1,0,1,0,0,1,1,0,1,0,1,0,0,0
1429,-0.43991649313097614,0.10704778280226633,-0.3907928747409802,0,1,1,0,1,0,0,1,1,0,1,0,0,0
4361,-0.43991649313097614,-0.8702409464784621,-0.19138785764540397,1,0,1,0,0,1,0,1,0,1,1,0,0,0
3996,-0.43991649313097614,-0.38159658183809786,-0.15815368812947458,1,0,1,0,0,1,1,0,0,1,1,0,0,0
2563,-0.43991649313097614,-0.62591876415828,-1.3213496211870024,0,1,1,0,1,0,1,0,1,0,0,0,1,0
4188,-0.43991649313097614,1.002895784642934,1.2044472620236295,1,0,0,1,0,1,1,0,1,0,0,0,1,0
1773,-0.43991649313097614,-1.0738427650786138,-1.4875204687666492,1,0,1,0,0,1,1,0,0,1,1,0,0,0
5190,-0.43991649313097614,-0.8295205827584317,1.1712130925077,1,0,1,0,0,1,0,1,1,0,1,0,0,1
235,-0.43991649313097614,-1.2774445836787656,0.8721055668643357,1,0,1,0,0,1,0,1,1,0,1,0,0,1
4528,2.273158691738958,-0.015113308357824713,0.9718080754121239,0,1,0,1,0,1,1,0,0,1,0,0,1,0
6249,-0.43991649313097614,1.369379058123207,-1.4875204687666492,0,1,0,1,0,1,1,0,1,0,0,0,1,0
3381,-0.43991649313097614,0.9621754209229036,0.5065297021891128,1,0,1,0,0,1,0,1,0,1,1,0,0,0
4209,-0.43991649313097614,0.7178532386027215,1.3041497705714176,1,0,1,0,0,1,1,0,1,0,0,1,0,0
4306,-0.43991649313097614,0.06632741908223598,-0.025217010065757134,1,0,1,0,0,1,1,0,1,0,0,0,1,0
495,2.273158691738958,0.22920887396235737,0.6062322107369008,1,0,1,0,0,1,1,0,1,0,1,0,0,0
3353,-0.43991649313097614,-0.9924020376385531,-0.49049538328876824,0,1,1,0,0,1,0,1,0,1,1,0,0,0
4171,-0.43991649313097614,-0.0965540357978854,1.1712130925077,1,0,1,0,0,1,0,1,0,1,0,0,1,1
2983,-0.43991649313097614,1.4508197855632678,0.8721055668643357,0,1,1,0,0,1,1,0,1,0,0,1,0,0
4121,-0.43991649313097614,-0.5037576729981889,-1.5207546382825785,0,1,0,1,0,1,1,0,0,1,0,1,0,1
3985,-0.43991649313097614,1.4508197855632678,0.6727005497687596,1,0,0,1,0,1,0,1,1,0,0,0,1,0
4012,-0.43991649313097614,-0.30015585439803716,-1.3213496211870024,0,1,0,1,0,1,1,0,1,0,0,0,1,0
3103,-0.43991649313097614,1.5322605130033284,1.1047447534758412,0,1,0,1,0,1,1,0,1,0,1,0,0,1
6933,-0.43991649313097614,-1.2367242199587352,0.3071246850935365,1,0,1,0,0,1,1,0,1,0,1,0,0,1
6510,-0.43991649313097614,-0.6666391278783103,-1.4875204687666492,1,0,1,0,0,1,1,0,1,0,1,0,0,0
867,2.273158691738958,0.10704778280226633,-0.8228370784480619,1,0,1,0,1,0,1,0,1,0,0,0,1,0
3947,-0.43991649313097614,0.758573602322752,-1.4875204687666492,0,1,1,0,0,1,1,0,1,0,1,0,0,0
2451,-0.43991649313097614,-0.3408762181180675,-1.3213496211870024,1,0,1,0,0,1,0,1,0,1,0,0,1,0
78,-0.43991649313097614,0.8400143297628127,1.437086448635135,1,0,0,1,0,1,1,0,1,0,1,0,0,0
1155,-0.43991649313097614,-0.62591876415828,-0.49049538328876824,0,1,1,0,1,0,0,1,1,0,0,0,1,0
3892,-0.43991649313097614,-0.9924020376385531,0.6394663802528302,0,1,1,0,0,1,0,1,1,0,0,1,0,1
3224,-0.43991649313097614,-0.7073594915983407,-0.5237295528046976,1,0,1,0,0,1,1,0,1,0,1,0,0,0
723,-0.43991649313097614,-0.7888002190384014,1.1712130925077,1,0,1,0,0,1,0,1,0,1,1,0,0,1
2829,-0.43991649313097614,0.18848851024232702,-1.4875204687666492,0,1,0,1,0,1,1,0,1,0,0,0,1,0
1997,-0.43991649313097614,-0.8295205827584317,-0.4572612137728389,0,1,1,0,1,0,1,0,1,0,0,0,1,0
5868,-0.43991649313097614,-1.2367242199587352,0.5065297021891128,1,0,1,0,0,1,1,0,1,0,0,0,1,0
5744,2.273158691738958,-0.6666391278783103,0.6727005497687596,1,0,1,0,0,1,1,0,1,0,0,0,1,1
1355,-0.43991649313097614,0.880734693482843,0.17418800702981907,1,0,0,1,0,1,0,1,0,1,1,0,0,0
241,-0.43991649313097614,0.9214550572028734,0.44006136315725397,0,1,1,0,0,1,0,1,1,0,0,0,1,0
644,-0.43991649313097614,1.5322605130033284,-1.4875204687666492,1,0,0,1,0,1,1,0,0,1,0,1,0,0
1959,-0.43991649313097614,-0.9109613101984924,-1.4875204687666492,1,0,1,0,0,1,0,1,0,1,1,0,0,0
89,-0.43991649313097614,0.6364125111626608,-1.3213496211870024,1,0,1,0,0,1,1,0,1,0,0,0,1,0
6171,-0.43991649313097614,-0.5851984004382496,-0.8560712479639913,1,0,1,0,1,0,1,0,1,0,1,0,0,1
2142,-0.43991649313097614,0.35136996512244845,1.3706181096032763,1,0,1,0,0,1,1,0,1,0,1,0,0,0
4039,-0.43991649313097614,0.10704778280226633,0.7059347192846889,1,0,1,0,0,1,1,0,1,0,0,0,1,1
4388,-0.43991649313097614,-1.2774445836787656,-0.49049538328876824,1,0,1,0,0,1,1,0,1,0,1,0,0,0
1784,-0.43991649313097614,-0.7073594915983407,1.2044472620236295,1,0,1,0,0,1,1,0,0,1,1,0,0,1
5327,2.273158691738958,1.2064976032430856,0.8388713973484064,0,1,1,0,0,1,1,0,1,0,1,0,0,0
6148,-0.43991649313097614,1.2064976032430856,-0.5237295528046976,1,0,0,1,1,0,1,0,0,1,0,1,0,0
4083,-0.43991649313097614,1.1657772395230555,1.2044472620236295,1,0,0,1,0,1,0,1,1,0,0,1,0,0
5850,2.273158691738958,-1.2774445836787656,0.3403588546094659,1,0,1,0,0,1,1,0,1,0,0,0,1,1
5854,-0.43991649313097614,0.43281069256250915,-0.025217010065757134,1,0,0,1,0,1,0,1,0,1,0,1,0,0
3409,-0.43991649313097614,0.6364125111626608,-1.288115451671073,0,1,0,1,0,1,1,0,1,0,1,0,0,0
749,-0.43991649313097614,0.758573602322752,-1.5207546382825785,0,1,0,1,0,1,1,0,1,0,0,0,1,0
1483,-0.43991649313097614,1.369379058123207,-0.12491951861354524,1,0,1,0,0,1,1,0,0,1,1,0,0,0
2270,-0.43991649313097614,-0.13727439951791576,0.07448549848203097,1,0,1,0,0,1,1,0,0,1,1,0,0,0
5289,-0.43991649313097614,-1.2774445836787656,0.3403588546094659,0,1,1,0,0,1,1,0,0,1,1,0,0,1
3940,-0.43991649313097614,-0.6666391278783103,-1.4875204687666492,1,0,1,0,0,1,1,0,0,1,1,0,0,0
3065,-0.43991649313097614,-0.1779947632379461,-1.4875204687666492,1,0,0,1,0,1,1,0,0,1,1,0,0,0
1787,-0.43991649313097614,-1.0331224013585834,0.3403588546094659,1,0,1,0,0,1,1,0,0,1,1,0,0,0
1700,-0.43991649313097614,-0.2594354906780068,0.1409538375138897,1,0,1,0,0,1,1,0,1,0,0,1,0,0
2712,-0.43991649313097614,1.6137012404433893,0.6394663802528302,1,0,1,0,0,1,1,0,0,1,0,1,0,0
6730,-0.43991649313097614,1.369379058123207,-0.2578561966772627,0,1,0,1,1,0,1,0,1,0,0,0,1,0
5006,-0.43991649313097614,0.7992939660427822,-0.4572612137728389,1,0,0,1,0,1,1,0,0,1,0,1,0,0
588,-0.43991649313097614,-1.1960038562387048,-1.3545837907029317,0,1,1,0,0,1,1,0,1,0,0,1,0,0
840,-0.43991649313097614,1.5729808767233588,1.1047447534758412,0,1,1,0,0,1,1,0,1,0,0,0,1,0
3123,-0.43991649313097614,-0.8702409464784621,-1.3878179602188612,0,1,1,0,0,1,1,0,1,0,0,1,0,1
1694,-0.43991649313097614,0.5549717837226001,1.1712130925077,1,0,0,1,0,1,0,1,0,1,0,0,1,0
6096,-0.43991649313097614,-0.6666391278783103,0.2738905155776072,1,0,1,0,0,1,1,0,1,0,1,0,0,1
3250,-0.43991649313097614,1.6137012404433893,-0.025217010065757134,1,0,0,1,1,0,1,0,1,0,1,0,0,0
7014,-0.43991649313097614,1.247217966963116,1.1712130925077,0,1,1,0,0,1,0,1,0,1,1,0,0,0
5200,2.273158691738958,-1.1552834925186746,0.6727005497687596,1,0,1,0,0,1,0,1,0,1,0,1,0,1
669,-0.43991649313097614,0.10704778280226633,-0.09168534909761586,1,0,1,0,0,1,1,0,1,0,1,0,0,0
6934,-0.43991649313097614,-0.62591876415828,0.7391688888006183,0,1,1,0,0,1,1,0,0,1,1,0,0,0
1637,-0.43991649313097614,1.247217966963116,1.3041497705714176,0,1,1,0,0,1,0,1,1,0,0,1,0,0
4453,-0.43991649313097614,-0.9924020376385531,1.0382764144439827,1,0,1,0,0,1,1,0,1,0,0,0,1,1
4108,-0.43991649313097614,1.6137012404433893,0.5729980412209714,0,1,0,1,0,1,0,1,0,1,0,0,1,0
2615,-0.43991649313097614,0.025607055362205634,-1.4875204687666492,0,1,0,1,0,1,0,1,0,1,0,1,0,0
5809,-0.43991649313097614,1.0436161483629645,-0.49049538328876824,0,1,1,0,0,1,0,1,0,1,0,0,1,0
2118,2.273158691738958,-1.0738427650786138,0.3071246850935365,1,0,1,0,0,1,1,0,1,0,0,0,1,0
3753,-0.43991649313097614,0.8400143297628127,-0.025217010065757134,0,1,0,1,0,1,1,0,1,0,0,0,1,0
2767,2.273158691738958,1.6137012404433893,1.3706181096032763,1,0,1,0,0,1,0,1,0,1,0,1,0,0
1952,2.273158691738958,0.5956921474426305,0.20742217654574843,1,0,0,1,0,1,1,0,1,0,1,0,0,1
1964,-0.43991649313097614,-0.21871512695797646,0.37359302412539525,1,0,1,0,0,1,1,0,0,1,1,0,0,0
73,-0.43991649313097614,-0.9109613101984924,1.1379789229917707,0,1,1,0,0,1,0,1,0,1,0,0,1,1
6297,-0.43991649313097614,0.26992923768238775,1.0382764144439827,1,0,1,0,0,1,1,0,1,0,0,1,0,1
3696,2.273158691738958,1.5729808767233588,-1.3213496211870024,0,1,1,0,0,1,0,1,0,1,1,0,0,0
3654,-0.43991649313097614,-0.21871512695797646,-1.288115451671073,0,1,0,1,0,1,1,0,1,0,0,0,1,0
6642,2.273158691738958,0.06632741908223598,1.1712130925077,0,1,1,0,0,1,1,0,1,0,1,0,0,0
6502,-0.43991649313097614,-0.9109613101984924,0.0412513289661016,1,0,0,1,0,1,0,1,0,1,0,1,0,0
1459,2.273158691738958,0.3106496014024181,1.0050422449280532,1,0,0,1,0,1,1,0,1,0,1,0,0,1
4334,-0.43991649313097614,-1.2367242199587352,-0.12491951861354524,1,0,1,0,0,1,0,1,0,1,1,0,0,0
1362,-0.43991649313097614,1.0436161483629645,1.536788957182923,1,0,1,0,0,1,0,1,0,1,1,0,0,0
5897,2.273158691738958,-0.38159658183809786,0.8388713973484064,0,1,1,0,0,1,0,1,1,0,0,0,1,0
6996,-0.43991649313097614,-0.5444780367182193,-0.29109036619319206,1,0,1,0,0,1,0,1,1,0,0,0,1,0
2416,-0.43991649313097614,-1.2367242199587352,0.8388713973484064,0,1,0,1,0,1,0,1,0,1,1,0,0,1
3882,-0.43991649313097614,-0.5444780367182193,-1.4875204687666492,1,0,1,0,0,1,0,1,1,0,0,0,1,0
797,-0.43991649313097614,-1.0738427650786138,-1.5207546382825785,0,1,1,0,0,1,0,1,0,1,0,1,0,0
1931,-0.43991649313097614,-1.1960038562387048,-1.45428629925072,0,1,0,1,0,1,1,0,1,0,1,0,0,0
1902,-0.43991649313097614,-1.2774445836787656,-0.49049538328876824,1,0,1,0,0,1,1,0,1,0,0,1,0,1
3843,-0.43991649313097614,-0.5851984004382496,-1.0222420955436382,0,1,1,0,1,0,0,1,0,1,1,0,0,0
6309,-0.43991649313097614,1.2064976032430856,1.3041497705714176,0,1,0,1,0,1,1,0,0,1,1,0,0,0
2503,-0.43991649313097614,-0.13727439951791576,0.6394663802528302,0,1,1,0,0,1,0,1,1,0,0,1,0,1
903,-0.43991649313097614,-0.7888002190384014,-1.4875204687666492,1,0,1,0,0,1,1,0,0,1,1,0,0,0
1007,-0.43991649313097614,-1.2367242199587352,0.17418800702981907,1,0,1,0,0,1,0,1,0,1,1,0,0,0
1890,-0.43991649313097614,0.35136996512244845,-1.4875204687666492,1,0,1,0,0,1,1,0,1,0,1,0,0,0
1145,2.273158691738958,-0.62591876415828,1.0050422449280532,0,1,1,0,0,1,1,0,1,0,1,0,0,0
1683,-0.43991649313097614,-0.4223169455581282,0.5065297021891128,1,0,1,0,0,1,0,1,1,0,0,0,1,0
1799,-0.43991649313097614,-0.015113308357824713,-1.1551787736073555,1,0,1,0,1,0,0,1,1,0,0,1,0,0
4772,2.273158691738958,0.43281069256250915,1.536788957182923,0,1,0,1,0,1,1,0,0,1,1,0,0,1
2763,-0.43991649313097614,-0.055833672077855064,-0.19138785764540397,0,1,1,0,0,1,1,0,0,1,0,0,1,0
6738,-0.43991649313097614,1.4100994218432374,-1.4875204687666492,0,1,1,0,0,1,0,1,0,1,0,0,1,0
3849,-0.43991649313097614,-1.1145631287986442,0.6062322107369008,1,0,1,0,0,1,1,0,1,0,1,0,0,0
2926,-0.43991649313097614,1.4508197855632678,1.2376814315395588,0,1,1,0,0,1,1,0,0,1,0,1,0,0
2661,-0.43991649313097614,1.6137012404433893,0.0412513289661016,0,1,1,0,1,0,1,0,1,0,1,0,0,0
4845,-0.43991649313097614,-1.2367242199587352,-1.4875204687666492,1,0,1,0,0,1,1,0,1,0,0,1,0,0
2857,-0.43991649313097614,-0.9516816739185228,-0.22462202716133334,1,0,1,0,1,0,0,1,1,0,1,0,0,1
2274,-0.43991649313097614,-1.2774445836787656,0.17418800702981907,0,1,1,0,0,1,1,0,1,0,0,1,0,1
2589,-0.43991649313097614,0.9621754209229036,1.4038522791192056,1,0,1,0,0,1,1,0,1,0,1,0,0,0
6372,-0.43991649313097614,-0.015113308357824713,0.7059347192846889,0,1,1,0,0,1,0,1,1,0,0,0,1,0
4839,-0.43991649313097614,1.2064976032430856,0.20742217654574843,1,0,0,1,0,1,0,1,0,1,0,1,0,0
2512,-0.43991649313097614,1.6137012404433893,-1.3545837907029317,1,0,0,1,0,1,1,0,0,1,0,1,0,0
431,-0.43991649313097614,1.3286586944031769,1.437086448635135,1,0,1,0,0,1,1,0,1,0,1,0,0,0
4041,-0.43991649313097614,-0.8702409464784621,-1.4875204687666492,0,1,1,0,0,1,1,0,1,0,0,1,0,0
4163,-0.43991649313097614,1.1657772395230555,0.17418800702981907,0,1,1,0,0,1,1,0,1,0,0,0,1,0
4609,-0.43991649313097614,0.5549717837226001,-1.4875204687666492,0,1,0,1,0,1,0,1,1,0,0,0,1,0
331,-0.43991649313097614,0.5549717837226001,1.2044472620236295,1,0,1,0,0,1,1,0,1,0,0,0,1,0
1343,-0.43991649313097614,-1.2367242199587352,1.0382764144439827,0,1,1,0,0,1,1,0,1,0,0,0,1,1
4106,-0.43991649313097614,-0.9924020376385531,0.20742217654574843,1,0,1,0,0,1,0,1,0,1,0,0,1,1
925,-0.43991649313097614,0.5549717837226001,0.1409538375138897,1,0,1,0,0,1,1,0,0,1,1,0,0,0
2876,-0.43991649313097614,-0.8295205827584317,0.5397638717050421,0,1,1,0,0,1,0,1,0,1,1,0,0,0
5222,2.273158691738958,-1.0331224013585834,0.6394663802528302,1,0,1,0,0,1,0,1,0,1,0,1,0,0
2427,2.273158691738958,0.7178532386027215,0.6062322107369008,1,0,1,0,0,1,1,0,1,0,1,0,0,0
5385,-0.43991649313097614,-1.2367242199587352,-1.4875204687666492,1,0,0,1,0,1,0,1,1,0,1,0,0,1
1293,-0.43991649313097614,-0.055833672077855064,0.44006136315725397,0,1,1,0,0,1,0,1,1,0,0,0,1,1
2755,-0.43991649313097614,-0.1779947632379461,-0.19138785764540397,1,0,1,0,0,1,1,0,1,0,1,0,0,0
4100,-0.43991649313097614,0.9621754209229036,0.9718080754121239,0,1,1,0,0,1,1,0,1,0,1,0,0,1
1345,-0.43991649313097614,0.10704778280226633,-1.5207546382825785,1,0,1,0,0,1,1,0,1,0,1,0,0,0
5271,2.273158691738958,-1.1145631287986442,-0.49049538328876824,0,1,1,0,0,1,1,0,1,0,1,0,0,1
91,-0.43991649313097614,-0.5851984004382496,-0.9890079260277087,1,0,1,0,1,0,1,0,0,1,1,0,0,0
1072,-0.43991649313097614,-0.015113308357824713,1.5035547876669937,1,0,1,0,0,1,1,0,1,0,1,0,0,0
4417,-0.43991649313097614,1.6137012404433893,0.3403588546094659,0,1,1,0,0,1,0,1,1,0,1,0,0,0
3343,-0.43991649313097614,1.2879383306831464,0.5397638717050421,0,1,1,0,0,1,1,0,1,0,0,1,0,0
1349,-0.43991649313097614,0.9214550572028734,0.5729980412209714,1,0,1,0,0,1,1,0,0,1,1,0,0,0
4600,-0.43991649313097614,0.5549717837226001,-1.3213496211870024,1,0,0,1,0,1,1,0,1,0,0,1,0,0
1406,-0.43991649313097614,0.758573602322752,1.5035547876669937,0,1,0,1,0,1,0,1,0,1,1,0,0,0
3201,-0.43991649313097614,-0.9516816739185228,-0.4572612137728389,1,0,1,0,0,1,0,1,0,1,1,0,0,0
626,-0.43991649313097614,0.10704778280226633,-1.288115451671073,0,1,1,0,0,1,1,0,0,1,1,0,0,0
6963,-0.43991649313097614,-1.2774445836787656,0.5065297021891128,1,0,1,0,0,1,1,0,0,1,1,0,0,1
6354,-0.43991649313097614,0.43281069256250915,0.47329553267318336,1,0,1,0,0,1,1,0,1,0,1,0,0,0
1676,-0.43991649313097614,1.5729808767233588,1.4703206181510644,0,1,1,0,0,1,1,0,0,1,1,0,0,0
3766,-0.43991649313097614,1.4915401492832983,-0.12491951861354524,1,0,0,1,0,1,0,1,1,0,1,0,0,0
2027,-0.43991649313097614,-0.9109613101984924,-0.9557737565117794,0,1,1,0,1,0,0,1,0,1,0,1,0,0
6531,2.273158691738958,0.14776814652229667,0.6394663802528302,0,1,1,0,0,1,1,0,1,0,0,1,0,1
4512,2.273158691738958,-1.2774445836787656,0.20742217654574843,1,0,1,0,0,1,1,0,1,0,0,1,0,0
6210,-0.43991649313097614,1.5729808767233588,-1.3213496211870024,1,0,1,0,0,1,1,0,1,0,0,1,0,0
6393,-0.43991649313097614,1.6137012404433893,1.4703206181510644,1,0,1,0,0,1,1,0,1,0,1,0,0,0
1121,-0.43991649313097614,0.10704778280226633,-0.12491951861354524,0,1,1,0,0,1,1,0,0,1,1,0,0,0
6081,-0.43991649313097614,0.025607055362205634,1.3041497705714176,1,0,0,1,0,1,1,0,1,0,1,0,0,1
6220,-0.43991649313097614,0.5956921474426305,1.3041497705714176,0,1,1,0,0,1,1,0,1,0,1,0,0,0
4892,-0.43991649313097614,1.247217966963116,-1.4875204687666492,0,1,0,1,0,1,0,1,1,0,1,0,0,0
2602,-0.43991649313097614,-1.2774445836787656,0.47329553267318336,0,1,1,0,0,1,0,1,0,1,0,0,1,1
2136,-0.43991649313097614,1.4915401492832983,1.3706181096032763,1,0,1,0,0,1,0,1,0,1,1,0,0,0
1661,-0.43991649313097614,-0.46303730927815856,-0.29109036619319206,1,0,0,1,1,0,0,1,1,0,1,0,0,1
302,-0.43991649313097614,-1.1552834925186746,-0.2578561966772627,0,1,1,0,0,1,0,1,0,1,1,0,0,0
2506,-0.43991649313097614,0.758573602322752,-0.19138785764540397,0,1,0,1,1,0,1,0,1,0,0,1,0,1
1547,-0.43991649313097614,-0.7888002190384014,-1.45428629925072,1,0,0,1,0,1,1,0,1,0,0,0,1,0
4563,-0.43991649313097614,-1.1960038562387048,-0.9890079260277087,0,1,1,0,1,0,0,1,0,1,0,0,1,1
4967,-0.43991649313097614,-1.1960038562387048,-0.6899004003843444,1,0,0,1,0,1,0,1,1,0,1,0,0,1
1422,2.273158691738958,-0.015113308357824713,-1.4875204687666492,0,1,1,0,0,1,0,1,0,1,1,0,0,0
6427,-0.43991649313097614,-0.9516816739185228,0.37359302412539525,1,0,1,0,0,1,1,0,1,0,0,1,0,1
480,2.273158691738958,0.025607055362205634,0.6394663802528302,0,1,1,0,0,1,1,0,0,1,1,0,0,1
2796,-0.43991649313097614,1.369379058123207,-1.3213496211870024,0,1,0,1,0,1,0,1,0,1,1,0,0,0
1531,-0.43991649313097614,-1.2774445836787656,-0.4240270442569095,1,0,1,0,0,1,1,0,0,1,1,0,0,1
2969,-0.43991649313097614,-1.2774445836787656,0.17418800702981907,1,0,1,0,0,1,1,0,0,1,1,0,0,0
3373,-0.43991649313097614,1.002895784642934,-1.45428629925072,0,1,0,1,0,1,0,1,0,1,1,0,0,0
2625,-0.43991649313097614,-0.8702409464784621,-1.1551787736073555,1,0,0,1,1,0,0,1,1,0,1,0,0,0
6444,-0.43991649313097614,-0.9516816739185228,-0.9890079260277087,0,1,1,0,1,0,1,0,1,0,1,0,0,1
5123,-0.43991649313097614,1.2064976032430856,0.5397638717050421,1,0,1,0,0,1,1,0,1,0,1,0,0,0
3287,-0.43991649313097614,0.6771328748826912,1.1712130925077,1,0,0,1,0,1,0,1,0,1,1,0,0,1
1178,-0.43991649313097614,-1.0738427650786138,-1.4875204687666492,1,0,0,1,0,1,0,1,1,0,0,0,1,0
1368,-0.43991649313097614,-1.0738427650786138,-0.6566662308684151,1,0,1,0,1,0,0,1,0,1,1,0,0,0
2619,-0.43991649313097614,-1.2774445836787656,0.3071246850935365,0,1,0,1,0,1,1,0,1,0,0,1,0,1
5183,-0.43991649313097614,1.6137012404433893,1.5700231266988525,0,1,1,0,0,1,0,1,1,0,0,1,0,0
5968,-0.43991649313097614,-0.9109613101984924,1.1712130925077,1,0,0,1,0,1,1,0,1,0,1,0,0,1
1978,2.273158691738958,-0.8702409464784621,0.8388713973484064,1,0,1,0,0,1,0,1,0,1,1,0,0,1
577,2.273158691738958,1.369379058123207,-0.025217010065757134,1,0,1,0,0,1,0,1,0,1,0,1,0,0
6382,-0.43991649313097614,1.0843365120829946,-0.7896029089321326,0,1,1,0,1,0,1,0,1,0,1,0,0,1
3348,2.273158691738958,-0.62591876415828,0.37359302412539525,0,1,1,0,0,1,1,0,1,0,0,0,1,1
2622,2.273158691738958,-0.748079855318371,1.0382764144439827,0,1,1,0,0,1,1,0,1,0,0,0,1,0
216,-0.43991649313097614,-0.7888002190384014,-1.4875204687666492,0,1,1,0,0,1,1,0,1,0,1,0,0,0
5115,-0.43991649313097614,0.3106496014024181,-0.32432453570912145,1,0,1,0,1,0,0,1,0,1,1,0,0,0
1802,-0.43991649313097614,-0.62591876415828,-1.288115451671073,0,1,1,0,1,0,1,0,0,1,1,0,0,0
1299,-0.43991649313097614,-1.2367242199587352,0.8721055668643357,1,0,1,0,0,1,1,0,1,0,0,1,0,1
233,-0.43991649313097614,-0.8702409464784621,0.3071246850935365,0,1,1,0,0,1,1,0,0,1,1,0,0,1
1511,-0.43991649313097614,0.5549717837226001,-0.12491951861354524,0,1,1,0,1,0,0,1,1,0,0,0,1,0
6733,-0.43991649313097614,-0.5037576729981889,-1.4875204687666492,1,0,1,0,0,1,0,1,0,1,1,0,0,0
114,2.273158691738958,0.43281069256250915,0.8388713973484064,1,0,1,0,0,1,0,1,0,1,1,0,0,0
2507,-0.43991649313097614,1.5322605130033284,-0.15815368812947458,0,1,0,1,1,0,0,1,1,0,0,0,1,0
641,-0.43991649313097614,0.5956921474426305,0.3071246850935365,1,0,1,0,0,1,0,1,1,0,0,0,1,0
1201,2.273158691738958,-1.1960038562387048,0.5397638717050421,0,1,1,0,0,1,0,1,0,1,0,1,0,1
3694,-0.43991649313097614,-0.015113308357824713,0.2738905155776072,0,1,1,0,0,1,0,1,1,0,0,1,0,0
3339,-0.43991649313097614,-1.1552834925186746,-1.4875204687666492,0,1,0,1,0,1,1,0,0,1,1,0,0,0
5562,-0.43991649313097614,1.0843365120829946,-1.4875204687666492,1,0,0,1,0,1,1,0,1,0,1,0,0,0
3161,-0.43991649313097614,-0.5444780367182193,-0.12491951861354524,1,0,0,1,0,1,1,0,1,0,0,0,1,0
4580,-0.43991649313097614,-0.1779947632379461,-0.15815368812947458,1,0,1,0,0,1,0,1,0,1,1,0,0,0
4236,-0.43991649313097614,-0.8295205827584317,-1.4875204687666492,1,0,1,0,0,1,0,1,0,1,0,1,0,0
3040,-0.43991649313097614,-0.38159658183809786,-0.6566662308684151,1,0,1,0,1,0,1,0,1,0,0,0,1,0
770,-0.43991649313097614,1.4100994218432374,-1.5207546382825785,1,0,0,1,0,1,1,0,1,0,0,1,0,0
5220,-0.43991649313097614,1.6137012404433893,1.3041497705714176,0,1,0,1,0,1,1,0,1,0,1,0,0,0
4410,-0.43991649313097614,0.35136996512244845,1.4703206181510644,1,0,0,1,0,1,1,0,1,0,0,0,1,0
6362,-0.43991649313097614,-1.2774445836787656,-0.49049538328876824,0,1,1,0,0,1,1,0,1,0,1,0,0,1
6968,-0.43991649313097614,0.3920903288424788,0.5065297021891128,0,1,1,0,0,1,0,1,0,1,1,0,0,0
2707,-0.43991649313097614,1.5729808767233588,0.5397638717050421,0,1,1,0,0,1,1,0,0,1,1,0,0,0
1958,-0.43991649313097614,0.3920903288424788,-1.45428629925072,1,0,1,0,0,1,0,1,1,0,1,0,0,0
5909,-0.43991649313097614,-0.62591876415828,0.1409538375138897,1,0,1,0,0,1,1,0,1,0,1,0,0,0
4607,-0.43991649313097614,-1.2367242199587352,0.47329553267318336,0,1,1,0,0,1,0,1,1,0,0,0,1,0
5470,-0.43991649313097614,-0.9516816739185228,0.7059347192846889,0,1,1,0,0,1,1,0,0,1,1,0,0,0
1000,-0.43991649313097614,-0.30015585439803716,-0.12491951861354524,1,0,1,0,1,0,1,0,1,0,1,0,0,0
2476,-0.43991649313097614,1.2064976032430856,0.6394663802528302,1,0,1,0,0,1,1,0,0,1,0,0,1,0
1067,2.273158691738958,0.9214550572028734,1.7029598047625698,0,1,1,0,0,1,1,0,1,0,0,0,1,0
6794,-0.43991649313097614,1.6137012404433893,0.07448549848203097,0,1,0,1,1,0,0,1,0,1,0,0,1,0
4363,2.273158691738958,1.369379058123207,0.5065297021891128,1,0,1,0,0,1,1,0,1,0,0,1,0,1
394,-0.43991649313097614,-1.2774445836787656,0.3071246850935365,0,1,0,1,0,1,1,0,1,0,1,0,0,1
3674,-0.43991649313097614,-1.0331224013585834,-0.4572612137728389,1,0,0,1,0,1,0,1,0,1,1,0,0,0
5949,-0.43991649313097614,0.3920903288424788,-1.5207546382825785,1,0,0,1,0,1,1,0,0,1,0,0,1,0
1464,-0.43991649313097614,-0.21871512695797646,1.0050422449280532,1,0,1,0,0,1,1,0,0,1,1,0,0,1
1151,2.273158691738958,-1.1145631287986442,0.8721055668643357,0,1,1,0,0,1,1,0,1,0,1,0,0,1
5245,-0.43991649313097614,-0.5851984004382496,1.0050422449280532,0,1,0,1,0,1,0,1,0,1,1,0,0,1
816,-0.43991649313097614,0.6771328748826912,0.9718080754121239,0,1,0,1,0,1,0,1,0,1,1,0,0,0
3989,-0.43991649313097614,-0.5851984004382496,-1.4875204687666492,0,1,1,0,0,1,0,1,1,0,0,1,0,0
6930,-0.43991649313097614,-0.5851984004382496,0.805637227832477,1,0,1,0,0,1,1,0,1,0,1,0,0,0
1485,-0.43991649313097614,-1.2367242199587352,1.0382764144439827,1,0,1,0,0,1,1,0,0,1,0,0,1,1
6301,-0.43991649313097614,0.35136996512244845,-0.4572612137728389,0,1,1,0,1,0,0,1,1,0,0,0,1,0
1591,-0.43991649313097614,-1.2774445836787656,-0.5237295528046976,1,0,1,0,0,1,1,0,1,0,0,0,1,0
1077,-0.43991649313097614,-0.748079855318371,-0.6234320613524857,0,1,1,0,1,0,0,1,1,0,0,1,0,1
252,-0.43991649313097614,0.35136996512244845,0.7724030583165477,1,0,0,1,0,1,1,0,0,1,1,0,0,0
6470,2.273158691738958,-0.62591876415828,0.6727005497687596,1,0,1,0,0,1,1,0,1,0,0,0,1,1
5016,-0.43991649313097614,0.18848851024232702,1.0382764144439827,0,1,1,0,0,1,0,1,1,0,1,0,0,0
5667,2.273158691738958,-0.3408762181180675,-0.7896029089321326,1,0,1,0,1,0,1,0,1,0,0,1,0,1
501,2.273158691738958,1.5322605130033284,0.37359302412539525,1,0,1,0,0,1,0,1,0,1,0,1,0,0
1287,-0.43991649313097614,1.5322605130033284,0.7059347192846889,0,1,0,1,0,1,1,0,1,0,0,1,0,0
6689,-0.43991649313097614,-1.0738427650786138,0.1409538375138897,0,1,1,0,0,1,1,0,1,0,0,0,1,0
6270,-0.43991649313097614,-0.9109613101984924,-0.6234320613524857,0,1,1,0,0,1,1,0,1,0,1,0,0,0
6121,2.273158691738958,0.9621754209229036,1.3373839400873468,1,0,1,0,0,1,1,0,1,0,1,0,0,0
5610,2.273158691738958,-0.7073594915983407,0.7059347192846889,0,1,1,0,0,1,0,1,0,1,1,0,0,1
2892,-0.43991649313097614,1.1657772395230555,1.3041497705714176,0,1,1,0,0,1,1,0,0,1,1,0,0,0
4737,-0.43991649313097614,-0.5851984004382496,0.5729980412209714,0,1,1,0,0,1,0,1,1,0,0,0,1,1
6238,-0.43991649313097614,-1.0738427650786138,0.1409538375138897,1,0,1,0,0,1,1,0,0,1,1,0,0,1
1756,-0.43991649313097614,0.10704778280226633,0.6062322107369008,0,1,1,0,0,1,1,0,1,0,1,0,0,0
6395,2.273158691738958,-1.2774445836787656,-0.29109036619319206,1,0,1,0,0,1,1,0,1,0,0,1,0,1
4669,-0.43991649313097614,0.7992939660427822,1.1712130925077,1,0,0,1,0,1,1,0,1,0,1,0,0,0
1739,-0.43991649313097614,-0.9516816739185228,-1.4875204687666492,1,0,0,1,0,1,0,1,0,1,0,1,0,0
1778,-0.43991649313097614,1.6137012404433893,0.7059347192846889,0,1,1,0,0,1,0,1,1,0,1,0,0,0
524,-0.43991649313097614,1.4508197855632678,-1.4875204687666492,0,1,0,1,0,1,0,1,0,1,1,0,0,0
6432,-0.43991649313097614,-0.46303730927815856,-1.3213496211870024,0,1,0,1,0,1,1,0,1,0,0,0,1,0
6672,2.273158691738958,1.2879383306831464,-0.6899004003843444,1,0,1,0,1,0,1,0,0,1,0,0,1,0
294,-0.43991649313097614,-0.1779947632379461,-1.4875204687666492,1,0,0,1,0,1,1,0,0,1,1,0,0,0
5412,-0.43991649313097614,1.3286586944031769,1.1379789229917707,1,0,0,1,0,1,1,0,1,0,1,0,0,0
6504,-0.43991649313097614,-0.8295205827584317,1.4038522791192056,0,1,1,0,0,1,1,0,1,0,0,1,0,1
5865,-0.43991649313097614,-1.0331224013585834,0.1409538375138897,1,0,0,1,0,1,1,0,1,0,0,0,1,0
3269,2.273158691738958,1.5322605130033284,0.9053397363802651,1,0,1,0,0,1,0,1,1,0,0,1,0,0
5194,-0.43991649313097614,-0.9924020376385531,-1.4875204687666492,1,0,0,1,0,1,0,1,1,0,0,0,1,0
6368,-0.43991649313097614,1.2064976032430856,0.2406563460616778,1,0,1,0,0,1,1,0,1,0,0,0,1,0
6127,-0.43991649313097614,-0.5851984004382496,-0.6234320613524857,0,1,0,1,1,0,1,0,0,1,1,0,0,0
4542,-0.43991649313097614,-1.2774445836787656,0.9718080754121239,1,0,1,0,0,1,0,1,1,0,1,0,0,1
4868,2.273158691738958,-0.38159658183809786,0.3403588546094659,1,0,1,0,0,1,0,1,0,1,1,0,0,0
5892,-0.43991649313097614,1.5729808767233588,0.47329553267318336,0,1,1,0,0,1,1,0,1,0,0,1,0,0
3851,-0.43991649313097614,-1.1552834925186746,-0.12491951861354524,0,1,1,0,0,1,1,0,1,0,0,0,1,0
599,-0.43991649313097614,-1.1145631287986442,-1.3213496211870024,0,1,1,0,1,0,0,1,0,1,0,1,0,1
2107,-0.43991649313097614,-1.2367242199587352,-0.49049538328876824,0,1,1,0,0,1,1,0,1,0,0,1,0,0
2334,-0.43991649313097614,-0.8702409464784621,-0.32432453570912145,0,1,1,0,0,1,0,1,1,0,1,0,0,0
2940,-0.43991649313097614,-1.2774445836787656,0.5065297021891128,0,1,0,1,0,1,1,0,0,1,1,0,0,1
3451,-0.43991649313097614,0.8400143297628127,-1.4875204687666492,1,0,0,1,0,1,0,1,0,1,0,1,0,0
924,-0.43991649313097614,1.3286586944031769,-1.3213496211870024,0,1,1,0,0,1,0,1,1,0,0,1,0,0
1298,2.273158691738958,1.5322605130033284,1.270915601055488,0,1,1,0,0,1,0,1,0,1,1,0,0,1
1682,-0.43991649313097614,1.4100994218432374,-1.288115451671073,1,0,1,0,0,1,0,1,1,0,0,0,1,0
6339,-0.43991649313097614,1.4915401492832983,0.5729980412209714,0,1,0,1,0,1,1,0,1,0,1,0,0,0
2141,2.273158691738958,-0.21871512695797646,0.7059347192846889,1,0,1,0,0,1,0,1,0,1,1,0,0,0
447,-0.43991649313097614,0.9621754209229036,0.5397638717050421,0,1,1,0,0,1,1,0,0,1,1,0,0,0
3900,2.273158691738958,-1.1960038562387048,-0.6566662308684151,1,0,1,0,0,1,0,1,0,1,1,0,0,1
1937,-0.43991649313097614,-1.1960038562387048,0.3071246850935365,1,0,1,0,0,1,1,0,1,0,0,1,0,1
3215,-0.43991649313097614,1.3286586944031769,0.9053397363802651,1,0,0,1,0,1,0,1,0,1,0,1,0,0
2899,-0.43991649313097614,-0.9516816739185228,0.805637227832477,1,0,1,0,0,1,1,0,1,0,0,0,1,1
1210,-0.43991649313097614,-0.7073594915983407,-1.1551787736073555,0,1,1,0,1,0,0,1,0,1,0,1,0,1
6987,-0.43991649313097614,-0.748079855318371,-0.15815368812947458,1,0,0,1,0,1,0,1,0,1,1,0,0,0
5113,-0.43991649313097614,1.5322605130033284,0.6394663802528302,0,1,0,1,0,1,1,0,1,0,1,0,0,0
3494,2.273158691738958,-0.62591876415828,1.1712130925077,0,1,1,0,0,1,1,0,1,0,1,0,0,1
4465,-0.43991649313097614,0.43281069256250915,0.8721055668643357,0,1,0,1,0,1,1,0,0,1,1,0,0,0
789,-0.43991649313097614,-1.2774445836787656,-1.4875204687666492,1,0,0,1,0,1,0,1,1,0,0,1,0,0
6582,-0.43991649313097614,1.6137012404433893,1.7361939742784993,1,0,1,0,0,1,0,1,1,0,0,1,0,0
2916,-0.43991649313097614,-0.9109613101984924,-0.6234320613524857,0,1,1,0,0,1,1,0,1,0,0,0,1,1
6489,-0.43991649313097614,-0.6666391278783103,0.5065297021891128,1,0,0,1,0,1,1,0,0,1,1,0,0,0
3094,-0.43991649313097614,0.22920887396235737,0.6394663802528302,1,0,1,0,0,1,1,0,1,0,0,1,0,1
566,-0.43991649313097614,1.1657772395230555,-1.0222420955436382,0,1,0,1,1,0,1,0,1,0,0,0,1,0
3738,-0.43991649313097614,-0.4223169455581282,0.805637227832477,0,1,0,1,0,1,0,1,1,0,1,0,0,0
4807,-0.43991649313097614,-0.1779947632379461,0.8388713973484064,1,0,1,0,0,1,1,0,1,0,0,1,0,0
2010,-0.43991649313097614,1.4915401492832983,1.1047447534758412,0,1,1,0,0,1,0,1,1,0,0,0,1,0
2179,2.273158691738958,1.5729808767233588,1.5035547876669937,1,0,1,0,0,1,1,0,1,0,0,0,1,0
5443,-0.43991649313097614,-0.7073594915983407,-1.4875204687666492,0,1,1,0,0,1,0,1,1,0,0,0,1,0
2046,-0.43991649313097614,0.26992923768238775,-0.7896029089321326,1,0,1,0,1,0,0,1,0,1,0,0,1,0
2993,-0.43991649313097614,-1.1145631287986442,0.7059347192846889,1,0,0,1,0,1,1,0,1,0,1,0,0,1
6754,-0.43991649313097614,1.5729808767233588,-1.4875204687666492,1,0,0,1,0,1,0,1,1,0,0,1,0,0
2583,-0.43991649313097614,-0.62591876415828,-1.4875204687666492,1,0,1,0,0,1,0,1,0,1,1,0,0,0
3903,2.273158691738958,-0.9924020376385531,1.1712130925077,1,0,1,0,0,1,1,0,1,0,1,0,0,0
1690,2.273158691738958,1.5729808767233588,-1.3545837907029317,0,1,1,0,0,1,1,0,1,0,1,0,0,0
628,-0.43991649313097614,-1.1145631287986442,-0.3575587052250508,1,0,1,0,0,1,0,1,0,1,0,1,0,1
6768,-0.43991649313097614,1.4508197855632678,0.9053397363802651,1,0,1,0,0,1,1,0,1,0,1,0,0,0
4985,2.273158691738958,-0.9516816739185228,0.8388713973484064,1,0,1,0,0,1,1,0,1,0,1,0,0,0
6005,-0.43991649313097614,1.0436161483629645,-1.3545837907029317,0,1,1,0,0,1,1,0,0,1,0,1,0,0
3466,-0.43991649313097614,-1.2774445836787656,0.17418800702981907,0,1,1,0,0,1,1,0,1,0,1,0,0,1
897,-0.43991649313097614,1.4915401492832983,-1.3545837907029317,0,1,0,1,0,1,0,1,0,1,0,0,1,0
5050,-0.43991649313097614,1.0843365120829946,-1.45428629925072,1,0,0,1,0,1,1,0,1,0,1,0,0,0
250,-0.43991649313097614,-0.8702409464784621,-1.3213496211870024,1,0,0,1,1,0,0,1,0,1,0,1,0,0
3283,-0.43991649313097614,-1.1960038562387048,-1.45428629925072,0,1,1,0,0,1,0,1,0,1,0,1,0,0
6935,-0.43991649313097614,0.5956921474426305,-0.8228370784480619,0,1,0,1,1,0,0,1,0,1,0,0,1,0
3644,-0.43991649313097614,-0.9516816739185228,-0.32432453570912145,0,1,0,1,0,1,1,0,1,0,0,1,0,0
1860,-0.43991649313097614,1.125056875803025,1.3706181096032763,1,0,1,0,0,1,1,0,0,1,1,0,0,1
3962,-0.43991649313097614,-1.2367242199587352,0.5065297021891128,0,1,1,0,0,1,1,0,1,0,1,0,0,1
6538,-0.43991649313097614,0.14776814652229667,1.3373839400873468,1,0,1,0,0,1,0,1,0,1,0,1,0,0
2511,-0.43991649313097614,-0.7073594915983407,0.6394663802528302,1,0,1,0,0,1,0,1,0,1,1,0,0,0
2167,2.273158691738958,-0.5851984004382496,-0.22462202716133334,0,1,1,0,0,1,0,1,0,1,0,1,0,0
4438,-0.43991649313097614,-1.2774445836787656,-1.0222420955436382,0,1,0,1,1,0,0,1,0,1,0,0,1,0
5264,-0.43991649313097614,-0.13727439951791576,-0.8228370784480619,1,0,1,0,1,0,1,0,1,0,1,0,0,0
6099,-0.43991649313097614,-1.1960038562387048,1.437086448635135,0,1,1,0,0,1,0,1,1,0,0,1,0,0
2187,-0.43991649313097614,1.125056875803025,1.4703206181510644,0,1,1,0,0,1,1,0,1,0,0,0,1,0
6625,-0.43991649313097614,0.43281069256250915,0.2406563460616778,0,1,0,1,0,1,1,0,1,0,0,0,1,0
2439,-0.43991649313097614,0.14776814652229667,-1.5207546382825785,0,1,0,1,0,1,0,1,0,1,1,0,0,0
210,-0.43991649313097614,-0.4223169455581282,-1.4875204687666492,1,0,1,0,0,1,1,0,0,1,0,1,0,0
5665,-0.43991649313097614,-0.1779947632379461,0.6727005497687596,0,1,0,1,0,1,1,0,0,1,1,0,0,0
1042,-0.43991649313097614,-1.2774445836787656,-0.9890079260277087,1,0,1,0,1,0,1,0,1,0,0,1,0,1
4227,-0.43991649313097614,-1.1145631287986442,-0.6566662308684151,1,0,0,1,0,1,0,1,0,1,1,0,0,0
1617,-0.43991649313097614,-0.5037576729981889,-1.5207546382825785,1,0,1,0,0,1,1,0,1,0,0,0,1,0
1966,-0.43991649313097614,-0.38159658183809786,0.7391688888006183,0,1,0,1,0,1,1,0,1,0,1,0,0,0
3639,-0.43991649313097614,-1.0738427650786138,0.5065297021891128,0,1,1,0,0,1,1,0,1,0,1,0,0,0
6037,-0.43991649313097614,-0.2594354906780068,-0.32432453570912145,0,1,1,0,1,0,1,0,0,1,0,1,0,0
2024,-0.43991649313097614,-0.4223169455581282,-0.32432453570912145,0,1,1,0,0,1,0,1,0,1,1,0,0,0
154,2.273158691738958,-0.5851984004382496,1.3041497705714176,1,0,1,0,0,1,1,0,1,0,0,0,1,0
4705,-0.43991649313097614,-0.5851984004382496,0.5397638717050421,0,1,0,1,0,1,0,1,1,0,1,0,0,0
2438,-0.43991649313097614,1.2064976032430856,1.3041497705714176,1,0,1,0,0,1,1,0,1,0,1,0,0,0
2938,-0.43991649313097614,-0.2594354906780068,-1.288115451671073,1,0,1,0,0,1,0,1,0,1,0,1,0,0
5678,-0.43991649313097614,1.5322605130033284,0.3071246850935365,1,0,0,1,0,1,1,0,0,1,0,1,0,0
5917,-0.43991649313097614,0.6364125111626608,1.3373839400873468,1,0,0,1,0,1,0,1,0,1,0,0,1,0
3102,2.273158691738958,-1.2367242199587352,0.9718080754121239,0,1,1,0,0,1,0,1,0,1,1,0,0,1
2865,2.273158691738958,1.3286586944031769,1.4703206181510644,1,0,1,0,0,1,1,0,1,0,1,0,0,0
117,-0.43991649313097614,1.5729808767233588,0.9385739058961945,1,0,1,0,0,1,1,0,1,0,0,0,1,0
4135,-0.43991649313097614,-0.6666391278783103,0.3403588546094659,1,0,1,0,0,1,0,1,0,1,1,0,0,0
2949,2.273158691738958,1.0843365120829946,0.9718080754121239,0,1,1,0,0,1,0,1,0,1,1,0,0,1
2129,-0.43991649313097614,0.758573602322752,-0.6899004003843444,0,1,1,0,1,0,0,1,1,0,1,0,0,0
1845,-0.43991649313097614,1.247217966963116,1.2044472620236295,1,0,0,1,0,1,1,0,1,0,0,1,0,1
2236,-0.43991649313097614,0.35136996512244845,1.1047447534758412,1,0,1,0,0,1,0,1,1,0,0,1,0,0
3662,-0.43991649313097614,1.2064976032430856,0.6727005497687596,1,0,1,0,0,1,1,0,0,1,0,1,0,0
2644,-0.43991649313097614,-1.1960038562387048,0.3071246850935365,1,0,1,0,0,1,0,1,0,1,1,0,0,1
540,2.273158691738958,-0.5851984004382496,-0.556963722320627,1,0,1,0,1,0,1,0,1,0,0,0,1,1
4044,-0.43991649313097614,1.5729808767233588,-1.4875204687666492,1,0,0,1,0,1,1,0,1,0,0,0,1,0
364,-0.43991649313097614,-0.21871512695797646,0.3071246850935365,1,0,0,1,0,1,1,0,1,0,0,0,1,0
6094,-0.43991649313097614,-1.2367242199587352,0.17418800702981907,1,0,1,0,0,1,1,0,1,0,0,0,1,1
4977,2.273158691738958,1.6137012404433893,1.6697256352466405,1,0,1,0,0,1,1,0,1,0,0,0,1,0
6281,-0.43991649313097614,0.35136996512244845,0.8388713973484064,0,1,1,0,0,1,1,0,1,0,0,1,0,0
4536,-0.43991649313097614,1.2064976032430856,1.1712130925077,1,0,0,1,0,1,0,1,0,1,1,0,0,1
5314,2.273158691738958,-1.0331224013585834,0.8388713973484064,0,1,1,0,0,1,1,0,0,1,1,0,0,1
5029,-0.43991649313097614,1.4915401492832983,-0.15815368812947458,0,1,0,1,0,1,1,0,0,1,0,0,1,0
4072,-0.43991649313097614,1.1657772395230555,0.9718080754121239,1,0,1,0,0,1,1,0,1,0,1,0,0,0
1680,-0.43991649313097614,1.6137012404433893,-0.5237295528046976,1,0,1,0,1,0,1,0,1,0,1,0,0,0
5003,2.273158691738958,1.5729808767233588,-0.29109036619319206,0,1,1,0,1,0,1,0,1,0,0,0,1,0
399,-0.43991649313097614,-1.2774445836787656,-1.4875204687666492,0,1,1,0,0,1,1,0,1,0,1,0,0,0
6411,-0.43991649313097614,-1.1552834925186746,-0.6234320613524857,0,1,1,0,0,1,0,1,1,0,0,1,0,0
490,-0.43991649313097614,-0.0965540357978854,-0.49049538328876824,0,1,1,0,0,1,0,1,0,1,1,0,0,0
3344,-0.43991649313097614,1.125056875803025,0.47329553267318336,0,1,1,0,0,1,1,0,1,0,0,1,0,0
1011,-0.43991649313097614,0.3106496014024181,-1.4875204687666492,1,0,0,1,0,1,1,0,1,0,1,0,0,0
1399,-0.43991649313097614,-1.2774445836787656,-1.3213496211870024,1,0,1,0,1,0,0,1,0,1,1,0,0,1
6254,-0.43991649313097614,-0.9516816739185228,-1.4875204687666492,0,1,1,0,0,1,1,0,1,0,1,0,0,1
784,-0.43991649313097614,1.6137012404433893,1.5035547876669937,0,1,0,1,0,1,1,0,1,0,1,0,0,0
2076,-0.43991649313097614,-0.8295205827584317,1.0382764144439827,1,0,1,0,0,1,0,1,0,1,1,0,0,1
2425,-0.43991649313097614,1.4915401492832983,1.6032572962147817,0,1,1,0,0,1,0,1,0,1,0,0,1,0
4540,2.273158691738958,0.22920887396235737,-1.3213496211870024,0,1,1,0,1,0,0,1,1,0,0,0,1,0
4416,-0.43991649313097614,0.47353105628253944,-1.4875204687666492,0,1,0,1,0,1,0,1,1,0,0,0,1,0
3474,-0.43991649313097614,-0.9109613101984924,1.1047447534758412,1,0,1,0,0,1,0,1,0,1,1,0,0,1
4223,-0.43991649313097614,-0.5851984004382496,1.0382764144439827,1,0,1,0,0,1,1,0,0,1,0,1,0,1
3175,-0.43991649313097614,-1.2774445836787656,0.44006136315725397,1,0,1,0,0,1,1,0,1,0,0,1,0,1
3680,-0.43991649313097614,0.7992939660427822,1.0050422449280532,1,0,1,0,0,1,1,0,1,0,1,0,0,0
5561,-0.43991649313097614,0.7992939660427822,0.9053397363802651,0,1,1,0,0,1,1,0,0,1,1,0,0,0
400,2.273158691738958,-0.7073594915983407,1.0382764144439827,1,0,1,0,0,1,1,0,1,0,0,1,0,1
1965,-0.43991649313097614,-1.1145631287986442,-1.5207546382825785,0,1,1,0,0,1,1,0,1,0,0,1,0,1
2148,-0.43991649313097614,1.5322605130033284,0.2738905155776072,0,1,1,0,0,1,1,0,1,0,1,0,0,0
3401,-0.43991649313097614,-0.38159658183809786,-1.3545837907029317,1,0,0,1,0,1,0,1,0,1,1,0,0,0
6815,-0.43991649313097614,0.22920887396235737,-0.3575587052250508,1,0,0,1,0,1,0,1,0,1,1,0,0,0
6680,-0.43991649313097614,-0.8702409464784621,0.37359302412539525,1,0,1,0,0,1,1,0,1,0,0,0,1,1
1227,-0.43991649313097614,-1.1145631287986442,0.17418800702981907,1,0,1,0,0,1,0,1,1,0,0,0,1,1
3600,-0.43991649313097614,-0.7073594915983407,-1.4875204687666492,0,1,0,1,0,1,0,1,1,0,1,0,0,0
3746,-0.43991649313097614,-0.7888002190384014,-0.3907928747409802,1,0,0,1,0,1,1,0,0,1,1,0,0,0
343,-0.43991649313097614,-0.13727439951791576,-1.4875204687666492,1,0,1,0,0,1,0,1,1,0,1,0,0,0
2797,-0.43991649313097614,1.6137012404433893,-0.15815368812947458,1,0,1,0,0,1,0,1,0,1,1,0,0,0
5240,-0.43991649313097614,0.22920887396235737,1.1379789229917707,0,1,0,1,0,1,1,0,0,1,0,1,0,1
3292,2.273158691738958,-1.2367242199587352,0.8388713973484064,1,0,1,0,0,1,1,0,1,0,1,0,0,1
661,-0.43991649313097614,0.758573602322752,0.6394663802528302,0,1,1,0,0,1,1,0,1,0,1,0,0,0
6415,2.273158691738958,-0.0965540357978854,0.9053397363802651,1,0,1,0,0,1,0,1,1,0,0,0,1,1
4277,-0.43991649313097614,0.9214550572028734,1.2044472620236295,0,1,1,0,0,1,1,0,1,0,1,0,0,0
1568,-0.43991649313097614,-1.2774445836787656,-1.4875204687666492,0,1,1,0,0,1,1,0,1,0,1,0,0,1
2388,-0.43991649313097614,0.5549717837226001,-0.025217010065757134,1,0,1,0,0,1,0,1,0,1,1,0,0,0
2393,-0.43991649313097614,-0.9924020376385531,0.5065297021891128,1,0,1,0,0,1,0,1,0,1,1,0,0,0
2883,-0.43991649313097614,1.5322605130033284,1.437086448635135,1,0,0,1,0,1,1,0,1,0,1,0,0,0
6639,2.273158691738958,-1.0738427650786138,-0.6899004003843444,1,0,1,0,1,0,1,0,1,0,0,0,1,0
6749,-0.43991649313097614,-0.9924020376385531,0.37359302412539525,0,1,0,1,0,1,1,0,0,1,1,0,0,0
4408,-0.43991649313097614,0.7992939660427822,-0.8560712479639913,1,0,1,0,1,0,1,0,1,0,1,0,0,0
6727,2.273158691738958,0.880734693482843,0.008017159450172232,0,1,1,0,0,1,1,0,0,1,1,0,0,0
5941,2.273158691738958,1.5729808767233588,1.3706181096032763,0,1,1,0,0,1,1,0,0,1,0,1,0,0
5331,-0.43991649313097614,0.025607055362205634,-1.0222420955436382,0,1,0,1,1,0,1,0,0,1,1,0,0,0
6080,2.273158691738958,1.5322605130033284,1.437086448635135,1,0,0,1,0,1,0,1,1,0,1,0,0,0
7031,2.273158691738958,-1.2774445836787656,0.37359302412539525,1,0,1,0,0,1,1,0,1,0,1,0,0,1
5585,2.273158691738958,-0.9924020376385531,1.3706181096032763,1,0,1,0,0,1,0,1,0,1,1,0,0,1
1300,-0.43991649313097614,0.5956921474426305,1.536788957182923,0,1,1,0,0,1,1,0,1,0,1,0,0,1
1513,-0.43991649313097614,0.7992939660427822,-1.4875204687666492,1,0,0,1,0,1,0,1,0,1,1,0,0,0
2499,-0.43991649313097614,-0.7073594915983407,-0.19138785764540397,1,0,1,0,0,1,1,0,1,0,1,0,0,1
6613,-0.43991649313097614,-0.8702409464784621,-0.8228370784480619,1,0,1,0,1,0,1,0,0,1,1,0,0,0
6872,-0.43991649313097614,1.6137012404433893,-1.45428629925072,1,0,0,1,0,1,0,1,0,1,1,0,0,0
1157,2.273158691738958,-1.2367242199587352,-1.1551787736073555,1,0,1,0,1,0,1,0,1,0,0,0,1,1
3367,-0.43991649313097614,-0.5444780367182193,0.805637227832477,1,0,0,1,0,1,1,0,0,1,0,1,0,0
3106,-0.43991649313097614,-0.8702409464784621,0.8721055668643357,0,1,0,1,0,1,1,0,1,0,1,0,0,0
2764,-0.43991649313097614,0.10704778280226633,1.1712130925077,1,0,1,0,0,1,1,0,0,1,1,0,0,1
2171,-0.43991649313097614,1.4915401492832983,1.3373839400873468,0,1,1,0,0,1,1,0,1,0,0,1,0,0
3323,-0.43991649313097614,-1.2774445836787656,-1.4875204687666492,1,0,1,0,0,1,0,1,0,1,1,0,0,1
5277,2.273158691738958,-0.13727439951791576,1.1379789229917707,1,0,1,0,0,1,1,0,1,0,0,1,0,1
5364,-0.43991649313097614,-0.9109613101984924,1.3041497705714176,0,1,1,0,0,1,0,1,1,0,0,0,1,1
6203,-0.43991649313097614,-1.1552834925186746,-0.49049538328876824,0,1,1,0,0,1,0,1,1,0,0,1,0,1
6439,2.273158691738958,-0.055833672077855064,1.1712130925077,1,0,1,0,0,1,0,1,0,1,1,0,0,1
2248,-0.43991649313097614,-1.2774445836787656,-1.5207546382825785,0,1,0,1,0,1,1,0,1,0,0,0,1,1
4897,2.273158691738958,-0.6666391278783103,0.9053397363802651,0,1,1,0,0,1,1,0,1,0,1,0,0,0
2322,-0.43991649313097614,-0.13727439951791576,-0.32432453570912145,0,1,0,1,1,0,0,1,0,1,1,0,0,0
3856,-0.43991649313097614,0.8400143297628127,1.0050422449280532,1,0,1,0,0,1,1,0,1,0,1,0,0,1
1097,2.273158691738958,-1.2367242199587352,0.6394663802528302,1,0,1,0,0,1,1,0,1,0,1,0,0,0
4929,2.273158691738958,0.5956921474426305,0.6727005497687596,1,0,1,0,0,1,1,0,1,0,1,0,0,1
3587,-0.43991649313097614,1.002895784642934,1.1712130925077,1,0,1,0,0,1,1,0,1,0,1,0,0,0
2888,-0.43991649313097614,0.5956921474426305,-1.2548812821551436,1,0,1,0,0,1,1,0,1,0,1,0,0,0
1183,-0.43991649313097614,0.7992939660427822,0.3403588546094659,0,1,1,0,0,1,1,0,1,0,1,0,0,0
4838,-0.43991649313097614,1.125056875803025,0.6727005497687596,0,1,0,1,0,1,1,0,0,1,1,0,0,0
4067,-0.43991649313097614,1.2064976032430856,0.1409538375138897,0,1,1,0,0,1,0,1,1,0,0,1,0,0
6540,-0.43991649313097614,1.3286586944031769,1.3706181096032763,1,0,0,1,0,1,1,0,1,0,1,0,0,1
3210,-0.43991649313097614,1.2879383306831464,1.536788957182923,1,0,0,1,0,1,0,1,0,1,1,0,0,0
4654,-0.43991649313097614,-0.46303730927815856,-0.6566662308684151,1,0,0,1,0,1,1,0,1,0,1,0,0,0
437,-0.43991649313097614,1.4915401492832983,1.0382764144439827,1,0,1,0,0,1,1,0,1,0,0,1,0,0
1837,-0.43991649313097614,-0.0965540357978854,0.5729980412209714,0,1,0,1,0,1,1,0,0,1,1,0,0,0
1935,-0.43991649313097614,-0.5851984004382496,0.3403588546094659,1,0,1,0,0,1,1,0,0,1,1,0,0,0
930,-0.43991649313097614,0.6364125111626608,0.17418800702981907,1,0,0,1,0,1,1,0,0,1,0,1,0,0
1064,-0.43991649313097614,0.025607055362205634,0.8721055668643357,1,0,1,0,0,1,1,0,1,0,1,0,0,0
5640,-0.43991649313097614,-0.1779947632379461,-0.32432453570912145,1,0,1,0,0,1,1,0,1,0,1,0,0,0
2445,-0.43991649313097614,-1.2774445836787656,-0.6234320613524857,0,1,1,0,0,1,0,1,0,1,1,0,0,1
1805,2.273158691738958,-0.6666391278783103,0.3071246850935365,0,1,1,0,0,1,1,0,1,0,1,0,0,0
3156,-0.43991649313097614,-0.21871512695797646,0.44006136315725397,1,0,1,0,0,1,1,0,1,0,0,1,0,0
6720,-0.43991649313097614,-0.1779947632379461,1.1712130925077,0,1,1,0,0,1,0,1,1,0,0,0,1,0
4682,-0.43991649313097614,0.758573602322752,1.1379789229917707,1,0,1,0,0,1,0,1,0,1,1,0,0,0
1037,-0.43991649313097614,-1.0331224013585834,0.9718080754121239,0,1,1,0,0,1,0,1,0,1,0,0,1,0
1455,-0.43991649313097614,1.002895784642934,-0.29109036619319206,0,1,1,0,0,1,1,0,1,0,1,0,0,0
4167,2.273158691738958,1.5322605130033284,0.8388713973484064,0,1,1,0,0,1,1,0,1,0,0,1,0,0
6479,2.273158691738958,1.4100994218432374,0.008017159450172232,0,1,1,0,0,1,0,1,0,1,0,0,1,0
37,-0.43991649313097614,1.6137012404433893,-1.45428629925072,1,0,1,0,0,1,1,0,0,1,1,0,0,0
178,2.273158691738958,1.6137012404433893,1.3041497705714176,0,1,0,1,0,1,1,0,0,1,1,0,0,0
2800,-0.43991649313097614,-0.62591876415828,0.9718080754121239,1,0,0,1,0,1,1,0,1,0,0,1,0,1
2054,-0.43991649313097614,1.5729808767233588,-1.3545837907029317,1,0,1,0,0,1,0,1,0,1,1,0,0,0
788,-0.43991649313097614,-0.7888002190384014,0.0412513289661016,0,1,0,1,0,1,0,1,1,0,1,0,0,0
663,-0.43991649313097614,0.47353105628253944,-1.4875204687666492,0,1,0,1,0,1,1,0,1,0,1,0,0,0
2913,-0.43991649313097614,1.0843365120829946,0.7059347192846889,0,1,1,0,0,1,0,1,0,1,1,0,0,1
3507,-0.43991649313097614,-0.5851984004382496,0.6727005497687596,1,0,1,0,0,1,0,1,0,1,1,0,0,1
3869,2.273158691738958,-1.1145631287986442,0.7059347192846889,0,1,1,0,0,1,1,0,0,1,1,0,0,0
3974,-0.43991649313097614,-0.30015585439803716,-0.19138785764540397,1,0,0,1,1,0,1,0,1,0,0,1,0,1
808,-0.43991649313097614,1.6137012404433893,0.5397638717050421,0,1,0,1,0,1,0,1,0,1,0,0,1,0
2336,-0.43991649313097614,-0.0965540357978854,-0.6899004003843444,0,1,0,1,1,0,1,0,1,0,1,0,0,0
4596,-0.43991649313097614,-1.0738427650786138,1.1712130925077,1,0,1,0,0,1,0,1,1,0,0,0,1,1
26,-0.43991649313097614,-1.1145631287986442,0.10771966799796033,1,0,1,0,0,1,1,0,1,0,1,0,0,1
55,-0.43991649313097614,1.0843365120829946,1.071510583959912,1,0,0,1,0,1,1,0,1,0,0,1,0,0
3510,-0.43991649313097614,-0.0965540357978854,0.8388713973484064,0,1,1,0,0,1,1,0,1,0,1,0,0,0
6714,-0.43991649313097614,-0.62591876415828,-0.4240270442569095,0,1,1,0,0,1,0,1,0,1,1,0,0,1
6657,-0.43991649313097614,-1.2774445836787656,-1.5207546382825785,1,0,1,0,0,1,0,1,1,0,0,0,1,0
1479,-0.43991649313097614,-1.2367242199587352,-1.3545837907029317,0,1,1,0,1,0,0,1,0,1,1,0,0,0
4911,-0.43991649313097614,-1.0738427650786138,-0.32432453570912145,1,0,1,0,0,1,1,0,1,0,0,1,0,0
5360,-0.43991649313097614,1.2064976032430856,-1.45428629925072,0,1,0,1,0,1,1,0,1,0,1,0,0,0
4789,-0.43991649313097614,0.5956921474426305,-1.3213496211870024,0,1,1,0,0,1,0,1,1,0,0,0,1,0
5353,-0.43991649313097614,0.26992923768238775,0.2738905155776072,0,1,1,0,0,1,1,0,0,1,1,0,0,0
299,2.273158691738958,-0.46303730927815856,1.0050422449280532,1,0,1,0,0,1,0,1,1,0,1,0,0,0
3410,2.273158691738958,-1.0331224013585834,0.008017159450172232,1,0,1,0,0,1,0,1,0,1,0,0,1,0
3576,-0.43991649313097614,-1.2774445836787656,0.5065297021891128,0,1,1,0,0,1,1,0,1,0,1,0,0,1
2879,-0.43991649313097614,-0.9924020376385531,-1.4875204687666492,1,0,0,1,0,1,1,0,0,1,1,0,0,0
1018,-0.43991649313097614,0.7178532386027215,-1.4875204687666492,0,1,1,0,0,1,0,1,1,0,0,1,0,0
1161,-0.43991649313097614,-1.2774445836787656,0.5065297021891128,1,0,0,1,0,1,1,0,0,1,1,0,0,1
4557,-0.43991649313097614,-0.21871512695797646,-1.4875204687666492,0,1,1,0,0,1,1,0,0,1,1,0,0,0
1862,-0.43991649313097614,0.3920903288424788,-0.15815368812947458,1,0,1,0,0,1,1,0,1,0,1,0,0,0
4652,-0.43991649313097614,-1.0738427650786138,0.9718080754121239,1,0,1,0,0,1,1,0,0,1,1,0,0,1
2498,-0.43991649313097614,-1.2774445836787656,-0.49049538328876824,1,0,1,0,0,1,1,0,1,0,1,0,0,0
881,-0.43991649313097614,-0.4223169455581282,-1.4875204687666492,0,1,0,1,0,1,1,0,0,1,1,0,0,0
649,2.273158691738958,0.18848851024232702,1.071510583959912,1,0,1,0,0,1,0,1,0,1,1,0,0,1
371,-0.43991649313097614,-0.748079855318371,-0.3575587052250508,1,0,1,0,0,1,1,0,1,0,0,1,0,0
1535,-0.43991649313097614,-0.8702409464784621,0.3403588546094659,1,0,1,0,0,1,1,0,1,0,0,0,1,0
1297,-0.43991649313097614,-1.2367242199587352,-0.2578561966772627,0,1,0,1,0,1,1,0,0,1,1,0,0,1
3205,-0.43991649313097614,-0.13727439951791576,-1.3213496211870024,1,0,1,0,1,0,1,0,1,0,0,1,0,1
5856,-0.43991649313097614,-1.1552834925186746,-1.3213496211870024,1,0,1,0,1,0,1,0,1,0,1,0,0,0
2678,-0.43991649313097614,1.2879383306831464,-1.4875204687666492,0,1,0,1,0,1,1,0,0,1,1,0,0,0
1234,-0.43991649313097614,-1.2774445836787656,-0.6566662308684151,0,1,1,0,0,1,0,1,1,0,0,0,1,0
2704,-0.43991649313097614,0.26992923768238775,0.5729980412209714,0,1,1,0,0,1,0,1,1,0,1,0,0,0
6123,2.273158691738958,-0.5037576729981889,0.6394663802528302,0,1,1,0,0,1,1,0,1,0,0,1,0,0
17,-0.43991649313097614,-0.8702409464784621,-0.3575587052250508,0,1,1,0,0,1,1,0,1,0,0,1,0,1
4978,-0.43991649313097614,1.0843365120829946,0.9385739058961945,1,0,1,0,0,1,1,0,1,0,0,1,0,0
2346,-0.43991649313097614,-1.2774445836787656,-0.4572612137728389,0,1,1,0,0,1,1,0,1,0,1,0,0,1
6222,-0.43991649313097614,0.758573602322752,1.1379789229917707,0,1,1,0,0,1,1,0,1,0,0,1,0,0
3180,-0.43991649313097614,-0.38159658183809786,0.0412513289661016,1,0,0,1,0,1,1,0,1,0,0,0,1,0
4220,-0.43991649313097614,-0.3408762181180675,0.805637227832477,0,1,1,0,0,1,1,0,0,1,0,1,0,0
5159,-0.43991649313097614,-0.21871512695797646,-1.4875204687666492,0,1,0,1,0,1,0,1,1,0,0,0,1,0
2441,-0.43991649313097614,1.4915401492832983,1.7029598047625698,1,0,1,0,0,1,1,0,1,0,1,0,0,0
6683,2.273158691738958,-0.9924020376385531,1.2044472620236295,1,0,1,0,0,1,0,1,0,1,0,0,1,1
4020,-0.43991649313097614,-0.8295205827584317,0.44006136315725397,1,0,1,0,0,1,0,1,0,1,1,0,0,1
1652,2.273158691738958,0.47353105628253944,0.805637227832477,0,1,1,0,0,1,1,0,0,1,1,0,0,0
4932,2.273158691738958,-0.21871512695797646,-0.9557737565117794,0,1,1,0,1,0,0,1,0,1,1,0,0,1
1911,-0.43991649313097614,0.5956921474426305,-1.4875204687666492,1,0,0,1,0,1,1,0,1,0,1,0,0,0
1318,-0.43991649313097614,-1.1145631287986442,-0.4572612137728389,1,0,1,0,0,1,0,1,1,0,1,0,0,0
2774,2.273158691738958,-1.1552834925186746,0.3403588546094659,1,0,1,0,0,1,1,0,1,0,1,0,0,1
6907,-0.43991649313097614,0.025607055362205634,-1.4875204687666492,1,0,0,1,0,1,1,0,1,0,0,0,1,0
5418,-0.43991649313097614,-1.1960038562387048,0.3071246850935365,0,1,1,0,0,1,1,0,1,0,0,0,1,0
2332,-0.43991649313097614,-0.38159658183809786,0.6394663802528302,1,0,0,1,0,1,0,1,1,0,0,1,0,0
633,-0.43991649313097614,-1.2367242199587352,-0.8228370784480619,0,1,1,0,1,0,0,1,1,0,0,0,1,1
157,-0.43991649313097614,0.880734693482843,1.437086448635135,0,1,1,0,0,1,0,1,0,1,1,0,0,0
4283,-0.43991649313097614,0.880734693482843,1.5035547876669937,1,0,1,0,0,1,0,1,0,1,0,1,0,1
598,-0.43991649313097614,-0.0965540357978854,0.6394663802528302,0,1,0,1,0,1,0,1,1,0,1,0,0,0
6500,-0.43991649313097614,-0.5444780367182193,0.6727005497687596,0,1,1,0,0,1,1,0,1,0,1,0,0,0
1259,-0.43991649313097614,0.7992939660427822,1.270915601055488,1,0,1,0,0,1,1,0,1,0,0,0,1,0
6634,-0.43991649313097614,-1.1960038562387048,-1.1551787736073555,0,1,1,0,1,0,0,1,0,1,1,0,0,0
3276,2.273158691738958,1.3286586944031769,1.0050422449280532,1,0,1,0,0,1,1,0,1,0,0,0,1,0
3817,-0.43991649313097614,1.5729808767233588,1.536788957182923,1,0,1,0,0,1,0,1,1,0,0,0,1,0
1985,-0.43991649313097614,0.6364125111626608,-0.8560712479639913,1,0,0,1,1,0,0,1,0,1,1,0,0,0
1870,-0.43991649313097614,-1.2367242199587352,0.9718080754121239,1,0,0,1,0,1,0,1,1,0,0,0,1,1
4506,-0.43991649313097614,0.5142514200025698,1.3373839400873468,1,0,0,1,0,1,0,1,1,0,0,0,1,0
4949,-0.43991649313097614,-0.748079855318371,0.8388713973484064,1,0,1,0,0,1,1,0,1,0,1,0,0,1
2666,-0.43991649313097614,1.5729808767233588,-1.3545837907029317,1,0,0,1,0,1,1,0,0,1,0,1,0,0
470,-0.43991649313097614,-0.0965540357978854,1.5035547876669937,1,0,1,0,0,1,1,0,1,0,1,0,0,0
2711,-0.43991649313097614,-0.7073594915983407,-0.5237295528046976,1,0,1,0,0,1,1,0,1,0,0,1,0,1
639,-0.43991649313097614,-0.748079855318371,0.9053397363802651,1,0,0,1,0,1,0,1,0,1,0,1,0,1
1505,-0.43991649313097614,-0.13727439951791576,1.0050422449280532,0,1,0,1,0,1,1,0,0,1,1,0,0,1
4548,-0.43991649313097614,-1.1552834925186746,-1.3213496211870024,0,1,1,0,0,1,0,1,0,1,1,0,0,0
4778,-0.43991649313097614,-0.5444780367182193,-1.4875204687666492,0,1,0,1,0,1,1,0,1,0,1,0,0,0
2485,2.273158691738958,-0.8702409464784621,1.0050422449280532,1,0,1,0,0,1,1,0,1,0,1,0,0,1
50,-0.43991649313097614,-0.4223169455581282,-0.32432453570912145,0,1,1,0,0,1,0,1,1,0,0,0,1,1
6151,-0.43991649313097614,1.002895784642934,-0.15815368812947458,0,1,0,1,0,1,1,0,0,1,1,0,0,0
270,-0.43991649313097614,-0.3408762181180675,-0.49049538328876824,0,1,1,0,0,1,0,1,1,0,0,0,1,1
5226,2.273158691738958,0.3106496014024181,1.2376814315395588,0,1,1,0,0,1,0,1,0,1,0,1,0,1
1943,-0.43991649313097614,0.6364125111626608,0.5065297021891128,1,0,0,1,0,1,1,0,1,0,0,0,1,0
1209,-0.43991649313097614,-1.2367242199587352,-1.3545837907029317,1,0,0,1,1,0,1,0,0,1,1,0,0,1
3478,-0.43991649313097614,0.5549717837226001,-1.0222420955436382,0,1,1,0,1,0,0,1,0,1,1,0,0,0
942,-0.43991649313097614,0.5142514200025698,1.5035547876669937,0,1,0,1,0,1,1,0,1,0,1,0,0,0
6183,2.273158691738958,-1.1960038562387048,1.0050422449280532,0,1,1,0,0,1,0,1,1,0,0,0,1,1
854,-0.43991649313097614,-0.0965540357978854,0.6727005497687596,1,0,1,0,0,1,1,0,1,0,1,0,0,1
1745,-0.43991649313097614,-1.1145631287986442,0.805637227832477,1,0,1,0,0,1,1,0,0,1,0,1,0,1
5618,2.273158691738958,-1.0738427650786138,0.3071246850935365,1,0,1,0,0,1,1,0,1,0,1,0,0,1
6196,-0.43991649313097614,-1.2774445836787656,-1.4875204687666492,1,0,1,0,0,1,0,1,0,1,1,0,0,0
1915,-0.43991649313097614,0.6364125111626608,-1.5207546382825785,0,1,1,0,0,1,0,1,1,0,1,0,0,0
1895,-0.43991649313097614,1.125056875803025,0.47329553267318336,0,1,0,1,0,1,1,0,1,0,1,0,0,0
4398,-0.43991649313097614,-1.2774445836787656,0.6727005497687596,0,1,1,0,0,1,0,1,0,1,0,0,1,1
6779,-0.43991649313097614,-0.0965540357978854,1.1712130925077,0,1,1,0,0,1,1,0,1,0,0,0,1,0
2799,-0.43991649313097614,-1.0331224013585834,1.1712130925077,0,1,1,0,0,1,1,0,0,1,1,0,0,1
4007,-0.43991649313097614,-0.055833672077855064,-1.4875204687666492,1,0,0,1,0,1,1,0,1,0,0,0,1,1
1698,2.273158691738958,-0.7888002190384014,1.0050422449280532,1,0,1,0,0,1,1,0,1,0,0,0,1,1
1448,2.273158691738958,1.4508197855632678,1.4038522791192056,0,1,0,1,0,1,0,1,0,1,1,0,0,0
6970,-0.43991649313097614,-0.2594354906780068,1.0382764144439827,1,0,1,0,0,1,1,0,1,0,1,0,0,0
5669,-0.43991649313097614,0.14776814652229667,0.6727005497687596,0,1,1,0,0,1,0,1,0,1,1,0,0,1
124,-0.43991649313097614,-0.9516816739185228,0.20742217654574843,1,0,1,0,0,1,1,0,1,0,1,0,0,1
3678,-0.43991649313097614,1.4100994218432374,0.9385739058961945,0,1,1,0,0,1,1,0,1,0,1,0,0,0
4576,-0.43991649313097614,1.6137012404433893,0.3071246850935365,1,0,0,1,0,1,0,1,1,0,1,0,0,0
5600,-0.43991649313097614,-1.2774445836787656,-1.4875204687666492,1,0,0,1,0,1,1,0,0,1,1,0,0,1
5947,-0.43991649313097614,-1.1145631287986442,-0.5237295528046976,0,1,1,0,0,1,1,0,1,0,0,1,0,1
4324,-0.43991649313097614,1.0843365120829946,1.4038522791192056,0,1,1,0,0,1,0,1,0,1,0,1,0,1
1559,-0.43991649313097614,-0.8295205827584317,1.0382764144439827,0,1,1,0,0,1,0,1,0,1,1,0,0,0
4497,-0.43991649313097614,0.6364125111626608,0.17418800702981907,1,0,0,1,0,1,0,1,1,0,0,0,1,0
6667,-0.43991649313097614,1.0436161483629645,1.437086448635135,1,0,1,0,0,1,0,1,1,0,1,0,0,0
6078,-0.43991649313097614,0.8400143297628127,1.1712130925077,1,0,1,0,0,1,0,1,0,1,0,0,1,0
5281,-0.43991649313097614,-0.30015585439803716,-0.3575587052250508,1,0,1,0,0,1,0,1,1,0,0,1,0,0
3822,-0.43991649313097614,-1.1552834925186746,-1.4875204687666492,1,0,1,0,0,1,0,1,0,1,1,0,0,0
5139,-0.43991649313097614,0.3106496014024181,1.270915601055488,0,1,1,0,0,1,0,1,0,1,0,0,1,0
5124,2.273158691738958,-0.0965540357978854,0.1409538375138897,0,1,1,0,0,1,1,0,0,1,1,0,0,0
1098,-0.43991649313097614,-1.1145631287986442,0.1409538375138897,1,0,1,0,0,1,1,0,0,1,0,1,0,0
5925,-0.43991649313097614,-0.8702409464784621,-0.12491951861354524,0,1,1,0,0,1,1,0,1,0,0,0,1,0
1087,-0.43991649313097614,1.247217966963116,1.3373839400873468,0,1,1,0,0,1,1,0,0,1,1,0,0,0
5108,-0.43991649313097614,0.5549717837226001,0.805637227832477,0,1,1,0,0,1,1,0,1,0,1,0,0,0
5466,-0.43991649313097614,-1.1960038562387048,-1.1551787736073555,0,1,1,0,1,0,1,0,1,0,0,1,0,0
2112,-0.43991649313097614,-0.5037576729981889,0.8721055668643357,0,1,1,0,0,1,1,0,1,0,0,0,1,0
6988,-0.43991649313097614,-1.2774445836787656,0.20742217654574843,1,0,1,0,0,1,0,1,0,1,0,1,0,1
3157,-0.43991649313097614,0.10704778280226633,-1.3213496211870024,1,0,0,1,0,1,1,0,1,0,1,0,0,0
1342,2.273158691738958,0.10704778280226633,1.1712130925077,1,0,1,0,0,1,1,0,1,0,1,0,0,1
2648,-0.43991649313097614,0.3920903288424788,1.3706181096032763,0,1,1,0,0,1,1,0,1,0,1,0,0,1
487,-0.43991649313097614,0.26992923768238775,-0.15815368812947458,0,1,0,1,0,1,0,1,0,1,1,0,0,0
4621,-0.43991649313097614,-0.21871512695797646,-0.32432453570912145,0,1,1,0,0,1,0,1,0,1,0,0,1,0
6327,-0.43991649313097614,-0.1779947632379461,-1.553988807798508,0,1,1,0,0,1,1,0,1,0,0,0,1,0
248,-0.43991649313097614,-1.2774445836787656,-0.6234320613524857,1,0,1,0,0,1,1,0,0,1,1,0,0,1
6018,-0.43991649313097614,-1.2774445836787656,0.6727005497687596,0,1,1,0,0,1,1,0,1,0,1,0,0,1
4715,-0.43991649313097614,1.6137012404433893,0.6727005497687596,1,0,0,1,0,1,0,1,1,0,0,0,1,0
1963,-0.43991649313097614,-1.2774445836787656,-1.3213496211870024,1,0,1,0,1,0,1,0,0,1,0,1,0,0
403,-0.43991649313097614,-1.2774445836787656,-1.4875204687666492,0,1,1,0,0,1,0,1,0,1,1,0,0,1
3346,-0.43991649313097614,1.247217966963116,1.3373839400873468,0,1,1,0,0,1,0,1,0,1,0,1,0,0
2679,-0.43991649313097614,-1.2774445836787656,-1.3545837907029317,0,1,1,0,1,0,1,0,1,0,0,1,0,0
3725,-0.43991649313097614,-1.2367242199587352,-0.12491951861354524,1,0,0,1,0,1,0,1,1,0,0,1,0,0
6792,2.273158691738958,-1.1960038562387048,0.3071246850935365,1,0,1,0,0,1,1,0,1,0,1,0,0,0
4419,-0.43991649313097614,-1.0331224013585834,-1.0222420955436382,0,1,1,0,1,0,1,0,1,0,0,1,0,0
2972,-0.43991649313097614,-0.6666391278783103,-0.8560712479639913,1,0,1,0,1,0,0,1,1,0,0,0,1,0
1632,-0.43991649313097614,1.125056875803025,-0.15815368812947458,0,1,1,0,1,0,0,1,0,1,1,0,0,0
2304,-0.43991649313097614,0.5956921474426305,-1.4875204687666492,1,0,1,0,0,1,1,0,1,0,1,0,0,0
3518,-0.43991649313097614,-1.2774445836787656,0.10771966799796033,0,1,0,1,0,1,1,0,0,1,0,1,0,1
724,-0.43991649313097614,1.2879383306831464,-0.556963722320627,1,0,1,0,1,0,1,0,1,0,1,0,0,1
5246,-0.43991649313097614,0.758573602322752,-1.3213496211870024,0,1,1,0,0,1,1,0,1,0,0,0,1,0
4396,-0.43991649313097614,1.6137012404433893,-1.3213496211870024,0,1,0,1,0,1,0,1,0,1,1,0,0,0
6772,-0.43991649313097614,1.6137012404433893,1.6697256352466405,0,1,0,1,0,1,1,0,1,0,1,0,0,0
3744,-0.43991649313097614,-1.2774445836787656,-0.49049538328876824,0,1,1,0,0,1,1,0,1,0,1,0,0,0
592,-0.43991649313097614,1.369379058123207,-1.4875204687666492,0,1,1,0,0,1,0,1,1,0,0,1,0,0
1522,2.273158691738958,-1.1552834925186746,0.2738905155776072,1,0,1,0,0,1,0,1,1,0,0,1,0,0
2863,-0.43991649313097614,0.9214550572028734,-0.025217010065757134,0,1,1,0,0,1,1,0,0,1,1,0,0,0
2369,-0.43991649313097614,0.5142514200025698,0.47329553267318336,0,1,1,0,0,1,0,1,0,1,0,0,1,0
3089,-0.43991649313097614,-1.1960038562387048,-1.288115451671073,0,1,0,1,0,1,1,0,1,0,0,0,1,0
3024,-0.43991649313097614,1.6137012404433893,0.5065297021891128,1,0,0,1,0,1,0,1,1,0,0,0,1,0
2657,-0.43991649313097614,-0.9516816739185228,0.8388713973484064,0,1,0,1,0,1,1,0,1,0,0,1,0,0
2730,2.273158691738958,1.3286586944031769,1.270915601055488,0,1,1,0,0,1,0,1,0,1,1,0,0,0
2849,-0.43991649313097614,-0.015113308357824713,-1.45428629925072,1,0,1,0,0,1,1,0,1,0,0,1,0,0
1846,-0.43991649313097614,-0.5037576729981889,-0.8560712479639913,0,1,0,1,1,0,1,0,1,0,0,1,0,0
4470,2.273158691738958,1.4508197855632678,1.1712130925077,1,0,1,0,0,1,1,0,0,1,0,1,0,1
4617,-0.43991649313097614,-0.3408762181180675,-1.4875204687666492,1,0,1,0,0,1,1,0,1,0,1,0,0,0
5342,-0.43991649313097614,-1.2774445836787656,0.5397638717050421,0,1,1,0,0,1,0,1,0,1,1,0,0,1
1826,-0.43991649313097614,0.35136996512244845,-1.4875204687666492,1,0,0,1,0,1,0,1,1,0,1,0,0,0
1612,2.273158691738958,0.5956921474426305,0.7059347192846889,0,1,1,0,0,1,0,1,1,0,0,0,1,0
5759,-0.43991649313097614,0.35136996512244845,-0.49049538328876824,1,0,1,0,0,1,1,0,1,0,0,1,0,0
256,-0.43991649313097614,0.5956921474426305,1.3706181096032763,1,0,1,0,0,1,1,0,1,0,0,0,1,1
2756,2.273158691738958,-1.1145631287986442,0.17418800702981907,1,0,1,0,0,1,1,0,1,0,1,0,0,0
7008,-0.43991649313097614,0.22920887396235737,-1.4875204687666492,1,0,1,0,0,1,1,0,1,0,0,0,1,0
3260,2.273158691738958,-1.1552834925186746,-1.3213496211870024,0,1,1,0,1,0,1,0,0,1,1,0,0,1
2012,-0.43991649313097614,0.8400143297628127,-0.32432453570912145,0,1,1,0,1,0,0,1,1,0,1,0,0,0
2533,-0.43991649313097614,1.6137012404433893,0.6394663802528302,0,1,1,0,0,1,1,0,0,1,0,1,0,0
2505,-0.43991649313097614,-0.3408762181180675,-0.5237295528046976,1,0,1,0,0,1,1,0,0,1,1,0,0,0
3357,-0.43991649313097614,-0.1779947632379461,0.9053397363802651,0,1,0,1,0,1,0,1,1,0,1,0,0,0
7018,-0.43991649313097614,-0.015113308357824713,0.47329553267318336,0,1,1,0,0,1,1,0,1,0,0,0,1,0
3096,-0.43991649313097614,1.4100994218432374,0.2406563460616778,1,0,1,0,0,1,1,0,0,1,1,0,0,0
1435,2.273158691738958,-0.46303730927815856,-1.4875204687666492,0,1,1,0,0,1,0,1,0,1,1,0,0,0
848,-0.43991649313097614,-0.748079855318371,-1.4875204687666492,1,0,0,1,0,1,1,0,1,0,0,1,0,0
2915,-0.43991649313097614,0.7992939660427822,-1.3213496211870024,0,1,0,1,0,1,1,0,1,0,0,1,0,0
3838,-0.43991649313097614,-0.30015585439803716,-1.4875204687666492,1,0,0,1,0,1,1,0,0,1,0,1,0,0
4202,-0.43991649313097614,-1.2367242199587352,-0.6566662308684151,1,0,1,0,0,1,1,0,1,0,0,0,1,1
969,-0.43991649313097614,1.5322605130033284,1.1379789229917707,1,0,1,0,0,1,1,0,1,0,0,0,1,0
6315,2.273158691738958,-1.2367242199587352,1.0050422449280532,0,1,1,0,0,1,0,1,0,1,1,0,0,1
1207,-0.43991649313097614,1.6137012404433893,-0.025217010065757134,0,1,0,1,0,1,1,0,0,1,1,0,0,0
188,-0.43991649313097614,-1.1552834925186746,1.3706181096032763,1,0,1,0,0,1,1,0,1,0,1,0,0,1
791,-0.43991649313097614,-1.0331224013585834,1.0382764144439827,0,1,1,0,0,1,1,0,1,0,0,0,1,0
2366,-0.43991649313097614,1.3286586944031769,0.5729980412209714,1,0,0,1,0,1,0,1,0,1,1,0,0,0
1203,-0.43991649313097614,-1.2774445836787656,-1.4875204687666492,1,0,1,0,0,1,1,0,0,1,0,1,0,0
4137,-0.43991649313097614,-1.1552834925186746,-1.3213496211870024,1,0,0,1,0,1,1,0,1,0,0,1,0,0
1211,-0.43991649313097614,0.18848851024232702,-0.19138785764540397,0,1,0,1,0,1,1,0,0,1,1,0,0,0
3775,-0.43991649313097614,-0.4223169455581282,1.0382764144439827,0,1,1,0,0,1,0,1,1,0,0,1,0,0
675,2.273158691738958,-1.2774445836787656,0.8721055668643357,1,0,1,0,0,1,1,0,1,0,1,0,0,1
2176,-0.43991649313097614,-1.1552834925186746,-1.4875204687666492,1,0,1,0,0,1,1,0,0,1,1,0,0,0
1348,-0.43991649313097614,-0.7888002190384014,0.47329553267318336,1,0,1,0,0,1,1,0,1,0,0,0,1,1
3405,-0.43991649313097614,-0.21871512695797646,0.5397638717050421,0,1,0,1,0,1,1,0,1,0,0,1,0,0
3691,-0.43991649313097614,-0.62591876415828,0.5397638717050421,0,1,0,1,0,1,1,0,1,0,1,0,0,0
6224,-0.43991649313097614,-1.1960038562387048,-1.45428629925072,0,1,1,0,0,1,1,0,0,1,1,0,0,0
2601,-0.43991649313097614,-0.21871512695797646,-0.3907928747409802,0,1,1,0,0,1,1,0,0,1,1,0,0,0
4148,-0.43991649313097614,1.5729808767233588,0.6727005497687596,0,1,0,1,0,1,0,1,1,0,0,0,1,0
2426,-0.43991649313097614,1.5729808767233588,0.9385739058961945,0,1,1,0,0,1,1,0,1,0,1,0,0,0
40,-0.43991649313097614,1.4915401492832983,1.3041497705714176,1,0,0,1,0,1,0,1,0,1,1,0,0,1
2853,-0.43991649313097614,-1.2774445836787656,0.17418800702981907,0,1,1,0,0,1,1,0,1,0,0,0,1,0
6778,2.273158691738958,-0.2594354906780068,0.7059347192846889,1,0,1,0,0,1,1,0,1,0,1,0,0,0
569,2.273158691738958,0.10704778280226633,0.37359302412539525,0,1,0,1,0,1,0,1,0,1,1,0,0,0
92,-0.43991649313097614,0.5142514200025698,-0.49049538328876824,1,0,1,0,0,1,1,0,0,1,1,0,0,0
3942,2.273158691738958,1.0436161483629645,1.3706181096032763,1,0,1,0,0,1,1,0,1,0,1,0,0,1
60,2.273158691738958,-0.62591876415828,1.2376814315395588,0,1,1,0,0,1,0,1,0,1,0,0,1,0
5972,-0.43991649313097614,1.6137012404433893,1.6697256352466405,0,1,1,0,0,1,1,0,1,0,0,0,1,0
4358,2.273158691738958,-1.2774445836787656,0.37359302412539525,0,1,1,0,0,1,1,0,1,0,1,0,0,1
2514,-0.43991649313097614,1.6137012404433893,1.3041497705714176,1,0,1,0,0,1,1,0,1,0,0,0,1,0
621,2.273158691738958,-0.30015585439803716,0.805637227832477,0,1,1,0,0,1,1,0,1,0,1,0,0,1
1235,-0.43991649313097614,1.5729808767233588,1.1712130925077,1,0,0,1,0,1,1,0,0,1,0,1,0,0
4834,-0.43991649313097614,0.26992923768238775,1.1712130925077,1,0,0,1,0,1,1,0,1,0,0,1,0,0
1866,2.273158691738958,-1.2774445836787656,-0.9557737565117794,1,0,1,0,1,0,0,1,0,1,0,1,0,1
4672,-0.43991649313097614,0.758573602322752,-1.45428629925072,1,0,1,0,0,1,0,1,0,1,1,0,0,0
4775,-0.43991649313097614,-1.2774445836787656,0.20742217654574843,0,1,0,1,0,1,0,1,0,1,0,1,0,1
3143,-0.43991649313097614,0.6364125111626608,1.3041497705714176,1,0,1,0,0,1,1,0,1,0,1,0,0,0
1275,-0.43991649313097614,-1.0331224013585834,-1.4875204687666492,1,0,1,0,0,1,0,1,0,1,0,0,1,0
1106,-0.43991649313097614,-0.9924020376385531,-0.32432453570912145,0,1,1,0,0,1,1,0,0,1,1,0,0,0
4391,-0.43991649313097614,0.10704778280226633,-1.3878179602188612,1,0,1,0,0,1,1,0,1,0,1,0,0,0
2609,2.273158691738958,-1.0738427650786138,1.1047447534758412,1,0,1,0,0,1,1,0,1,0,1,0,0,1
5505,-0.43991649313097614,1.4508197855632678,-0.8228370784480619,0,1,1,0,1,0,0,1,0,1,0,1,0,0
3130,-0.43991649313097614,1.6137012404433893,0.6727005497687596,0,1,1,0,0,1,0,1,0,1,0,1,0,0
4753,-0.43991649313097614,-0.6666391278783103,-0.3575587052250508,1,0,1,0,0,1,1,0,1,0,0,1,0,1
5522,-0.43991649313097614,0.26992923768238775,1.1712130925077,0,1,1,0,0,1,1,0,1,0,1,0,0,0
1841,-0.43991649313097614,1.2879383306831464,-1.4875204687666492,1,0,0,1,0,1,0,1,0,1,0,0,1,0
2823,2.273158691738958,1.6137012404433893,0.8388713973484064,1,0,0,1,0,1,0,1,1,0,1,0,0,0
781,-0.43991649313097614,1.4915401492832983,-1.3213496211870024,1,0,1,0,0,1,1,0,1,0,0,0,1,0
921,2.273158691738958,0.9214550572028734,1.1712130925077,1,0,1,0,0,1,0,1,1,0,0,1,0,0
2081,-0.43991649313097614,1.6137012404433893,0.5397638717050421,0,1,0,1,0,1,0,1,1,0,0,0,1,0
1783,-0.43991649313097614,1.2064976032430856,0.5065297021891128,0,1,1,0,0,1,0,1,1,0,1,0,0,0
3899,-0.43991649313097614,-1.2367242199587352,0.7059347192846889,1,0,1,0,0,1,0,1,1,0,0,1,0,1
4142,-0.43991649313097614,1.6137012404433893,1.5700231266988525,1,0,1,0,0,1,1,0,1,0,1,0,0,0
6784,-0.43991649313097614,1.5729808767233588,1.3706181096032763,0,1,0,1,0,1,1,0,1,0,0,0,1,0
2631,2.273158691738958,1.5729808767233588,1.3041497705714176,1,0,1,0,0,1,0,1,0,1,0,0,1,0
1542,2.273158691738958,-0.3408762181180675,0.5065297021891128,0,1,0,1,0,1,1,0,1,0,0,0,1,0
4828,-0.43991649313097614,-1.0738427650786138,-1.5207546382825785,1,0,0,1,0,1,1,0,0,1,1,0,0,0
6366,2.273158691738958,-0.4223169455581282,-1.288115451671073,1,0,1,0,0,1,0,1,0,1,1,0,0,0
5434,-0.43991649313097614,1.125056875803025,1.3706181096032763,1,0,1,0,0,1,1,0,0,1,0,1,0,0
1066,-0.43991649313097614,0.26992923768238775,-0.9557737565117794,0,1,1,0,1,0,0,1,0,1,1,0,0,0
1798,-0.43991649313097614,-0.9516816739185228,1.0382764144439827,0,1,1,0,0,1,1,0,1,0,0,0,1,1
3046,2.273158691738958,-1.1960038562387048,1.0050422449280532,0,1,1,0,0,1,1,0,1,0,0,1,0,0
734,-0.43991649313097614,1.6137012404433893,1.3373839400873468,0,1,0,1,0,1,0,1,0,1,0,0,1,0
122,-0.43991649313097614,1.002895784642934,0.008017159450172232,1,0,0,1,0,1,1,0,1,0,1,0,0,0
5436,-0.43991649313097614,-1.2774445836787656,0.17418800702981907,1,0,1,0,0,1,1,0,0,1,0,1,0,1
4403,2.273158691738958,-0.21871512695797646,1.2044472620236295,1,0,1,0,0,1,1,0,1,0,1,0,0,1
2539,-0.43991649313097614,1.6137012404433893,1.437086448635135,0,1,0,1,0,1,1,0,1,0,0,0,1,0
4862,-0.43991649313097614,-1.1960038562387048,-0.025217010065757134,1,0,1,0,0,1,1,0,1,0,0,1,0,1
5483,-0.43991649313097614,-1.2774445836787656,0.17418800702981907,1,0,1,0,0,1,1,0,1,0,0,1,0,1
1117,-0.43991649313097614,-0.055833672077855064,-0.32432453570912145,0,1,1,0,0,1,0,1,1,0,0,1,0,1
2479,-0.43991649313097614,-0.5444780367182193,-0.15815368812947458,0,1,1,0,0,1,1,0,1,0,1,0,0,0
1055,2.273158691738958,-0.9924020376385531,0.17418800702981907,0,1,1,0,0,1,0,1,0,1,1,0,0,0
1734,-0.43991649313097614,1.0843365120829946,1.5035547876669937,0,1,1,0,0,1,1,0,1,0,1,0,0,1
4130,-0.43991649313097614,1.0843365120829946,0.5065297021891128,1,0,1,0,0,1,1,0,0,1,1,0,0,0
3272,-0.43991649313097614,1.6137012404433893,-1.4875204687666492,1,0,0,1,0,1,0,1,0,1,1,0,0,0
686,-0.43991649313097614,-0.7073594915983407,-1.3213496211870024,1,0,1,0,0,1,1,0,1,0,1,0,0,0
4303,-0.43991649313097614,0.43281069256250915,0.008017159450172232,1,0,1,0,0,1,1,0,0,1,0,1,0,0
1407,-0.43991649313097614,-0.62591876415828,-1.4875204687666492,0,1,0,1,0,1,0,1,1,0,0,0,1,0
1772,-0.43991649313097614,-1.2774445836787656,-1.4875204687666492,0,1,1,0,0,1,1,0,0,1,1,0,0,0
857,-0.43991649313097614,-0.8295205827584317,0.3071246850935365,0,1,1,0,0,1,0,1,1,0,0,0,1,0
452,-0.43991649313097614,-1.2367242199587352,-1.3213496211870024,0,1,1,0,0,1,1,0,1,0,1,0,0,0
4093,-0.43991649313097614,-1.0331224013585834,0.3403588546094659,1,0,1,0,0,1,1,0,1,0,1,0,0,1
2297,2.273158691738958,0.7178532386027215,1.3373839400873468,1,0,1,0,0,1,1,0,1,0,1,0,0,0
3001,-0.43991649313097614,0.6364125111626608,-1.4875204687666492,1,0,0,1,0,1,0,1,0,1,1,0,0,0
952,-0.43991649313097614,1.4915401492832983,-1.4875204687666492,0,1,0,1,0,1,1,0,0,1,1,0,0,0
774,-0.43991649313097614,-1.1145631287986442,1.0382764144439827,0,1,1,0,0,1,1,0,0,1,1,0,0,1
2130,-0.43991649313097614,-1.2774445836787656,-1.4875204687666492,1,0,1,0,0,1,0,1,0,1,1,0,0,0
2553,-0.43991649313097614,1.2064976032430856,0.9053397363802651,1,0,1,0,0,1,0,1,1,0,0,1,0,0
1998,-0.43991649313097614,-1.0738427650786138,0.8388713973484064,1,0,1,0,0,1,0,1,0,1,0,0,1,1
6466,-0.43991649313097614,1.6137012404433893,-1.3545837907029317,1,0,1,0,0,1,1,0,1,0,0,0,1,0
1366,-0.43991649313097614,-1.2774445836787656,-0.6566662308684151,1,0,1,0,0,1,1,0,1,0,1,0,0,0
1595,-0.43991649313097614,-0.7073594915983407,0.17418800702981907,0,1,0,1,0,1,0,1,1,0,0,0,1,0
408,-0.43991649313097614,-1.2774445836787656,-1.4875204687666492,1,0,1,0,0,1,1,0,0,1,1,0,0,0
2242,-0.43991649313097614,1.0436161483629645,1.1712130925077,0,1,1,0,0,1,0,1,1,0,0,0,1,0
2621,-0.43991649313097614,-1.2774445836787656,-1.4875204687666492,0,1,1,0,0,1,1,0,1,0,1,0,0,0
638,-0.43991649313097614,-0.9516816739185228,-0.6566662308684151,1,0,1,0,0,1,0,1,1,0,0,0,1,1
1566,-0.43991649313097614,-0.055833672077855064,0.2406563460616778,0,1,1,0,0,1,1,0,0,1,1,0,0,0
1729,-0.43991649313097614,0.3106496014024181,-1.4875204687666492,0,1,0,1,0,1,1,0,1,0,0,0,1,0
763,-0.43991649313097614,-0.8295205827584317,-1.3545837907029317,0,1,0,1,0,1,1,0,0,1,1,0,0,0
2580,-0.43991649313097614,-0.7073594915983407,-1.3213496211870024,1,0,0,1,0,1,1,0,1,0,0,0,1,0
6816,-0.43991649313097614,-1.2774445836787656,-0.6566662308684151,1,0,1,0,0,1,0,1,1,0,0,0,1,1
4105,-0.43991649313097614,-1.1960038562387048,0.44006136315725397,0,1,1,0,0,1,1,0,1,0,1,0,0,1
4486,-0.43991649313097614,-1.2774445836787656,0.3403588546094659,1,0,1,0,0,1,0,1,1,0,0,0,1,1
246,-0.43991649313097614,1.5322605130033284,0.008017159450172232,1,0,1,0,1,0,1,0,0,1,1,0,0,0
1023,-0.43991649313097614,0.7992939660427822,-1.288115451671073,0,1,0,1,0,1,1,0,0,1,1,0,0,0
1229,-0.43991649313097614,-1.1552834925186746,-0.3575587052250508,0,1,1,0,0,1,0,1,0,1,1,0,0,1
2749,-0.43991649313097614,-1.1960038562387048,0.008017159450172232,0,1,1,0,0,1,1,0,1,0,1,0,0,0
321,2.273158691738958,-1.2367242199587352,1.0382764144439827,0,1,1,0,0,1,0,1,1,0,0,1,0,0
5481,-0.43991649313097614,0.18848851024232702,0.07448549848203097,0,1,1,0,0,1,1,0,1,0,1,0,0,0
83,-0.43991649313097614,-0.38159658183809786,-0.3575587052250508,1,0,1,0,0,1,1,0,0,1,1,0,0,0
6785,-0.43991649313097614,-0.9924020376385531,0.3403588546094659,1,0,1,0,0,1,0,1,1,0,1,0,0,0
2035,-0.43991649313097614,0.5549717837226001,-1.1219446040914263,0,1,1,0,1,0,1,0,1,0,0,1,0,0
1063,-0.43991649313097614,1.5322605130033284,-0.49049538328876824,1,0,1,0,1,0,1,0,1,0,1,0,0,0
565,2.273158691738958,-1.2367242199587352,0.3403588546094659,0,1,1,0,0,1,1,0,1,0,1,0,0,1
2094,-0.43991649313097614,-0.9924020376385531,-0.6566662308684151,1,0,0,1,0,1,0,1,1,0,1,0,0,0
2688,-0.43991649313097614,0.10704778280226633,1.2376814315395588,0,1,1,0,0,1,1,0,0,1,1,0,0,1
6731,-0.43991649313097614,0.8400143297628127,-1.5207546382825785,1,0,1,0,0,1,1,0,1,0,0,1,0,0
3517,-0.43991649313097614,-1.1960038562387048,-0.025217010065757134,0,1,1,0,0,1,1,0,1,0,1,0,0,0
1074,-0.43991649313097614,-1.2774445836787656,0.3071246850935365,0,1,1,0,0,1,0,1,0,1,1,0,0,0
6920,-0.43991649313097614,1.4100994218432374,-1.45428629925072,0,1,0,1,0,1,0,1,0,1,1,0,0,0
1414,-0.43991649313097614,-1.318164947398796,-0.09168534909761586,0,1,0,1,0,1,0,1,0,1,0,0,1,0
2227,2.273158691738958,0.35136996512244845,1.6032572962147817,1,0,1,0,0,1,1,0,1,0,0,0,1,1
414,-0.43991649313097614,-0.9516816739185228,-1.3213496211870024,0,1,1,0,1,0,0,1,0,1,1,0,0,0
5716,-0.43991649313097614,0.06632741908223598,-1.4875204687666492,0,1,0,1,0,1,0,1,0,1,1,0,0,0
4885,-0.43991649313097614,1.369379058123207,-1.188412943123285,0,1,1,0,1,0,1,0,0,1,1,0,0,0
4480,-0.43991649313097614,0.06632741908223598,-1.3213496211870024,0,1,1,0,1,0,0,1,1,0,0,0,1,0
3867,-0.43991649313097614,0.6364125111626608,-0.6566662308684151,1,0,1,0,1,0,0,1,1,0,0,0,1,0
2534,-0.43991649313097614,0.5956921474426305,-1.4875204687666492,0,1,1,0,0,1,1,0,1,0,0,0,1,0
3460,-0.43991649313097614,1.6137012404433893,1.7694281437944286,0,1,1,0,0,1,0,1,1,0,0,0,1,1
6168,-0.43991649313097614,1.247217966963116,-0.4572612137728389,1,0,0,1,0,1,1,0,0,1,1,0,0,0
5979,-0.43991649313097614,0.3106496014024181,0.07448549848203097,0,1,1,0,0,1,0,1,0,1,1,0,0,0
2335,-0.43991649313097614,-0.8295205827584317,-1.0222420955436382,0,1,1,0,1,0,0,1,0,1,1,0,0,0
5937,-0.43991649313097614,-0.4223169455581282,0.47329553267318336,0,1,1,0,0,1,1,0,1,0,0,0,1,1
4066,-0.43991649313097614,-0.46303730927815856,-1.4875204687666492,0,1,1,0,0,1,1,0,1,0,1,0,0,0
2852,-0.43991649313097614,1.5322605130033284,0.805637227832477,1,0,0,1,0,1,0,1,1,0,0,0,1,0
5386,-0.43991649313097614,1.2064976032430856,-1.288115451671073,1,0,1,0,0,1,0,1,0,1,1,0,0,0
6163,-0.43991649313097614,0.3920903288424788,1.1379789229917707,0,1,1,0,0,1,1,0,1,0,0,0,1,0
138,-0.43991649313097614,-0.9109613101984924,-1.4875204687666492,0,1,0,1,0,1,1,0,1,0,0,0,1,0
5027,2.273158691738958,0.18848851024232702,0.2406563460616778,0,1,1,0,0,1,1,0,1,0,0,1,0,0
5589,-0.43991649313097614,1.0436161483629645,0.5397638717050421,0,1,1,0,0,1,1,0,1,0,1,0,0,0
1888,-0.43991649313097614,1.0436161483629645,-1.45428629925072,0,1,1,0,0,1,0,1,0,1,1,0,0,0
1176,-0.43991649313097614,-1.2367242199587352,0.0412513289661016,1,0,0,1,0,1,0,1,0,1,1,0,0,1
4165,-0.43991649313097614,0.35136996512244845,0.2738905155776072,0,1,1,0,0,1,0,1,0,1,0,0,1,1
6814,-0.43991649313097614,0.43281069256250915,-1.4875204687666492,1,0,0,1,0,1,1,0,1,0,0,0,1,0
5960,-0.43991649313097614,-0.30015585439803716,1.1379789229917707,0,1,1,0,0,1,1,0,1,0,0,0,1,0
4704,-0.43991649313097614,0.18848851024232702,0.8721055668643357,0,1,1,0,0,1,0,1,0,1,1,0,0,0
3519,-0.43991649313097614,0.06632741908223598,-0.0584511795816865,1,0,1,0,0,1,1,0,1,0,1,0,0,1
5988,-0.43991649313097614,-1.2774445836787656,0.7724030583165477,0,1,1,0,0,1,1,0,1,0,0,0,1,1
352,-0.43991649313097614,-1.2367242199587352,0.20742217654574843,1,0,1,0,0,1,1,0,1,0,0,1,0,1
5011,2.273158691738958,-0.5851984004382496,0.9718080754121239,0,1,1,0,0,1,0,1,1,0,0,0,1,0
3244,-0.43991649313097614,1.125056875803025,0.17418800702981907,1,0,1,0,0,1,1,0,1,0,1,0,0,0
3066,-0.43991649313097614,-1.2774445836787656,-1.4875204687666492,0,1,1,0,0,1,1,0,1,0,1,0,0,0
4110,2.273158691738958,1.5729808767233588,0.805637227832477,1,0,1,0,0,1,1,0,1,0,1,0,0,0
6875,-0.43991649313097614,0.35136996512244845,0.5397638717050421,1,0,1,0,0,1,1,0,1,0,1,0,0,0
6908,-0.43991649313097614,-0.21871512695797646,1.2376814315395588,1,0,1,0,0,1,1,0,0,1,1,0,0,0
1447,-0.43991649313097614,-0.055833672077855064,0.3403588546094659,0,1,0,1,0,1,0,1,1,0,1,0,0,0
1993,-0.43991649313097614,-1.1145631287986442,0.3403588546094659,0,1,1,0,0,1,1,0,0,1,1,0,0,0
814,-0.43991649313097614,-0.38159658183809786,-1.4875204687666492,0,1,0,1,0,1,1,0,1,0,0,1,0,0
5348,-0.43991649313097614,-0.9516816739185228,-1.4875204687666492,1,0,1,0,0,1,0,1,0,1,0,0,1,0
5490,-0.43991649313097614,-0.748079855318371,0.9385739058961945,0,1,1,0,0,1,1,0,1,0,1,0,0,0
2768,-0.43991649313097614,1.125056875803025,0.9718080754121239,1,0,0,1,0,1,0,1,0,1,1,0,0,0
5378,-0.43991649313097614,-0.4223169455581282,-1.288115451671073,1,0,1,0,0,1,1,0,1,0,1,0,0,0
4651,-0.43991649313097614,0.9621754209229036,-0.15815368812947458,0,1,1,0,0,1,0,1,1,0,1,0,0,0
3975,-0.43991649313097614,-0.7073594915983407,1.3373839400873468,1,0,0,1,0,1,0,1,1,0,0,1,0,0
1426,-0.43991649313097614,1.4915401492832983,1.3373839400873468,1,0,0,1,0,1,1,0,1,0,1,0,0,0
6076,2.273158691738958,1.6137012404433893,1.071510583959912,1,0,1,0,0,1,1,0,1,0,0,1,0,0
5833,-0.43991649313097614,1.002895784642934,0.7391688888006183,0,1,1,0,0,1,1,0,0,1,1,0,0,0
222,-0.43991649313097614,-0.38159658183809786,1.1379789229917707,1,0,1,0,0,1,0,1,1,0,0,0,1,0
1463,-0.43991649313097614,-0.7073594915983407,-0.19138785764540397,0,1,1,0,0,1,1,0,1,0,0,1,0,1
6482,-0.43991649313097614,-1.2774445836787656,0.20742217654574843,1,0,1,0,0,1,1,0,0,1,1,0,0,0
96,-0.43991649313097614,1.5322605130033284,-0.6566662308684151,1,0,1,0,1,0,0,1,0,1,1,0,0,0
3178,-0.43991649313097614,-1.1960038562387048,0.47329553267318336,1,0,1,0,0,1,1,0,1,0,0,0,1,1
6828,-0.43991649313097614,0.6364125111626608,0.47329553267318336,0,1,1,0,0,1,1,0,1,0,1,0,0,0
582,-0.43991649313097614,-1.1960038562387048,0.9053397363802651,0,1,0,1,0,1,1,0,0,1,1,0,0,1
3099,-0.43991649313097614,-1.1552834925186746,-1.5207546382825785,0,1,1,0,0,1,1,0,0,1,1,0,0,0
6159,-0.43991649313097614,-0.8702409464784621,-1.4875204687666492,0,1,1,0,0,1,1,0,1,0,1,0,0,0
604,-0.43991649313097614,0.6771328748826912,1.1712130925077,0,1,0,1,0,1,0,1,0,1,0,0,1,1
3922,2.273158691738958,-1.2774445836787656,0.1409538375138897,1,0,1,0,0,1,0,1,1,0,1,0,0,1
1093,-0.43991649313097614,-0.8702409464784621,-0.9557737565117794,0,1,1,0,1,0,1,0,1,0,0,0,1,0
207,2.273158691738958,1.4508197855632678,0.6727005497687596,0,1,0,1,0,1,1,0,1,0,0,0,1,0
214,-0.43991649313097614,-1.1960038562387048,-0.29109036619319206,0,1,1,0,0,1,1,0,1,0,0,1,0,0
3774,-0.43991649313097614,-0.2594354906780068,-1.5207546382825785,0,1,0,1,0,1,1,0,1,0,1,0,0,0
2742,-0.43991649313097614,0.9621754209229036,-0.12491951861354524,1,0,0,1,0,1,1,0,0,1,1,0,0,0
2896,-0.43991649313097614,-1.2774445836787656,0.805637227832477,0,1,1,0,0,1,1,0,1,0,0,1,0,1
6059,2.273158691738958,1.5729808767233588,1.1379789229917707,1,0,1,0,0,1,1,0,1,0,1,0,0,0
6449,-0.43991649313097614,-0.5851984004382496,-0.6234320613524857,0,1,0,1,0,1,0,1,0,1,0,1,0,0
4212,-0.43991649313097614,-0.9109613101984924,-1.1551787736073555,1,0,1,0,1,0,0,1,0,1,1,0,0,0
1381,-0.43991649313097614,-1.2774445836787656,-1.4875204687666492,0,1,1,0,0,1,1,0,0,1,0,1,0,1
4573,2.273158691738958,-1.2367242199587352,0.7391688888006183,0,1,1,0,0,1,0,1,0,1,1,0,0,1
1317,-0.43991649313097614,-1.0738427650786138,-0.5237295528046976,1,0,1,0,1,0,1,0,1,0,1,0,0,0
3412,-0.43991649313097614,-1.2367242199587352,0.37359302412539525,1,0,1,0,0,1,0,1,0,1,1,0,0,1
2132,-0.43991649313097614,-0.3408762181180675,-1.4875204687666492,1,0,0,1,0,1,1,0,1,0,0,0,1,0
5921,-0.43991649313097614,-1.2774445836787656,-1.4875204687666492,1,0,1,0,0,1,1,0,0,1,1,0,0,0
3450,-0.43991649313097614,1.6137012404433893,-1.288115451671073,0,1,1,0,0,1,0,1,0,1,0,1,0,0
2683,-0.43991649313097614,-1.1960038562387048,0.7059347192846889,0,1,1,0,0,1,0,1,1,0,1,0,0,0
2417,-0.43991649313097614,-1.2367242199587352,0.10771966799796033,0,1,1,0,0,1,0,1,0,1,0,1,0,1
975,2.273158691738958,1.247217966963116,0.6062322107369008,1,0,1,0,0,1,1,0,1,0,0,0,1,0
5072,2.273158691738958,-0.055833672077855064,0.6727005497687596,1,0,1,0,0,1,1,0,0,1,1,0,0,0
866,-0.43991649313097614,1.5322605130033284,1.6697256352466405,0,1,1,0,0,1,1,0,0,1,1,0,0,0
1221,-0.43991649313097614,-0.38159658183809786,-0.9890079260277087,1,0,0,1,1,0,0,1,1,0,1,0,0,0
5911,-0.43991649313097614,1.4915401492832983,-1.4875204687666492,0,1,1,0,0,1,1,0,1,0,1,0,0,0
314,-0.43991649313097614,0.3920903288424788,-1.0222420955436382,1,0,1,0,1,0,1,0,0,1,1,0,0,1
5691,-0.43991649313097614,-0.8295205827584317,-1.3213496211870024,0,1,1,0,0,1,1,0,1,0,0,0,1,0
2415,-0.43991649313097614,0.6771328748826912,1.1379789229917707,0,1,1,0,0,1,1,0,1,0,0,1,0,0
2133,-0.43991649313097614,-1.2367242199587352,0.5397638717050421,1,0,1,0,0,1,1,0,1,0,0,1,0,1
219,-0.43991649313097614,0.5549717837226001,1.0050422449280532,0,1,1,0,0,1,0,1,1,0,0,0,1,0
3463,-0.43991649313097614,-0.1779947632379461,-0.49049538328876824,1,0,0,1,0,1,0,1,0,1,1,0,0,0
1950,-0.43991649313097614,1.247217966963116,0.07448549848203097,0,1,1,0,0,1,0,1,0,1,0,0,1,0
3056,-0.43991649313097614,-1.2774445836787656,-0.19138785764540397,1,0,0,1,0,1,0,1,0,1,1,0,0,1
1692,-0.43991649313097614,-1.318164947398796,-0.29109036619319206,1,0,0,1,1,0,1,0,1,0,0,0,1,0
4373,-0.43991649313097614,-0.7888002190384014,-1.1219446040914263,1,0,1,0,1,0,1,0,1,0,1,0,0,1
3627,2.273158691738958,1.125056875803025,0.9385739058961945,0,1,0,1,0,1,1,0,1,0,1,0,0,0
4638,-0.43991649313097614,0.025607055362205634,0.805637227832477,1,0,0,1,0,1,1,0,1,0,0,1,0,0
3197,-0.43991649313097614,-1.1960038562387048,-0.3907928747409802,0,1,1,0,0,1,1,0,1,0,0,1,0,1
6164,-0.43991649313097614,-0.7073594915983407,-1.4875204687666492,1,0,0,1,0,1,0,1,0,1,1,0,0,0
3435,-0.43991649313097614,1.247217966963116,-1.5207546382825785,1,0,0,1,0,1,1,0,1,0,0,1,0,0
739,-0.43991649313097614,1.4100994218432374,-1.4875204687666492,0,1,1,0,0,1,0,1,0,1,1,0,0,0
4350,-0.43991649313097614,0.9621754209229036,1.5035547876669937,1,0,0,1,0,1,0,1,0,1,1,0,0,0
4336,-0.43991649313097614,-1.2367242199587352,0.3403588546094659,0,1,1,0,0,1,1,0,0,1,1,0,0,0
2483,-0.43991649313097614,-0.6666391278783103,1.1712130925077,1,0,1,0,0,1,1,0,1,0,1,0,0,1
6280,-0.43991649313097614,-1.2774445836787656,-0.9890079260277087,0,1,1,0,1,0,1,0,1,0,1,0,0,1
2905,2.273158691738958,-1.2367242199587352,0.1409538375138897,1,0,1,0,0,1,1,0,0,1,1,0,0,0
759,-0.43991649313097614,0.880734693482843,-0.12491951861354524,0,1,0,1,0,1,1,0,0,1,1,0,0,0
1120,2.273158691738958,-0.5037576729981889,1.1379789229917707,0,1,1,0,0,1,1,0,1,0,0,0,1,1
2413,-0.43991649313097614,0.8400143297628127,1.3706181096032763,1,0,1,0,0,1,1,0,1,0,0,1,0,0
4017,-0.43991649313097614,-0.3408762181180675,-0.29109036619319206,1,0,1,0,0,1,1,0,1,0,1,0,0,0
456,2.273158691738958,1.6137012404433893,1.071510583959912,0,1,1,0,0,1,0,1,0,1,1,0,0,0
4738,2.273158691738958,1.2064976032430856,0.805637227832477,0,1,1,0,0,1,0,1,0,1,0,0,1,0
6710,-0.43991649313097614,-1.2774445836787656,0.3071246850935365,0,1,1,0,0,1,0,1,0,1,0,1,0,1
2446,-0.43991649313097614,-0.8295205827584317,1.1379789229917707,1,0,1,0,0,1,1,0,0,1,1,0,0,1
135,-0.43991649313097614,-1.1145631287986442,-1.4875204687666492,0,1,1,0,0,1,1,0,1,0,1,0,0,0
5313,-0.43991649313097614,-1.0331224013585834,-0.8228370784480619,1,0,1,0,1,0,1,0,1,0,1,0,0,1
1955,-0.43991649313097614,1.6137012404433893,1.6697256352466405,1,0,1,0,0,1,0,1,0,1,1,0,0,0
873,-0.43991649313097614,0.22920887396235737,0.6394663802528302,1,0,1,0,0,1,1,0,1,0,0,0,1,1
3080,-0.43991649313097614,0.7178532386027215,0.20742217654574843,1,0,0,1,0,1,1,0,1,0,1,0,0,0
1716,-0.43991649313097614,0.025607055362205634,0.9718080754121239,1,0,0,1,0,1,1,0,1,0,0,0,1,1
2868,-0.43991649313097614,1.2064976032430856,1.2376814315395588,0,1,1,0,0,1,1,0,1,0,0,1,0,1
4710,-0.43991649313097614,0.18848851024232702,0.47329553267318336,1,0,1,0,0,1,0,1,0,1,1,0,0,0
4940,-0.43991649313097614,1.6137012404433893,1.4038522791192056,1,0,0,1,0,1,1,0,1,0,1,0,0,0
5821,2.273158691738958,-1.2774445836787656,-0.6566662308684151,0,1,1,0,0,1,1,0,1,0,0,1,0,1
4857,-0.43991649313097614,-1.2774445836787656,-1.5207546382825785,0,1,0,1,0,1,0,1,0,1,1,0,0,0
2020,-0.43991649313097614,-0.7073594915983407,0.7059347192846889,1,0,1,0,0,1,0,1,0,1,0,1,0,1
5778,-0.43991649313097614,-0.9924020376385531,-0.29109036619319206,1,0,0,1,0,1,0,1,1,0,0,0,1,0
6846,-0.43991649313097614,-0.2594354906780068,0.8721055668643357,1,0,0,1,0,1,1,0,1,0,1,0,0,1
1480,-0.43991649313097614,1.247217966963116,0.20742217654574843,0,1,1,0,0,1,1,0,1,0,0,1,0,0
1731,-0.43991649313097614,1.5322605130033284,-1.5207546382825785,1,0,0,1,0,1,0,1,1,0,1,0,0,0
5980,-0.43991649313097614,-0.9109613101984924,-0.09168534909761586,0,1,1,0,0,1,1,0,1,0,0,0,1,0
809,-0.43991649313097614,1.6137012404433893,-0.29109036619319206,1,0,0,1,1,0,0,1,0,1,1,0,0,0
5700,-0.43991649313097614,-1.0738427650786138,-0.29109036619319206,0,1,1,0,0,1,1,0,0,1,1,0,0,0
562,-0.43991649313097614,1.125056875803025,0.0412513289661016,0,1,0,1,0,1,0,1,1,0,1,0,0,0
6022,-0.43991649313097614,-1.1960038562387048,-0.32432453570912145,1,0,1,0,0,1,1,0,1,0,1,0,0,1
4122,-0.43991649313097614,-0.7073594915983407,0.3403588546094659,1,0,1,0,0,1,0,1,0,1,1,0,0,0
6793,-0.43991649313097614,0.880734693482843,-1.4875204687666492,0,1,1,0,0,1,0,1,1,0,0,1,0,0
1782,-0.43991649313097614,-1.2774445836787656,0.3071246850935365,0,1,1,0,0,1,0,1,0,1,0,1,0,1
1641,2.273158691738958,0.22920887396235737,0.17418800702981907,0,1,1,0,0,1,1,0,1,0,0,1,0,1
5026,2.273158691738958,-0.2594354906780068,0.47329553267318336,1,0,1,0,0,1,1,0,0,1,1,0,0,0
2986,-0.43991649313097614,0.7178532386027215,1.1047447534758412,0,1,1,0,0,1,0,1,0,1,0,0,1,0
1142,-0.43991649313097614,-1.1552834925186746,-0.4240270442569095,0,1,1,0,0,1,1,0,1,0,1,0,0,1
6459,-0.43991649313097614,-0.0965540357978854,0.9718080754121239,0,1,1,0,0,1,1,0,1,0,1,0,0,0
1191,-0.43991649313097614,0.880734693482843,0.805637227832477,0,1,1,0,0,1,0,1,0,1,0,1,0,0
6060,-0.43991649313097614,-1.2367242199587352,0.17418800702981907,0,1,1,0,0,1,1,0,1,0,0,1,0,1
4256,2.273158691738958,0.10704778280226633,0.5729980412209714,0,1,1,0,0,1,0,1,1,0,0,1,0,0
2877,-0.43991649313097614,-0.9109613101984924,-0.6234320613524857,0,1,1,0,0,1,1,0,1,0,0,1,0,0
6351,-0.43991649313097614,-1.2774445836787656,-0.6566662308684151,0,1,1,0,0,1,1,0,1,0,1,0,0,1
3334,-0.43991649313097614,0.22920887396235737,1.2044472620236295,0,1,0,1,0,1,1,0,1,0,0,0,1,0
5802,2.273158691738958,-0.62591876415828,-0.6566662308684151,0,1,1,0,0,1,0,1,0,1,1,0,0,1
98,-0.43991649313097614,-1.2774445836787656,-1.4875204687666492,0,1,1,0,0,1,1,0,1,0,1,0,0,0
2922,-0.43991649313097614,-0.7888002190384014,-1.1219446040914263,1,0,1,0,1,0,0,1,0,1,1,0,0,0
3151,-0.43991649313097614,-1.0738427650786138,-1.4875204687666492,1,0,0,1,0,1,1,0,1,0,1,0,0,0
4517,-0.43991649313097614,1.0436161483629645,-1.4875204687666492,1,0,0,1,0,1,0,1,1,0,0,0,1,0
5935,2.273158691738958,-1.1960038562387048,-0.7896029089321326,0,1,1,0,1,0,0,1,0,1,1,0,0,1
5309,-0.43991649313097614,-1.2774445836787656,1.1712130925077,0,1,0,1,0,1,1,0,1,0,0,0,1,1
1989,-0.43991649313097614,-0.5444780367182193,-1.4875204687666492,0,1,0,1,0,1,0,1,0,1,0,1,0,0
1960,2.273158691738958,-0.7073594915983407,0.3071246850935365,1,0,1,0,0,1,1,0,1,0,1,0,0,1
6128,2.273158691738958,1.5729808767233588,0.20742217654574843,0,1,1,0,0,1,0,1,0,1,0,1,0,0
5697,-0.43991649313097614,0.3106496014024181,0.20742217654574843,1,0,0,1,0,1,1,0,1,0,1,0,0,0
6818,-0.43991649313097614,-1.1552834925186746,0.5065297021891128,0,1,1,0,0,1,0,1,1,0,0,0,1,1
1905,-0.43991649313097614,1.4915401492832983,0.9053397363802651,0,1,1,0,0,1,0,1,0,1,1,0,0,0
3538,-0.43991649313097614,1.6137012404433893,1.0382764144439827,1,0,0,1,0,1,1,0,1,0,0,1,0,0
159,-0.43991649313097614,0.7992939660427822,1.3706181096032763,0,1,1,0,0,1,1,0,1,0,0,0,1,0
1108,-0.43991649313097614,1.2879383306831464,1.5035547876669937,1,0,0,1,0,1,0,1,1,0,0,0,1,0
1352,-0.43991649313097614,-0.5037576729981889,0.17418800702981907,0,1,0,1,0,1,1,0,1,0,1,0,0,1
6906,2.273158691738958,0.6364125111626608,1.7361939742784993,1,0,1,0,0,1,1,0,1,0,1,0,0,1
6847,-0.43991649313097614,1.0843365120829946,-1.553988807798508,1,0,1,0,0,1,0,1,0,1,1,0,0,0
1726,2.273158691738958,-0.055833672077855064,0.3071246850935365,1,0,1,0,0,1,0,1,0,1,1,0,0,0
5083,-0.43991649313097614,0.7992939660427822,0.0412513289661016,1,0,1,0,1,0,1,0,1,0,0,1,0,0
3863,-0.43991649313097614,-1.1960038562387048,-1.4875204687666492,0,1,0,1,0,1,0,1,1,0,0,0,1,0
3564,-0.43991649313097614,0.758573602322752,-0.15815368812947458,0,1,0,1,0,1,0,1,0,1,1,0,0,0
3219,-0.43991649313097614,-1.2774445836787656,-1.45428629925072,1,0,0,1,0,1,1,0,0,1,0,1,0,1
3933,-0.43991649313097614,1.4100994218432374,1.4038522791192056,1,0,0,1,0,1,0,1,0,1,1,0,0,0
1261,2.273158691738958,-0.3408762181180675,0.37359302412539525,0,1,1,0,0,1,1,0,1,0,1,0,0,1
2251,-0.43991649313097614,-0.015113308357824713,1.2044472620236295,1,0,1,0,0,1,1,0,1,0,0,1,0,0
3152,-0.43991649313097614,-0.5851984004382496,1.2044472620236295,0,1,1,0,0,1,1,0,0,1,1,0,0,0
444,-0.43991649313097614,0.8400143297628127,0.17418800702981907,0,1,0,1,0,1,0,1,1,0,1,0,0,0
5939,-0.43991649313097614,-0.9516816739185228,1.1047447534758412,1,0,1,0,0,1,0,1,0,1,1,0,0,1
4902,-0.43991649313097614,0.5142514200025698,-1.45428629925072,1,0,0,1,0,1,1,0,0,1,1,0,0,0
6050,2.273158691738958,0.06632741908223598,0.2406563460616778,0,1,1,0,0,1,1,0,1,0,0,0,1,0
150,-0.43991649313097614,0.6364125111626608,-1.4875204687666492,1,0,0,1,0,1,1,0,1,0,1,0,0,0
2579,-0.43991649313097614,0.025607055362205634,1.0050422449280532,0,1,0,1,0,1,1,0,0,1,1,0,0,0
1367,-0.43991649313097614,1.6137012404433893,0.6394663802528302,1,0,1,0,0,1,0,1,0,1,1,0,0,0
5768,2.273158691738958,-0.7888002190384014,1.2044472620236295,1,0,1,0,0,1,1,0,1,0,0,0,1,1
6312,-0.43991649313097614,0.880734693482843,0.8388713973484064,0,1,1,0,0,1,0,1,0,1,0,1,0,0
1189,-0.43991649313097614,-1.2367242199587352,-1.4875204687666492,0,1,1,0,0,1,1,0,0,1,0,1,0,1
4423,-0.43991649313097614,1.1657772395230555,-1.3213496211870024,1,0,1,0,0,1,1,0,0,1,0,1,0,0
376,-0.43991649313097614,-0.055833672077855064,1.1047447534758412,0,1,0,1,0,1,0,1,1,0,0,1,0,0
5112,-0.43991649313097614,-1.0738427650786138,-1.5207546382825785,0,1,1,0,0,1,1,0,0,1,1,0,0,0
3376,-0.43991649313097614,1.6137012404433893,1.270915601055488,1,0,0,1,0,1,1,0,1,0,0,0,1,0
2150,-0.43991649313097614,-1.2774445836787656,-0.29109036619319206,0,1,1,0,0,1,0,1,0,1,0,1,0,1
5981,2.273158691738958,-0.30015585439803716,0.7724030583165477,1,0,1,0,0,1,1,0,1,0,0,1,0,0
2019,-0.43991649313097614,-1.2774445836787656,-0.49049538328876824,0,1,1,0,1,0,1,0,1,0,1,0,0,1
564,-0.43991649313097614,1.4508197855632678,-1.3213496211870024,1,0,1,0,0,1,0,1,0,1,0,0,1,0
2624,-0.43991649313097614,1.6137012404433893,1.3706181096032763,1,0,0,1,0,1,0,1,0,1,1,0,0,0
6260,-0.43991649313097614,-1.2774445836787656,-1.5207546382825785,1,0,0,1,0,1,1,0,1,0,0,0,1,0
1514,-0.43991649313097614,0.43281069256250915,-0.29109036619319206,1,0,0,1,0,1,1,0,1,0,1,0,0,1
5085,2.273158691738958,-1.2367242199587352,0.17418800702981907,1,0,1,0,0,1,1,0,1,0,0,1,0,1
3016,-0.43991649313097614,-0.9516816739185228,0.5065297021891128,1,0,1,0,0,1,1,0,1,0,0,0,1,0
1899,-0.43991649313097614,-0.5444780367182193,0.2738905155776072,1,0,1,0,0,1,1,0,0,1,1,0,0,1
5135,-0.43991649313097614,-0.8295205827584317,0.5397638717050421,0,1,1,0,0,1,0,1,0,1,1,0,0,1
72,-0.43991649313097614,1.6137012404433893,-0.15815368812947458,1,0,0,1,1,0,1,0,1,0,0,1,0,0
5180,-0.43991649313097614,-1.1960038562387048,-1.4875204687666492,1,0,1,0,0,1,1,0,1,0,1,0,0,1
5372,-0.43991649313097614,-1.1960038562387048,0.008017159450172232,1,0,1,0,0,1,0,1,0,1,0,1,0,0
2404,2.273158691738958,0.10704778280226633,0.20742217654574843,1,0,1,0,0,1,1,0,1,0,0,1,0,0
4260,-0.43991649313097614,-0.7073594915983407,-1.4875204687666492,0,1,0,1,0,1,1,0,1,0,1,0,0,1
6854,-0.43991649313097614,-0.1779947632379461,-1.1551787736073555,0,1,1,0,1,0,0,1,0,1,1,0,0,0
5456,2.273158691738958,-0.9516816739185228,1.1379789229917707,0,1,1,0,0,1,1,0,1,0,1,0,0,1
2516,2.273158691738958,-1.1145631287986442,-1.2216471126392143,1,0,1,0,1,0,0,1,0,1,0,0,1,1
754,-0.43991649313097614,0.3920903288424788,0.9718080754121239,1,0,0,1,0,1,1,0,1,0,0,0,1,0
2739,-0.43991649313097614,1.3286586944031769,1.1712130925077,1,0,1,0,0,1,1,0,1,0,0,0,1,0
3358,-0.43991649313097614,-0.38159658183809786,0.3403588546094659,1,0,1,0,0,1,1,0,1,0,1,0,0,0
535,-0.43991649313097614,1.002895784642934,-0.49049538328876824,1,0,1,0,1,0,0,1,0,1,1,0,0,0
6491,-0.43991649313097614,-0.6666391278783103,-1.4875204687666492,0,1,0,1,0,1,1,0,1,0,0,1,0,0
5919,-0.43991649313097614,-0.9924020376385531,-0.4572612137728389,0,1,0,1,0,1,1,0,1,0,0,0,1,1
4894,-0.43991649313097614,1.247217966963116,-0.025217010065757134,1,0,0,1,0,1,1,0,1,0,1,0,0,0
3428,-0.43991649313097614,-1.1960038562387048,0.20742217654574843,1,0,1,0,0,1,0,1,0,1,1,0,0,0
6513,-0.43991649313097614,0.880734693482843,0.17418800702981907,1,0,1,0,0,1,1,0,1,0,1,0,0,1
3590,-0.43991649313097614,-1.0331224013585834,0.7391688888006183,0,1,1,0,0,1,0,1,1,0,1,0,0,1
4964,-0.43991649313097614,1.6137012404433893,0.1409538375138897,1,0,0,1,0,1,1,0,1,0,0,0,1,0
4493,2.273158691738958,0.5142514200025698,-1.3213496211870024,0,1,1,0,0,1,0,1,1,0,0,0,1,0
2753,2.273158691738958,1.125056875803025,1.2044472620236295,1,0,1,0,0,1,1,0,1,0,1,0,0,0
3301,-0.43991649313097614,1.0843365120829946,0.5397638717050421,1,0,1,0,0,1,1,0,1,0,0,1,0,0
5842,2.273158691738958,1.369379058123207,1.2044472620236295,1,0,1,0,0,1,1,0,1,0,0,1,0,0
2331,-0.43991649313097614,-0.9109613101984924,0.5397638717050421,1,0,1,0,0,1,0,1,1,0,1,0,0,1
5708,-0.43991649313097614,0.5956921474426305,0.0412513289661016,1,0,1,0,0,1,1,0,1,0,1,0,0,0
913,-0.43991649313097614,0.3920903288424788,-0.15815368812947458,1,0,1,0,0,1,0,1,0,1,0,1,0,0
3229,2.273158691738958,-0.6666391278783103,0.2406563460616778,0,1,1,0,0,1,0,1,0,1,0,1,0,1
1253,-0.43991649313097614,0.3106496014024181,-1.45428629925072,1,0,1,0,0,1,1,0,1,0,1,0,0,0
5800,-0.43991649313097614,0.6771328748826912,1.4038522791192056,0,1,1,0,0,1,1,0,1,0,1,0,0,0
5898,-0.43991649313097614,1.369379058123207,-1.4875204687666492,0,1,0,1,0,1,0,1,1,0,0,0,1,0
4200,2.273158691738958,-1.1145631287986442,0.47329553267318336,1,0,1,0,0,1,0,1,0,1,0,1,0,1
5103,2.273158691738958,0.7178532386027215,1.2044472620236295,1,0,1,0,0,1,0,1,0,1,0,0,1,0
1079,-0.43991649313097614,1.2064976032430856,1.437086448635135,0,1,1,0,0,1,0,1,0,1,0,0,1,0
4013,-0.43991649313097614,-1.1552834925186746,0.37359302412539525,0,1,1,0,0,1,1,0,1,0,1,0,0,1
2377,-0.43991649313097614,0.5956921474426305,-1.4875204687666492,1,0,0,1,0,1,1,0,1,0,0,1,0,0
57,-0.43991649313097614,1.5322605130033284,1.2044472620236295,0,1,0,1,0,1,0,1,0,1,0,1,0,0
4555,2.273158691738958,-1.1960038562387048,0.3403588546094659,1,0,1,0,0,1,1,0,0,1,1,0,0,0
5624,2.273158691738958,-0.9109613101984924,-0.9890079260277087,1,0,1,0,1,0,1,0,1,0,1,0,0,1
3653,-0.43991649313097614,0.5549717837226001,1.3041497705714176,1,0,1,0,0,1,1,0,1,0,1,0,0,0
2773,-0.43991649313097614,-1.1552834925186746,1.1047447534758412,1,0,0,1,0,1,0,1,1,0,0,0,1,1
2189,-0.43991649313097614,1.6137012404433893,-1.4875204687666492,0,1,0,1,0,1,1,0,1,0,1,0,0,0
3697,-0.43991649313097614,0.880734693482843,1.6697256352466405,1,0,1,0,0,1,1,0,1,0,1,0,0,0
2048,2.273158691738958,0.6771328748826912,-0.6899004003843444,1,0,1,0,0,1,1,0,1,0,1,0,0,0
3931,-0.43991649313097614,0.14776814652229667,1.3706181096032763,1,0,1,0,0,1,0,1,0,1,0,1,0,0
5642,-0.43991649313097614,-0.3408762181180675,1.0050422449280532,1,0,1,0,0,1,0,1,1,0,0,1,0,0
6435,-0.43991649313097614,-1.2774445836787656,0.17418800702981907,0,1,0,1,0,1,1,0,1,0,1,0,0,0
494,-0.43991649313097614,-1.0331224013585834,-0.6899004003843444,1,0,1,0,0,1,0,1,1,0,0,1,0,0
879,-0.43991649313097614,-1.2774445836787656,-0.6566662308684151,1,0,1,0,0,1,0,1,1,0,0,1,0,0
6706,-0.43991649313097614,-0.5037576729981889,1.1379789229917707,0,1,1,0,0,1,1,0,1,0,1,0,0,0
4719,-0.43991649313097614,-0.9924020376385531,-1.4875204687666492,1,0,0,1,0,1,1,0,1,0,0,1,0,1
5520,-0.43991649313097614,0.6771328748826912,0.47329553267318336,1,0,0,1,0,1,1,0,1,0,1,0,0,0
2887,-0.43991649313097614,-1.0738427650786138,0.805637227832477,1,0,1,0,0,1,1,0,0,1,1,0,0,0
2228,-0.43991649313097614,0.06632741908223598,-0.6566662308684151,0,1,0,1,1,0,1,0,1,0,0,1,0,0
6699,-0.43991649313097614,0.7992939660427822,-1.45428629925072,0,1,1,0,0,1,1,0,0,1,0,1,0,0
1309,-0.43991649313097614,1.5729808767233588,0.008017159450172232,0,1,1,0,0,1,0,1,0,1,1,0,0,0
689,-0.43991649313097614,-0.5851984004382496,0.8721055668643357,0,1,1,0,0,1,1,0,1,0,0,1,0,1
2269,-0.43991649313097614,-0.7073594915983407,0.5065297021891128,1,0,1,0,0,1,1,0,1,0,0,0,1,1
2131,-0.43991649313097614,1.125056875803025,1.6697256352466405,1,0,0,1,0,1,0,1,0,1,0,1,0,0
3909,-0.43991649313097614,-1.2774445836787656,0.5065297021891128,1,0,1,0,0,1,0,1,0,1,0,0,1,1
6131,-0.43991649313097614,1.002895784642934,-0.32432453570912145,0,1,1,0,0,1,1,0,1,0,0,0,1,0
2568,-0.43991649313097614,1.5729808767233588,1.7029598047625698,0,1,1,0,0,1,0,1,0,1,1,0,0,0
5582,-0.43991649313097614,1.1657772395230555,-1.3545837907029317,1,0,1,0,0,1,0,1,0,1,0,0,1,0
4246,-0.43991649313097614,1.6137012404433893,0.47329553267318336,1,0,0,1,0,1,1,0,1,0,0,0,1,0
5365,-0.43991649313097614,1.4508197855632678,1.1712130925077,0,1,0,1,0,1,0,1,0,1,1,0,0,0
888,2.273158691738958,1.4100994218432374,1.2044472620236295,0,1,1,0,0,1,0,1,0,1,0,1,0,0
1619,-0.43991649313097614,-0.6666391278783103,-0.49049538328876824,1,0,1,0,1,0,1,0,0,1,1,0,0,1
3195,-0.43991649313097614,0.26992923768238775,-0.29109036619319206,1,0,1,0,1,0,1,0,1,0,1,0,0,1
3090,-0.43991649313097614,0.9214550572028734,-1.4875204687666492,1,0,1,0,0,1,1,0,1,0,0,0,1,0
5243,-0.43991649313097614,-1.1552834925186746,-0.22462202716133334,1,0,0,1,0,1,0,1,0,1,1,0,0,0
1065,-0.43991649313097614,-1.2774445836787656,-1.3213496211870024,1,0,1,0,1,0,1,0,1,0,0,1,0,0
6378,-0.43991649313097614,-0.9109613101984924,-1.4875204687666492,1,0,1,0,0,1,1,0,1,0,1,0,0,0
5994,-0.43991649313097614,-0.30015585439803716,-1.45428629925072,0,1,0,1,0,1,1,0,0,1,1,0,0,0
4972,-0.43991649313097614,0.7992939660427822,0.6394663802528302,0,1,1,0,0,1,1,0,1,0,1,0,0,1
6357,-0.43991649313097614,0.06632741908223598,-0.49049538328876824,1,0,1,0,0,1,1,0,0,1,0,1,0,0
128,-0.43991649313097614,-1.2774445836787656,0.2406563460616778,0,1,1,0,0,1,0,1,1,0,0,0,1,1
460,-0.43991649313097614,-1.1552834925186746,0.5397638717050421,0,1,1,0,0,1,0,1,0,1,1,0,0,1
242,-0.43991649313097614,-0.5037576729981889,-1.4875204687666492,1,0,1,0,0,1,0,1,0,1,0,0,1,0
493,-0.43991649313097614,0.6771328748826912,-0.29109036619319206,1,0,1,0,1,0,1,0,0,1,1,0,0,0
5924,-0.43991649313097614,1.6137012404433893,1.7694281437944286,0,1,1,0,0,1,1,0,0,1,1,0,0,0
1152,2.273158691738958,-1.1552834925186746,0.3403588546094659,0,1,1,0,0,1,1,0,1,0,1,0,0,1
5054,2.273158691738958,-0.055833672077855064,0.8721055668643357,0,1,1,0,0,1,0,1,0,1,1,0,0,0
2866,-0.43991649313097614,-1.0738427650786138,0.5065297021891128,1,0,0,1,0,1,0,1,0,1,0,0,1,1
6741,-0.43991649313097614,-0.46303730927815856,0.5065297021891128,0,1,0,1,0,1,1,0,0,1,1,0,0,0
1392,-0.43991649313097614,0.5142514200025698,1.1712130925077,1,0,1,0,0,1,0,1,0,1,1,0,0,0
3643,-0.43991649313097614,0.6364125111626608,-0.025217010065757134,0,1,0,1,0,1,0,1,0,1,1,0,0,0
5253,-0.43991649313097614,-1.2774445836787656,-1.4875204687666492,0,1,1,0,0,1,0,1,0,1,1,0,0,0
578,-0.43991649313097614,-1.1145631287986442,-1.3213496211870024,1,0,0,1,1,0,1,0,0,1,1,0,0,0
4424,-0.43991649313097614,-0.13727439951791576,0.5065297021891128,0,1,1,0,0,1,1,0,1,0,1,0,0,1
2616,-0.43991649313097614,-1.1960038562387048,1.0050422449280532,1,0,1,0,0,1,0,1,1,0,0,0,1,1
4624,-0.43991649313097614,0.10704778280226633,0.3403588546094659,0,1,1,0,0,1,0,1,0,1,1,0,0,1
2005,2.273158691738958,-0.5037576729981889,0.9718080754121239,1,0,1,0,0,1,0,1,0,1,1,0,0,1
6783,2.273158691738958,1.369379058123207,1.536788957182923,1,0,0,1,0,1,1,0,1,0,1,0,0,0
5810,-0.43991649313097614,1.6137012404433893,0.8388713973484064,0,1,0,1,0,1,1,0,0,1,1,0,0,0
2344,-0.43991649313097614,1.4100994218432374,-0.4572612137728389,0,1,1,0,1,0,1,0,1,0,1,0,0,0
1245,-0.43991649313097614,-1.2774445836787656,1.0382764144439827,1,0,1,0,0,1,1,0,1,0,1,0,0,1
4570,-0.43991649313097614,-0.3408762181180675,0.5397638717050421,0,1,0,1,0,1,1,0,1,0,1,0,0,0
3077,-0.43991649313097614,1.125056875803025,-0.15815368812947458,0,1,1,0,0,1,1,0,1,0,1,0,0,0
183,-0.43991649313097614,-0.8702409464784621,0.47329553267318336,1,0,1,0,0,1,0,1,0,1,1,0,0,0
1613,2.273158691738958,-1.1552834925186746,0.47329553267318336,1,0,1,0,0,1,0,1,0,1,0,1,0,1
1361,-0.43991649313097614,-0.21871512695797646,-1.4875204687666492,1,0,0,1,0,1,0,1,0,1,1,0,0,0
6574,2.273158691738958,1.247217966963116,0.6394663802528302,0,1,1,0,0,1,1,0,1,0,0,1,0,0
4615,-0.43991649313097614,-1.2774445836787656,-1.45428629925072,0,1,1,0,0,1,1,0,1,0,1,0,0,0
1611,-0.43991649313097614,1.0436161483629645,1.270915601055488,0,1,1,0,0,1,1,0,1,0,0,0,1,1
4104,-0.43991649313097614,0.47353105628253944,-1.4875204687666492,0,1,1,0,0,1,0,1,0,1,0,0,1,0
1290,-0.43991649313097614,0.8400143297628127,0.8721055668643357,1,0,1,0,0,1,0,1,1,0,0,1,0,0
6481,-0.43991649313097614,-1.1960038562387048,0.17418800702981907,1,0,1,0,0,1,1,0,1,0,1,0,0,0
5230,-0.43991649313097614,1.1657772395230555,1.3041497705714176,1,0,1,0,0,1,0,1,0,1,0,1,0,0
3061,-0.43991649313097614,-1.1145631287986442,0.5065297021891128,1,0,1,0,0,1,1,0,1,0,0,1,0,0
500,-0.43991649313097614,1.002895784642934,0.17418800702981907,1,0,1,0,0,1,0,1,0,1,1,0,0,0
3829,-0.43991649313097614,-1.318164947398796,-1.3213496211870024,0,1,0,1,0,1,1,0,1,0,0,0,1,0
6264,-0.43991649313097614,0.3920903288424788,0.6394663802528302,1,0,1,0,0,1,1,0,1,0,0,1,0,1
1336,-0.43991649313097614,-1.0738427650786138,-1.4875204687666492,1,0,1,0,0,1,1,0,1,0,1,0,0,0
6061,2.273158691738958,1.2879383306831464,1.2376814315395588,0,1,1,0,0,1,1,0,0,1,1,0,0,0
4554,-0.43991649313097614,-0.7073594915983407,-1.5207546382825785,0,1,1,0,0,1,0,1,0,1,0,0,1,0
1027,-0.43991649313097614,1.1657772395230555,0.7724030583165477,1,0,0,1,0,1,0,1,0,1,1,0,0,0
6251,2.273158691738958,-0.62591876415828,-1.45428629925072,1,0,1,0,0,1,0,1,0,1,0,0,1,0
324,-0.43991649313097614,-0.4223169455581282,-0.29109036619319206,0,1,1,0,0,1,1,0,1,0,0,1,0,0
2285,-0.43991649313097614,-1.2774445836787656,-1.4875204687666492,0,1,1,0,0,1,1,0,1,0,1,0,0,1
3223,-0.43991649313097614,1.4508197855632678,0.8388713973484064,1,0,1,0,0,1,1,0,1,0,1,0,0,0
2453,-0.43991649313097614,-0.2594354906780068,1.1379789229917707,0,1,1,0,0,1,0,1,0,1,1,0,0,0
2154,-0.43991649313097614,-0.30015585439803716,0.3403588546094659,1,0,1,0,0,1,1,0,0,1,1,0,0,0
5134,2.273158691738958,-1.1552834925186746,0.6062322107369008,1,0,1,0,0,1,0,1,0,1,1,0,0,0
132,-0.43991649313097614,-0.13727439951791576,1.1379789229917707,1,0,1,0,0,1,1,0,1,0,1,0,0,1
7011,-0.43991649313097614,-0.30015585439803716,0.20742217654574843,0,1,1,0,0,1,0,1,0,1,1,0,0,1
6186,2.273158691738958,-0.9516816739185228,0.37359302412539525,1,0,1,0,0,1,0,1,0,1,0,1,0,0
6122,-0.43991649313097614,1.2879383306831464,-1.4875204687666492,1,0,0,1,0,1,1,0,1,0,0,0,1,0
4908,-0.43991649313097614,-0.8295205827584317,-0.6899004003843444,1,0,1,0,0,1,0,1,1,0,0,0,1,0
6807,-0.43991649313097614,-0.5444780367182193,-1.45428629925072,0,1,0,1,0,1,1,0,1,0,0,0,1,0
3329,-0.43991649313097614,-0.7888002190384014,-0.7896029089321326,0,1,0,1,1,0,1,0,0,1,1,0,0,0
1497,-0.43991649313097614,0.9621754209229036,0.5729980412209714,0,1,1,0,0,1,1,0,1,0,1,0,0,0
3934,2.273158691738958,0.880734693482843,1.2376814315395588,1,0,1,0,0,1,1,0,1,0,1,0,0,1
6687,-0.43991649313097614,-0.62591876415828,0.5065297021891128,1,0,1,0,0,1,0,1,0,1,0,0,1,0
3402,2.273158691738958,-0.30015585439803716,0.17418800702981907,1,0,1,0,0,1,1,0,1,0,0,0,1,0
6103,2.273158691738958,-0.8295205827584317,-1.188412943123285,1,0,0,1,1,0,0,1,1,0,0,0,1,0
1206,-0.43991649313097614,0.35136996512244845,-1.4875204687666492,0,1,1,0,0,1,0,1,0,1,1,0,0,0
6320,2.273158691738958,-0.5037576729981889,0.9718080754121239,0,1,0,1,0,1,1,0,1,0,1,0,0,0
2066,-0.43991649313097614,-1.1960038562387048,-1.4875204687666492,0,1,1,0,0,1,0,1,0,1,1,0,0,0
3799,-0.43991649313097614,1.6137012404433893,0.805637227832477,0,1,0,1,0,1,0,1,0,1,1,0,0,0
4251,2.273158691738958,-0.5851984004382496,0.3403588546094659,1,0,1,0,0,1,0,1,0,1,0,1,0,0
1638,-0.43991649313097614,1.6137012404433893,-1.288115451671073,1,0,0,1,0,1,1,0,1,0,0,1,0,0
2029,-0.43991649313097614,-0.0965540357978854,-1.5207546382825785,0,1,1,0,0,1,1,0,1,0,0,0,1,0
1892,2.273158691738958,0.758573602322752,0.9718080754121239,0,1,1,0,0,1,1,0,1,0,1,0,0,1
1951,-0.43991649313097614,-0.21871512695797646,-1.5207546382825785,0,1,1,0,0,1,0,1,0,1,1,0,0,0
5626,-0.43991649313097614,0.7178532386027215,-1.4875204687666492,1,0,1,0,0,1,1,0,1,0,1,0,0,0
1424,-0.43991649313097614,0.5956921474426305,-0.7563687394162032,1,0,1,0,1,0,0,1,0,1,1,0,0,0
1010,-0.43991649313097614,0.18848851024232702,0.9718080754121239,0,1,1,0,0,1,1,0,1,0,0,1,0,0
106,-0.43991649313097614,-0.62591876415828,0.40682719364132464,0,1,1,0,0,1,1,0,1,0,1,0,0,1
2052,-0.43991649313097614,-1.2774445836787656,-0.7231345699002738,0,1,1,0,0,1,1,0,1,0,0,0,1,1
3813,-0.43991649313097614,-0.2594354906780068,-1.45428629925072,0,1,1,0,0,1,1,0,1,0,0,1,0,0
5812,2.273158691738958,-1.1145631287986442,-1.4875204687666492,0,1,1,0,0,1,0,1,1,0,0,0,1,0
779,-0.43991649313097614,-1.2774445836787656,-1.45428629925072,0,1,1,0,0,1,0,1,0,1,0,1,0,1
3698,-0.43991649313097614,-1.1145631287986442,0.5397638717050421,1,0,1,0,0,1,0,1,0,1,1,0,0,1
6709,2.273158691738958,-0.21871512695797646,0.7724030583165477,1,0,1,0,0,1,0,1,0,1,1,0,0,1
3484,-0.43991649313097614,0.35136996512244845,0.44006136315725397,1,0,0,1,0,1,1,0,0,1,1,0,0,0
6694,2.273158691738958,-0.7888002190384014,0.9718080754121239,0,1,1,0,0,1,1,0,1,0,1,0,0,0
231,-0.43991649313097614,0.8400143297628127,-0.12491951861354524,1,0,0,1,0,1,0,1,0,1,0,0,1,0
2401,-0.43991649313097614,1.6137012404433893,0.8721055668643357,1,0,1,0,0,1,1,0,0,1,1,0,0,0
5718,-0.43991649313097614,-0.5037576729981889,-1.5207546382825785,0,1,1,0,0,1,1,0,1,0,0,0,1,0
6690,-0.43991649313097614,-0.3408762181180675,-1.4875204687666492,1,0,0,1,0,1,0,1,0,1,0,1,0,0
2784,2.273158691738958,-0.9516816739185228,-1.45428629925072,0,1,1,0,0,1,0,1,0,1,1,0,0,0
3443,-0.43991649313097614,-1.2774445836787656,-1.4875204687666492,0,1,0,1,0,1,1,0,0,1,1,0,0,1
367,-0.43991649313097614,1.4100994218432374,0.8721055668643357,0,1,1,0,0,1,1,0,1,0,1,0,0,1
3025,-0.43991649313097614,-0.9924020376385531,-0.29109036619319206,1,0,0,1,0,1,1,0,1,0,1,0,0,0
6925,-0.43991649313097614,-0.3408762181180675,-1.4875204687666492,1,0,1,0,0,1,1,0,0,1,1,0,0,0
2933,-0.43991649313097614,-1.1145631287986442,1.0050422449280532,0,1,1,0,0,1,0,1,0,1,0,0,1,1
5397,-0.43991649313097614,-1.1552834925186746,0.17418800702981907,1,0,1,0,0,1,1,0,1,0,0,1,0,1
3641,-0.43991649313097614,1.5729808767233588,1.4703206181510644,1,0,0,1,0,1,0,1,0,1,1,0,0,0
2201,-0.43991649313097614,0.35136996512244845,0.10771966799796033,0,1,0,1,0,1,1,0,1,0,0,1,0,0
5780,-0.43991649313097614,-0.5037576729981889,0.1409538375138897,0,1,1,0,0,1,1,0,0,1,0,1,0,0
2349,-0.43991649313097614,0.025607055362205634,1.3041497705714176,1,0,1,0,0,1,1,0,1,0,1,0,0,1
636,-0.43991649313097614,1.0843365120829946,-1.4875204687666492,0,1,1,0,0,1,0,1,0,1,1,0,0,0
614,-0.43991649313097614,1.6137012404433893,1.5035547876669937,0,1,1,0,0,1,0,1,0,1,0,1,0,0
5568,-0.43991649313097614,1.0843365120829946,-0.3575587052250508,0,1,1,0,0,1,0,1,0,1,0,1,0,0
468,-0.43991649313097614,-1.2774445836787656,0.17418800702981907,1,0,0,1,0,1,0,1,0,1,0,1,0,1
4063,2.273158691738958,0.9621754209229036,1.2044472620236295,1,0,1,0,0,1,1,0,0,1,1,0,0,1
6195,-0.43991649313097614,0.6364125111626608,-1.4875204687666492,0,1,1,0,0,1,0,1,0,1,0,1,0,0
2225,-0.43991649313097614,-0.2594354906780068,-0.49049538328876824,0,1,0,1,0,1,1,0,0,1,1,0,0,0
1306,-0.43991649313097614,-1.2367242199587352,-1.5207546382825785,1,0,1,0,0,1,1,0,1,0,1,0,0,0
5270,2.273158691738958,-0.9516816739185228,0.6394663802528302,0,1,1,0,0,1,1,0,1,0,1,0,0,1
3383,-0.43991649313097614,-1.2774445836787656,0.17418800702981907,0,1,1,0,0,1,0,1,1,0,0,0,1,1
3159,-0.43991649313097614,-0.8702409464784621,0.3071246850935365,0,1,1,0,0,1,1,0,1,0,1,0,0,1
1887,-0.43991649313097614,-1.0738427650786138,-0.556963722320627,1,0,1,0,1,0,1,0,1,0,0,0,1,1
5671,-0.43991649313097614,-0.30015585439803716,0.0412513289661016,1,0,1,0,0,1,0,1,1,0,1,0,0,0
4365,2.273158691738958,0.8400143297628127,-1.3213496211870024,1,0,1,0,0,1,0,1,1,0,0,0,1,0
1788,-0.43991649313097614,1.6137012404433893,0.7724030583165477,1,0,1,0,0,1,0,1,0,1,0,1,0,0
1833,2.273158691738958,1.6137012404433893,0.44006136315725397,1,0,1,0,0,1,1,0,1,0,1,0,0,0
5903,-0.43991649313097614,-1.1552834925186746,-1.5207546382825785,0,1,1,0,0,1,1,0,1,0,1,0,0,0
6070,-0.43991649313097614,-0.5037576729981889,-1.4875204687666492,1,0,1,0,0,1,1,0,1,0,0,1,0,0
5961,-0.43991649313097614,1.3286586944031769,0.6727005497687596,1,0,1,0,0,1,0,1,0,1,0,1,0,0
3442,2.273158691738958,1.1657772395230555,0.008017159450172232,1,0,0,1,0,1,1,0,1,0,0,1,0,0
990,2.273158691738958,0.758573602322752,-1.188412943123285,0,1,1,0,1,0,1,0,1,0,0,1,0,0
5930,2.273158691738958,0.5549717837226001,0.5065297021891128,0,1,1,0,0,1,0,1,0,1,1,0,0,1
1450,-0.43991649313097614,1.0436161483629645,-1.4875204687666492,0,1,0,1,0,1,1,0,1,0,1,0,0,0
6326,-0.43991649313097614,-1.2774445836787656,-1.4875204687666492,0,1,1,0,0,1,1,0,0,1,1,0,0,1
6753,-0.43991649313097614,-1.318164947398796,-0.3907928747409802,1,0,0,1,1,0,1,0,1,0,0,0,1,0
5617,-0.43991649313097614,1.0436161483629645,-1.4875204687666492,1,0,0,1,0,1,1,0,1,0,1,0,0,0
2618,2.273158691738958,0.9214550572028734,-0.49049538328876824,0,1,1,0,1,0,1,0,1,0,1,0,0,0
1008,2.273158691738958,0.6771328748826912,1.0382764144439827,0,1,1,0,0,1,1,0,0,1,1,0,0,1
2702,-0.43991649313097614,-0.5444780367182193,-0.6566662308684151,1,0,1,0,0,1,1,0,1,0,0,1,0,0
4731,2.273158691738958,-0.30015585439803716,0.8388713973484064,0,1,1,0,0,1,0,1,0,1,1,0,0,1
2084,2.273158691738958,-1.1145631287986442,0.5397638717050421,1,0,1,0,0,1,1,0,1,0,1,0,0,0
5459,-0.43991649313097614,-1.2774445836787656,1.1712130925077,1,0,1,0,0,1,1,0,1,0,1,0,0,1
5902,-0.43991649313097614,0.758573602322752,0.5065297021891128,0,1,1,0,0,1,0,1,0,1,1,0,0,1
134,-0.43991649313097614,-1.2774445836787656,0.8721055668643357,0,1,1,0,0,1,1,0,1,0,1,0,0,1
4464,-0.43991649313097614,0.758573602322752,0.5397638717050421,0,1,1,0,0,1,1,0,0,1,1,0,0,0
4435,-0.43991649313097614,-1.2774445836787656,-1.4875204687666492,0,1,1,0,0,1,0,1,0,1,1,0,0,0
2642,-0.43991649313097614,-0.9516816739185228,-1.4875204687666492,1,0,1,0,0,1,1,0,1,0,1,0,0,0
1830,2.273158691738958,-1.2774445836787656,0.1409538375138897,1,0,0,1,0,1,0,1,0,1,1,0,0,1
2403,-0.43991649313097614,-0.5037576729981889,0.8388713973484064,0,1,0,1,0,1,1,0,1,0,1,0,0,1
1549,-0.43991649313097614,-0.38159658183809786,-1.4875204687666492,0,1,0,1,0,1,1,0,0,1,1,0,0,0
5452,-0.43991649313097614,-0.9109613101984924,-0.2578561966772627,0,1,1,0,0,1,0,1,0,1,0,1,0,0
2501,-0.43991649313097614,-0.748079855318371,-1.4875204687666492,0,1,1,0,0,1,1,0,1,0,0,1,0,0
2587,-0.43991649313097614,1.6137012404433893,-0.3575587052250508,1,0,0,1,1,0,1,0,1,0,1,0,0,0
1762,-0.43991649313097614,-1.2774445836787656,-1.3213496211870024,0,1,0,1,1,0,0,1,1,0,0,0,1,1
5551,-0.43991649313097614,0.8400143297628127,0.9718080754121239,1,0,1,0,0,1,1,0,1,0,0,1,0,0
1115,-0.43991649313097614,-1.1145631287986442,-1.3213496211870024,1,0,1,0,0,1,0,1,0,1,1,0,0,0
1202,-0.43991649313097614,1.0436161483629645,1.1379789229917707,0,1,1,0,0,1,1,0,1,0,1,0,0,0
289,-0.43991649313097614,-0.9516816739185228,0.37359302412539525,0,1,1,0,0,1,1,0,0,1,1,0,0,0
6707,-0.43991649313097614,-0.4223169455581282,-1.4875204687666492,0,1,0,1,0,1,1,0,1,0,1,0,0,0
4748,-0.43991649313097614,1.6137012404433893,1.1379789229917707,1,0,0,1,0,1,1,0,1,0,0,1,0,0
822,-0.43991649313097614,0.6771328748826912,-1.45428629925072,1,0,1,0,0,1,1,0,1,0,0,0,1,0
3317,-0.43991649313097614,0.5956921474426305,-0.025217010065757134,1,0,0,1,0,1,1,0,1,0,0,1,0,0
1518,2.273158691738958,0.10704778280226633,1.2044472620236295,0,1,1,0,0,1,0,1,0,1,0,1,0,0
5493,-0.43991649313097614,-1.2774445836787656,-1.4875204687666492,1,0,1,0,0,1,0,1,1,0,0,0,1,0
5958,-0.43991649313097614,1.247217966963116,-1.45428629925072,1,0,1,0,0,1,1,0,0,1,1,0,0,0
5393,-0.43991649313097614,-1.2774445836787656,-0.6899004003843444,0,1,1,0,0,1,1,0,1,0,0,0,1,0
1588,-0.43991649313097614,1.0436161483629645,-0.29109036619319206,1,0,0,1,1,0,0,1,1,0,0,0,1,0
5916,-0.43991649313097614,1.4915401492832983,1.0382764144439827,0,1,0,1,0,1,1,0,1,0,0,0,1,0
5374,-0.43991649313097614,1.3286586944031769,1.0382764144439827,1,0,1,0,0,1,1,0,0,1,0,0,1,0
4004,-0.43991649313097614,-1.2774445836787656,0.17418800702981907,0,1,1,0,0,1,1,0,1,0,0,0,1,1
5326,-0.43991649313097614,-0.9924020376385531,1.2044472620236295,1,0,1,0,0,1,1,0,1,0,0,1,0,1
1456,-0.43991649313097614,-1.2774445836787656,0.3403588546094659,1,0,1,0,0,1,0,1,0,1,0,0,1,1
5118,-0.43991649313097614,-0.9109613101984924,0.7059347192846889,1,0,0,1,0,1,1,0,1,0,0,0,1,0
3826,-0.43991649313097614,1.6137012404433893,-1.3213496211870024,0,1,0,1,0,1,1,0,1,0,0,0,1,0
1688,-0.43991649313097614,1.0436161483629645,0.5065297021891128,1,0,1,0,0,1,0,1,1,0,0,1,0,0
4848,-0.43991649313097614,-0.6666391278783103,-1.5207546382825785,0,1,1,0,0,1,0,1,0,1,1,0,0,0
4922,-0.43991649313097614,-0.5851984004382496,-0.2578561966772627,0,1,0,1,0,1,0,1,0,1,1,0,0,1
5983,2.273158691738958,-0.5444780367182193,1.0382764144439827,0,1,1,0,0,1,1,0,1,0,0,1,0,1
7021,-0.43991649313097614,-0.9516816739185228,-0.4572612137728389,0,1,1,0,1,0,1,0,1,0,1,0,0,0
3266,-0.43991649313097614,-1.0738427650786138,-1.4875204687666492,0,1,1,0,0,1,1,0,0,1,1,0,0,0
6644,-0.43991649313097614,0.7992939660427822,-1.45428629925072,1,0,1,0,0,1,1,0,0,1,1,0,0,0
2626,-0.43991649313097614,-0.015113308357824713,0.9385739058961945,0,1,1,0,0,1,0,1,0,1,1,0,0,0
6959,2.273158691738958,0.14776814652229667,0.3403588546094659,1,0,1,0,0,1,1,0,1,0,0,0,1,0
6669,-0.43991649313097614,-0.4223169455581282,1.0050422449280532,0,1,1,0,0,1,0,1,0,1,1,0,0,0
6541,-0.43991649313097614,-0.055833672077855064,-0.49049538328876824,0,1,1,0,1,0,1,0,1,0,0,1,0,0
1239,-0.43991649313097614,1.3286586944031769,1.4703206181510644,0,1,0,1,0,1,0,1,0,1,1,0,0,1
2975,-0.43991649313097614,1.125056875803025,-0.4572612137728389,1,0,1,0,1,0,0,1,0,1,1,0,0,1
864,-0.43991649313097614,-0.7073594915983407,1.2044472620236295,0,1,1,0,0,1,1,0,0,1,1,0,0,1
5321,-0.43991649313097614,-0.1779947632379461,1.071510583959912,0,1,1,0,0,1,1,0,1,0,0,0,1,0
2713,2.273158691738958,0.43281069256250915,-0.29109036619319206,1,0,1,0,1,0,1,0,1,0,1,0,0,1
46,-0.43991649313097614,0.7992939660427822,-1.4875204687666492,1,0,0,1,0,1,0,1,0,1,1,0,0,0
3511,-0.43991649313097614,-0.38159658183809786,0.3403588546094659,0,1,1,0,0,1,0,1,0,1,1,0,0,1
5242,-0.43991649313097614,-1.1960038562387048,0.17418800702981907,0,1,1,0,0,1,1,0,1,0,0,1,0,1
2,-0.43991649313097614,0.35136996512244845,-1.3213496211870024,0,1,1,0,0,1,1,0,1,0,0,1,0,0
684,2.273158691738958,0.7178532386027215,0.7724030583165477,1,0,1,0,0,1,0,1,0,1,0,1,0,1
2360,-0.43991649313097614,0.06632741908223598,1.1712130925077,1,0,1,0,0,1,0,1,1,0,1,0,0,0
2932,-0.43991649313097614,-0.9924020376385531,1.270915601055488,1,0,1,0,0,1,0,1,0,1,1,0,0,1
1640,-0.43991649313097614,-0.5851984004382496,-0.09168534909761586,1,0,0,1,0,1,1,0,1,0,1,0,0,0
1139,-0.43991649313097614,-1.0331224013585834,0.8388713973484064,0,1,0,1,0,1,0,1,1,0,1,0,0,1
358,-0.43991649313097614,1.5322605130033284,0.5065297021891128,1,0,0,1,0,1,0,1,0,1,0,0,1,0
6803,-0.43991649313097614,1.2879383306831464,1.1379789229917707,0,1,0,1,0,1,0,1,0,1,1,0,0,0
729,-0.43991649313097614,-1.2774445836787656,-0.49049538328876824,0,1,0,1,0,1,0,1,0,1,1,0,0,0
3666,-0.43991649313097614,-0.21871512695797646,1.1712130925077,0,1,1,0,0,1,0,1,0,1,0,0,1,0
5045,-0.43991649313097614,-0.13727439951791576,-0.32432453570912145,1,0,1,0,0,1,1,0,0,1,1,0,0,0
6887,-0.43991649313097614,-0.5851984004382496,-1.3213496211870024,1,0,0,1,0,1,0,1,0,1,1,0,0,0
6755,-0.43991649313097614,-0.9516816739185228,-0.6566662308684151,0,1,1,0,1,0,0,1,1,0,0,0,1,1
2472,-0.43991649313097614,-1.1960038562387048,1.1379789229917707,0,1,1,0,0,1,0,1,0,1,1,0,0,1
1461,-0.43991649313097614,-1.0738427650786138,1.1047447534758412,1,0,1,0,0,1,0,1,0,1,1,0,0,1
356,-0.43991649313097614,1.369379058123207,1.6364914657307112,0,1,1,0,0,1,1,0,0,1,1,0,0,0
4085,-0.43991649313097614,0.10704778280226633,-0.32432453570912145,1,0,0,1,0,1,1,0,0,1,1,0,0,0
4173,-0.43991649313097614,-0.9516816739185228,0.9385739058961945,1,0,0,1,0,1,1,0,1,0,1,0,0,0
2783,-0.43991649313097614,0.06632741908223598,-0.025217010065757134,1,0,1,0,0,1,0,1,1,0,0,0,1,1
2841,-0.43991649313097614,-0.7888002190384014,-1.4875204687666492,1,0,0,1,0,1,1,0,0,1,1,0,0,0
309,-0.43991649313097614,-1.0331224013585834,-0.19138785764540397,1,0,1,0,0,1,0,1,0,1,1,0,0,0
6651,2.273158691738958,1.2879383306831464,0.17418800702981907,1,0,1,0,0,1,1,0,1,0,1,0,0,1
5728,-0.43991649313097614,1.5322605130033284,1.0050422449280532,1,0,1,0,0,1,0,1,0,1,0,0,1,0
1487,-0.43991649313097614,0.5956921474426305,-1.4875204687666492,1,0,1,0,0,1,1,0,1,0,1,0,0,0
7009,-0.43991649313097614,-1.318164947398796,-1.288115451671073,0,1,0,1,0,1,0,1,0,1,1,0,0,0
2166,-0.43991649313097614,-1.0331224013585834,-0.49049538328876824,0,1,0,1,1,0,1,0,1,0,0,1,0,0
522,-0.43991649313097614,-0.62591876415828,-1.4875204687666492,1,0,1,0,0,1,0,1,1,0,1,0,0,0
6370,-0.43991649313097614,-1.1552834925186746,0.5397638717050421,0,1,1,0,0,1,1,0,0,1,0,0,1,1
6223,2.273158691738958,-0.4223169455581282,0.5729980412209714,1,0,1,0,0,1,0,1,0,1,1,0,0,0
4389,-0.43991649313097614,-1.2774445836787656,0.5397638717050421,0,1,0,1,0,1,1,0,1,0,0,0,1,0
2424,-0.43991649313097614,0.43281069256250915,0.7059347192846889,1,0,1,0,0,1,1,0,1,0,0,1,0,0
3575,-0.43991649313097614,-1.1960038562387048,0.3403588546094659,1,0,1,0,0,1,1,0,1,0,1,0,0,0
6857,-0.43991649313097614,-0.30015585439803716,-0.8893054174799206,0,1,1,0,1,0,0,1,1,0,0,0,1,0
767,-0.43991649313097614,1.369379058123207,-1.3213496211870024,0,1,1,0,0,1,0,1,0,1,1,0,0,0
1840,-0.43991649313097614,1.247217966963116,0.5065297021891128,0,1,1,0,0,1,0,1,1,0,0,0,1,0
844,2.273158691738958,1.4100994218432374,-1.4875204687666492,1,0,1,0,0,1,1,0,1,0,1,0,0,0
6534,-0.43991649313097614,0.7178532386027215,1.4703206181510644,1,0,1,0,0,1,0,1,0,1,1,0,0,1
471,-0.43991649313097614,-1.0331224013585834,0.8388713973484064,0,1,1,0,0,1,1,0,1,0,0,1,0,1
1678,-0.43991649313097614,0.025607055362205634,-0.32432453570912145,0,1,1,0,0,1,0,1,1,0,0,0,1,0
2454,2.273158691738958,1.4508197855632678,1.3373839400873468,0,1,1,0,0,1,0,1,0,1,1,0,0,1
6645,-0.43991649313097614,1.4915401492832983,-1.3213496211870024,1,0,1,0,0,1,0,1,0,1,0,1,0,0
4717,-0.43991649313097614,1.4915401492832983,-1.4875204687666492,1,0,0,1,0,1,0,1,1,0,0,0,1,0
5451,-0.43991649313097614,-0.748079855318371,0.008017159450172232,1,0,1,0,0,1,0,1,0,1,1,0,0,1
1764,-0.43991649313097614,-1.1552834925186746,-1.4875204687666492,1,0,0,1,0,1,1,0,1,0,1,0,0,0
2268,-0.43991649313097614,-0.38159658183809786,-1.45428629925072,0,1,1,0,0,1,0,1,0,1,0,0,1,0
5241,2.273158691738958,-0.5444780367182193,0.8721055668643357,0,1,1,0,0,1,1,0,0,1,0,0,1,1
3031,-0.43991649313097614,1.4100994218432374,-1.5207546382825785,0,1,0,1,0,1,1,0,0,1,1,0,0,0
265,-0.43991649313097614,-0.5444780367182193,-0.09168534909761586,0,1,1,0,0,1,0,1,0,1,0,1,0,0
156,-0.43991649313097614,0.9214550572028734,0.47329553267318336,0,1,0,1,0,1,1,0,0,1,1,0,0,0
4049,-0.43991649313097614,-1.2774445836787656,0.20742217654574843,1,0,1,0,0,1,1,0,1,0,0,0,1,1
603,-0.43991649313097614,1.6137012404433893,0.6394663802528302,0,1,1,0,0,1,0,1,0,1,0,1,0,0
4979,-0.43991649313097614,-0.7888002190384014,-1.4875204687666492,0,1,1,0,0,1,1,0,1,0,1,0,0,0
4840,-0.43991649313097614,-0.9924020376385531,-1.4875204687666492,1,0,0,1,0,1,0,1,0,1,1,0,0,0
1163,2.273158691738958,-1.2367242199587352,0.3403588546094659,0,1,1,0,0,1,1,0,1,0,0,1,0,1
3293,-0.43991649313097614,-0.9516816739185228,0.37359302412539525,0,1,1,0,0,1,1,0,1,0,1,0,0,0
4676,-0.43991649313097614,0.7178532386027215,1.1379789229917707,0,1,1,0,0,1,0,1,0,1,0,1,0,0
3561,-0.43991649313097614,1.5322605130033284,0.10771966799796033,0,1,1,0,0,1,1,0,1,0,1,0,0,0
1628,-0.43991649313097614,0.5956921474426305,1.0050422449280532,1,0,1,0,0,1,1,0,0,1,1,0,0,0
5701,-0.43991649313097614,0.35136996512244845,0.3071246850935365,0,1,1,0,0,1,0,1,0,1,1,0,0,0
5782,-0.43991649313097614,0.3920903288424788,0.1409538375138897,0,1,0,1,0,1,1,0,0,1,1,0,0,0
502,-0.43991649313097614,1.5729808767233588,1.4038522791192056,0,1,0,1,0,1,0,1,0,1,0,0,1,0
1267,-0.43991649313097614,1.5729808767233588,-1.4875204687666492,1,0,0,1,0,1,0,1,0,1,1,0,0,0
943,-0.43991649313097614,0.6771328748826912,-1.4875204687666492,1,0,1,0,0,1,1,0,0,1,1,0,0,0
3388,-0.43991649313097614,-1.2774445836787656,-0.4572612137728389,0,1,1,0,0,1,1,0,1,0,1,0,0,0
3165,-0.43991649313097614,1.5729808767233588,-0.12491951861354524,1,0,1,0,1,0,1,0,0,1,1,0,0,0
6851,-0.43991649313097614,1.5322605130033284,0.5397638717050421,1,0,0,1,0,1,0,1,1,0,0,0,1,0
1032,-0.43991649313097614,-0.30015585439803716,1.3706181096032763,0,1,1,0,0,1,0,1,1,0,1,0,0,0
6999,-0.43991649313097614,-0.62591876415828,0.8721055668643357,0,1,1,0,0,1,1,0,0,1,1,0,0,0
226,2.273158691738958,1.6137012404433893,1.5700231266988525,1,0,1,0,0,1,1,0,1,0,0,1,0,0
6049,-0.43991649313097614,1.4100994218432374,0.37359302412539525,1,0,0,1,0,1,0,1,0,1,1,0,0,0
803,2.273158691738958,-0.38159658183809786,-1.45428629925072,0,1,1,0,0,1,0,1,1,0,0,0,1,0
2016,2.273158691738958,-1.2367242199587352,0.5729980412209714,1,0,1,0,0,1,0,1,1,0,1,0,0,0
382,-0.43991649313097614,1.247217966963116,0.6394663802528302,0,1,0,1,0,1,1,0,1,0,1,0,0,0
4661,-0.43991649313097614,-0.8295205827584317,-1.4875204687666492,1,0,0,1,0,1,1,0,1,0,1,0,0,0
5,-0.43991649313097614,1.4100994218432374,-0.4572612137728389,0,1,1,0,0,1,1,0,0,1,1,0,0,0
6990,2.273158691738958,-1.2774445836787656,0.20742217654574843,1,0,0,1,0,1,0,1,1,0,0,1,0,1
3955,-0.43991649313097614,1.125056875803025,-0.8228370784480619,0,1,1,0,1,0,0,1,0,1,1,0,0,0
3067,-0.43991649313097614,1.4100994218432374,1.3041497705714176,0,1,1,0,0,1,0,1,0,1,1,0,0,1
3073,-0.43991649313097614,0.18848851024232702,-1.188412943123285,1,0,1,0,1,0,0,1,1,0,0,1,0,1
5153,-0.43991649313097614,-1.2774445836787656,-1.4875204687666492,0,1,0,1,0,1,0,1,1,0,0,0,1,1
2489,-0.43991649313097614,1.6137012404433893,1.5035547876669937,1,0,0,1,0,1,1,0,1,0,1,0,0,0
2537,-0.43991649313097614,1.5729808767233588,0.7724030583165477,1,0,1,0,0,1,0,1,1,0,0,1,0,0
1605,-0.43991649313097614,0.880734693482843,-0.6566662308684151,0,1,1,0,1,0,0,1,0,1,0,1,0,0
2918,2.273158691738958,1.0436161483629645,1.4703206181510644,0,1,1,0,0,1,1,0,1,0,0,0,1,1
5875,-0.43991649313097614,-0.9924020376385531,-1.188412943123285,0,1,1,0,1,0,0,1,0,1,1,0,0,0
2641,-0.43991649313097614,-1.2367242199587352,-1.45428629925072,1,0,1,0,0,1,1,0,0,1,1,0,0,0
2846,-0.43991649313097614,-1.0738427650786138,0.8721055668643357,0,1,1,0,0,1,1,0,0,1,1,0,0,1
4917,-0.43991649313097614,0.3920903288424788,-1.45428629925072,1,0,1,0,0,1,0,1,0,1,1,0,0,0
3092,-0.43991649313097614,-1.2774445836787656,-0.3575587052250508,0,1,1,0,0,1,1,0,1,0,0,1,0,1
15,-0.43991649313097614,-0.7073594915983407,-1.4875204687666492,1,0,1,0,0,1,1,0,0,1,1,0,0,0
6386,-0.43991649313097614,0.3920903288424788,1.0050422449280532,0,1,1,0,0,1,0,1,0,1,1,0,0,1
125,-0.43991649313097614,0.025607055362205634,-0.6566662308684151,0,1,1,0,0,1,1,0,1,0,1,0,0,0
2725,-0.43991649313097614,0.7178532386027215,-1.4875204687666492,0,1,1,0,0,1,1,0,1,0,0,1,0,0
3134,-0.43991649313097614,-1.2367242199587352,0.5065297021891128,0,1,1,0,0,1,1,0,1,0,0,1,0,1
2793,-0.43991649313097614,-0.8295205827584317,0.6394663802528302,0,1,1,0,0,1,1,0,1,0,1,0,0,1
1653,-0.43991649313097614,1.369379058123207,-1.4875204687666492,0,1,0,1,0,1,1,0,1,0,1,0,0,0
2358,-0.43991649313097614,0.758573602322752,1.5700231266988525,0,1,1,0,0,1,0,1,1,0,0,1,0,0
2391,-0.43991649313097614,1.4508197855632678,0.6727005497687596,1,0,1,0,0,1,1,0,1,0,0,1,0,0
6508,2.273158691738958,0.9214550572028734,0.3071246850935365,0,1,1,0,0,1,0,1,0,1,1,0,0,0
5049,-0.43991649313097614,-1.0331224013585834,0.1409538375138897,1,0,0,1,0,1,1,0,0,1,0,1,0,1
2085,-0.43991649313097614,-1.2367242199587352,-1.1551787736073555,0,1,1,0,1,0,1,0,0,1,1,0,0,1
3711,-0.43991649313097614,-0.0965540357978854,0.17418800702981907,1,0,1,0,0,1,1,0,1,0,0,1,0,0
4404,2.273158691738958,-1.1145631287986442,0.1409538375138897,1,0,1,0,0,1,0,1,1,0,1,0,0,0
2464,-0.43991649313097614,-0.62591876415828,1.4038522791192056,0,1,1,0,0,1,0,1,0,1,1,0,0,0
3491,-0.43991649313097614,-0.62591876415828,-1.3545837907029317,1,0,0,1,0,1,1,0,1,0,1,0,0,1
1666,-0.43991649313097614,-0.3408762181180675,-0.32432453570912145,0,1,1,0,0,1,0,1,0,1,1,0,0,0
4959,-0.43991649313097614,-0.38159658183809786,-1.4875204687666492,0,1,0,1,0,1,0,1,0,1,1,0,0,0
999,-0.43991649313097614,0.9214550572028734,-0.19138785764540397,0,1,1,0,0,1,1,0,1,0,0,0,1,0
3593,-0.43991649313097614,1.6137012404433893,0.6062322107369008,1,0,1,0,0,1,1,0,1,0,1,0,0,0
6100,-0.43991649313097614,0.6771328748826912,0.8388713973484064,0,1,0,1,0,1,0,1,1,0,0,0,1,0
4159,2.273158691738958,-1.0738427650786138,0.6394663802528302,1,0,1,0,0,1,0,1,1,0,0,0,1,1
6969,-0.43991649313097614,0.6771328748826912,1.0050422449280532,1,0,0,1,0,1,0,1,0,1,1,0,0,0
1872,-0.43991649313097614,-1.0738427650786138,0.9718080754121239,0,1,0,1,0,1,0,1,0,1,1,0,0,1
5834,-0.43991649313097614,1.125056875803025,0.47329553267318336,1,0,1,0,0,1,1,0,1,0,1,0,0,0
1780,-0.43991649313097614,-1.2774445836787656,-1.3213496211870024,0,1,0,1,1,0,1,0,0,1,1,0,0,0
6780,-0.43991649313097614,-0.4223169455581282,0.47329553267318336,0,1,1,0,0,1,1,0,1,0,1,0,0,0
6419,-0.43991649313097614,1.1657772395230555,-1.3545837907029317,1,0,0,1,0,1,0,1,1,0,0,1,0,0
4496,-0.43991649313097614,0.06632741908223598,-1.4875204687666492,0,1,1,0,0,1,1,0,0,1,1,0,0,0
3722,-0.43991649313097614,0.6771328748826912,-0.32432453570912145,0,1,1,0,0,1,1,0,1,0,1,0,0,0
4123,-0.43991649313097614,-0.62591876415828,0.20742217654574843,0,1,1,0,0,1,1,0,1,0,0,1,0,0
2247,-0.43991649313097614,-0.7073594915983407,0.7724030583165477,0,1,1,0,0,1,0,1,0,1,1,0,0,0
6661,-0.43991649313097614,-1.0331224013585834,0.17418800702981907,0,1,0,1,0,1,1,0,0,1,1,0,0,0
1249,-0.43991649313097614,1.0436161483629645,1.0050422449280532,0,1,0,1,0,1,0,1,0,1,1,0,0,0
5901,-0.43991649313097614,-0.7073594915983407,-1.4875204687666492,0,1,0,1,0,1,1,0,1,0,1,0,0,0
4809,-0.43991649313097614,-1.2774445836787656,0.3071246850935365,1,0,1,0,0,1,1,0,1,0,0,0,1,0
6185,-0.43991649313097614,-1.2774445836787656,-1.45428629925072,1,0,1,0,0,1,0,1,1,0,1,0,0,1
3687,2.273158691738958,1.6137012404433893,1.6364914657307112,0,1,1,0,0,1,0,1,0,1,1,0,0,0
900,-0.43991649313097614,-0.62591876415828,-0.29109036619319206,1,0,0,1,0,1,0,1,0,1,1,0,0,1
323,2.273158691738958,0.5956921474426305,1.1712130925077,1,0,1,0,0,1,1,0,1,0,1,0,0,0
6484,-0.43991649313097614,-0.8295205827584317,1.6032572962147817,0,1,1,0,0,1,1,0,0,1,1,0,0,1
679,-0.43991649313097614,-1.2367242199587352,0.37359302412539525,0,1,1,0,0,1,0,1,0,1,1,0,0,1
1918,-0.43991649313097614,1.2879383306831464,1.1379789229917707,1,0,1,0,0,1,0,1,1,0,0,0,1,0
4901,-0.43991649313097614,0.3920903288424788,1.2376814315395588,0,1,1,0,0,1,0,1,0,1,1,0,0,1
3265,-0.43991649313097614,-0.9109613101984924,0.5065297021891128,1,0,1,0,0,1,1,0,0,1,1,0,0,1
4370,-0.43991649313097614,-0.7073594915983407,-1.4875204687666492,0,1,1,0,0,1,1,0,1,0,1,0,0,0
5416,-0.43991649313097614,1.0436161483629645,0.9718080754121239,1,0,1,0,0,1,0,1,1,0,1,0,0,0
4038,-0.43991649313097614,-1.1552834925186746,0.5397638717050421,1,0,0,1,0,1,0,1,1,0,0,0,1,1
4357,2.273158691738958,-0.2594354906780068,0.805637227832477,1,0,1,0,0,1,1,0,1,0,1,0,0,1
6066,-0.43991649313097614,0.26992923768238775,-1.3213496211870024,0,1,0,1,0,1,0,1,1,0,0,0,1,0
6084,-0.43991649313097614,0.10704778280226633,-1.4875204687666492,1,0,0,1,0,1,0,1,1,0,0,0,1,0
1138,-0.43991649313097614,0.5142514200025698,0.6394663802528302,0,1,0,1,0,1,1,0,1,0,0,0,1,0
3098,-0.43991649313097614,-0.46303730927815856,0.1409538375138897,1,0,1,0,0,1,1,0,1,0,1,0,0,0
4741,-0.43991649313097614,1.1657772395230555,1.270915601055488,1,0,1,0,0,1,1,0,1,0,1,0,0,0
3226,2.273158691738958,-1.1960038562387048,-1.3213496211870024,1,0,1,0,1,0,1,0,1,0,1,0,0,1
6030,2.273158691738958,0.9621754209229036,1.2044472620236295,0,1,1,0,0,1,1,0,0,1,1,0,0,0
4151,-0.43991649313097614,0.3920903288424788,0.3071246850935365,1,0,1,0,0,1,1,0,0,1,1,0,0,1
2662,-0.43991649313097614,-0.62591876415828,0.5397638717050421,0,1,0,1,0,1,1,0,1,0,0,0,1,1
584,2.273158691738958,-0.5851984004382496,-0.19138785764540397,0,1,1,0,0,1,1,0,1,0,1,0,0,0
6673,-0.43991649313097614,0.47353105628253944,0.6727005497687596,0,1,1,0,0,1,1,0,1,0,0,0,1,0
1294,-0.43991649313097614,-1.1960038562387048,0.3071246850935365,0,1,1,0,0,1,0,1,0,1,0,0,1,1
1702,-0.43991649313097614,1.247217966963116,-1.4875204687666492,1,0,0,1,0,1,0,1,0,1,0,1,0,0
5822,-0.43991649313097614,0.06632741908223598,0.10771966799796033,1,0,0,1,0,1,0,1,1,0,0,1,0,0
4947,-0.43991649313097614,1.3286586944031769,-1.5207546382825785,1,0,1,0,0,1,1,0,0,1,1,0,0,0
6739,2.273158691738958,-0.8702409464784621,-0.29109036619319206,1,0,1,0,0,1,1,0,1,0,1,0,0,0
2882,-0.43991649313097614,0.7178532386027215,1.3706181096032763,0,1,0,1,0,1,1,0,1,0,0,1,0,1
5630,-0.43991649313097614,0.47353105628253944,0.44006136315725397,1,0,0,1,0,1,1,0,1,0,1,0,0,0
671,-0.43991649313097614,1.6137012404433893,-0.12491951861354524,0,1,0,1,1,0,1,0,1,0,0,1,0,0
5574,-0.43991649313097614,-0.62591876415828,-1.3213496211870024,0,1,0,1,0,1,1,0,0,1,1,0,0,0
6629,-0.43991649313097614,1.6137012404433893,-1.288115451671073,0,1,1,0,0,1,1,0,0,1,0,1,0,0
3983,-0.43991649313097614,-0.5037576729981889,-1.5207546382825785,1,0,1,0,0,1,0,1,1,0,0,0,1,0
2039,-0.43991649313097614,-0.4223169455581282,-0.3575587052250508,0,1,1,0,0,1,1,0,0,1,1,0,0,1
3597,-0.43991649313097614,1.0436161483629645,1.3706181096032763,1,0,1,0,0,1,1,0,1,0,1,0,0,1
6107,-0.43991649313097614,0.3106496014024181,-0.9557737565117794,0,1,1,0,1,0,1,0,1,0,1,0,0,0
6352,-0.43991649313097614,-1.2774445836787656,0.1409538375138897,1,0,0,1,0,1,0,1,0,1,1,0,0,1
6994,-0.43991649313097614,-1.0738427650786138,-1.5207546382825785,0,1,0,1,0,1,0,1,0,1,1,0,0,0
4802,-0.43991649313097614,1.247217966963116,1.270915601055488,0,1,1,0,0,1,0,1,1,0,0,0,1,0
2108,-0.43991649313097614,-0.9924020376385531,-1.4875204687666492,1,0,1,0,0,1,0,1,0,1,1,0,0,0
1208,-0.43991649313097614,-0.0965540357978854,0.1409538375138897,1,0,1,0,0,1,1,0,1,0,1,0,0,0
3222,-0.43991649313097614,0.35136996512244845,1.536788957182923,0,1,0,1,0,1,1,0,1,0,1,0,0,0
6740,-0.43991649313097614,-0.748079855318371,-0.49049538328876824,1,0,1,0,0,1,1,0,1,0,1,0,0,0
1137,-0.43991649313097614,1.6137012404433893,-1.3213496211870024,1,0,0,1,0,1,1,0,1,0,0,0,1,0
6728,-0.43991649313097614,-0.7888002190384014,0.5397638717050421,0,1,1,0,0,1,1,0,1,0,1,0,0,1
4585,-0.43991649313097614,1.247217966963116,0.37359302412539525,0,1,0,1,0,1,0,1,1,0,0,0,1,0
4687,-0.43991649313097614,-0.5851984004382496,-1.3213496211870024,1,0,0,1,0,1,0,1,0,1,0,0,1,0
301,2.273158691738958,0.880734693482843,1.1379789229917707,1,0,1,0,0,1,1,0,1,0,0,1,0,0
103,-0.43991649313097614,-0.055833672077855064,-1.45428629925072,1,0,1,0,0,1,0,1,0,1,0,1,0,0
1,-0.43991649313097614,-1.2774445836787656,-1.3213496211870024,1,0,1,0,1,0,1,0,1,0,1,0,0,1
4175,-0.43991649313097614,0.9214550572028734,0.37359302412539525,1,0,0,1,0,1,1,0,1,0,1,0,0,0
2229,2.273158691738958,0.9214550572028734,-0.15815368812947458,0,1,1,0,0,1,0,1,0,1,0,0,1,0
2900,-0.43991649313097614,1.5322605130033284,-1.4875204687666492,1,0,1,0,0,1,1,0,1,0,0,0,1,0
232,-0.43991649313097614,1.4100994218432374,0.1409538375138897,0,1,1,0,0,1,1,0,0,1,1,0,0,0
6473,2.273158691738958,0.18848851024232702,1.4038522791192056,1,0,1,0,0,1,0,1,0,1,0,1,0,1
6012,-0.43991649313097614,-0.5037576729981889,-1.4875204687666492,1,0,1,0,0,1,1,0,1,0,1,0,0,0
674,2.273158691738958,1.6137012404433893,0.2738905155776072,0,1,1,0,0,1,0,1,1,0,1,0,0,0
4808,-0.43991649313097614,-0.21871512695797646,-1.4875204687666492,1,0,1,0,0,1,0,1,0,1,0,0,1,0
2466,-0.43991649313097614,0.10704778280226633,-1.4875204687666492,0,1,0,1,0,1,1,0,1,0,1,0,0,0
1879,-0.43991649313097614,1.0436161483629645,-0.6899004003843444,1,0,0,1,0,1,1,0,1,0,1,0,0,0
560,-0.43991649313097614,1.3286586944031769,1.536788957182923,1,0,1,0,0,1,1,0,1,0,1,0,0,0
240,-0.43991649313097614,0.3106496014024181,-1.3213496211870024,0,1,1,0,0,1,1,0,1,0,0,0,1,0
6537,-0.43991649313097614,-1.1960038562387048,0.3403588546094659,0,1,1,0,0,1,1,0,1,0,1,0,0,1
104,-0.43991649313097614,-0.3408762181180675,-1.3545837907029317,0,1,0,1,0,1,1,0,1,0,0,1,0,0
2033,-0.43991649313097614,-0.9516816739185228,0.0412513289661016,1,0,1,0,0,1,1,0,0,1,1,0,0,1
2560,-0.43991649313097614,0.3106496014024181,0.47329553267318336,1,0,1,0,0,1,0,1,0,1,0,0,1,0
4059,-0.43991649313097614,0.26992923768238775,0.5397638717050421,0,1,1,0,0,1,0,1,0,1,1,0,0,0
6104,2.273158691738958,-0.015113308357824713,0.5065297021891128,0,1,1,0,0,1,1,0,1,0,1,0,0,1
4614,-0.43991649313097614,0.758573602322752,0.6062322107369008,0,1,1,0,0,1,0,1,0,1,1,0,0,0
2721,-0.43991649313097614,-0.62591876415828,0.3403588546094659,1,0,0,1,0,1,0,1,1,0,1,0,0,0
283,-0.43991649313097614,0.6364125111626608,0.0412513289661016,1,0,1,0,0,1,0,1,1,0,1,0,0,0
3905,2.273158691738958,-1.0331224013585834,-0.4572612137728389,1,0,1,0,0,1,1,0,1,0,1,0,0,0
2845,-0.43991649313097614,0.6364125111626608,-0.29109036619319206,0,1,0,1,0,1,0,1,0,1,1,0,0,0
272,-0.43991649313097614,-1.0738427650786138,-0.32432453570912145,0,1,0,1,0,1,1,0,1,0,0,0,1,1
3542,2.273158691738958,-0.7888002190384014,0.5729980412209714,1,0,1,0,0,1,1,0,1,0,1,0,0,1
5024,-0.43991649313097614,0.10704778280226633,-0.32432453570912145,0,1,1,0,0,1,1,0,0,1,1,0,0,0
1785,-0.43991649313097614,-1.2774445836787656,-1.5207546382825785,0,1,0,1,0,1,1,0,1,0,1,0,0,0
6798,-0.43991649313097614,0.9214550572028734,-0.4572612137728389,1,0,1,0,0,1,1,0,0,1,1,0,0,0
5841,-0.43991649313097614,-1.2774445836787656,-1.4875204687666492,1,0,1,0,0,1,1,0,1,0,0,1,0,0
6477,-0.43991649313097614,0.6771328748826912,-0.15815368812947458,1,0,1,0,0,1,0,1,1,0,0,1,0,1
4446,-0.43991649313097614,-0.9109613101984924,-1.4875204687666492,0,1,1,0,0,1,0,1,0,1,0,0,1,0
2382,-0.43991649313097614,1.0436161483629645,0.37359302412539525,1,0,0,1,0,1,1,0,1,0,0,1,0,0
4713,2.273158691738958,-0.6666391278783103,0.6727005497687596,0,1,1,0,0,1,0,1,0,1,0,1,0,0
6014,-0.43991649313097614,1.6137012404433893,1.7361939742784993,1,0,0,1,0,1,0,1,0,1,0,1,0,0
5959,-0.43991649313097614,0.35136996512244845,0.9718080754121239,1,0,0,1,0,1,1,0,1,0,1,0,0,0
5106,-0.43991649313097614,0.7992939660427822,-0.12491951861354524,0,1,1,0,0,1,1,0,0,1,0,1,0,0
5872,-0.43991649313097614,1.4100994218432374,1.4038522791192056,1,0,0,1,0,1,0,1,1,0,1,0,0,0
5337,2.273158691738958,0.7178532386027215,1.4703206181510644,1,0,1,0,0,1,1,0,1,0,1,0,0,0
5338,-0.43991649313097614,0.5142514200025698,-0.4572612137728389,0,1,1,0,0,1,1,0,1,0,1,0,0,0
5260,2.273158691738958,-0.46303730927815856,0.008017159450172232,0,1,1,0,0,1,0,1,0,1,1,0,0,0
5307,-0.43991649313097614,-0.13727439951791576,1.2044472620236295,1,0,1,0,0,1,0,1,0,1,1,0,0,0
5324,-0.43991649313097614,-1.2774445836787656,0.47329553267318336,0,1,1,0,0,1,0,1,0,1,0,1,0,1
5177,2.273158691738958,0.7992939660427822,1.4703206181510644,1,0,1,0,0,1,1,0,1,0,1,0,0,0
484,-0.43991649313097614,-1.1145631287986442,-0.025217010065757134,0,1,0,1,0,1,0,1,0,1,0,1,0,0
7040,-0.43991649313097614,-0.38159658183809786,0.8721055668643357,1,0,0,1,0,1,0,1,0,1,0,1,0,0
1797,-0.43991649313097614,-0.7073594915983407,1.0382764144439827,0,1,1,0,0,1,0,1,1,0,1,0,0,0
2987,-0.43991649313097614,1.6137012404433893,1.5035547876669937,1,0,0,1,0,1,1,0,0,1,0,0,1,0
6021,-0.43991649313097614,1.4915401492832983,-1.4875204687666492,1,0,0,1,0,1,1,0,1,0,0,1,0,0
5390,-0.43991649313097614,1.247217966963116,0.8388713973484064,0,1,1,0,0,1,1,0,0,1,1,0,0,0
863,-0.43991649313097614,1.369379058123207,-0.025217010065757134,0,1,1,0,0,1,1,0,0,1,1,0,0,0
3275,-0.43991649313097614,0.10704778280226633,-0.19138785764540397,1,0,0,1,0,1,1,0,0,1,1,0,0,0
561,2.273158691738958,0.35136996512244845,0.6394663802528302,0,1,1,0,0,1,0,1,0,1,0,1,0,1
3894,-0.43991649313097614,0.47353105628253944,1.0050422449280532,1,0,1,0,0,1,1,0,1,0,1,0,0,0
6861,-0.43991649313097614,0.9621754209229036,0.7059347192846889,0,1,1,0,0,1,0,1,0,1,1,0,0,0
2038,-0.43991649313097614,0.18848851024232702,0.17418800702981907,0,1,1,0,0,1,1,0,0,1,1,0,0,0
2063,-0.43991649313097614,1.1657772395230555,-1.45428629925072,0,1,0,1,0,1,0,1,1,0,0,0,1,0
953,-0.43991649313097614,-1.1552834925186746,1.2376814315395588,0,1,0,1,0,1,1,0,1,0,1,0,0,1
6101,-0.43991649313097614,-1.2774445836787656,-0.49049538328876824,1,0,1,0,0,1,0,1,0,1,1,0,0,1
623,-0.43991649313097614,-1.2367242199587352,-0.6234320613524857,1,0,1,0,0,1,1,0,0,1,0,1,0,0
1793,-0.43991649313097614,1.2064976032430856,0.9053397363802651,0,1,1,0,0,1,0,1,1,0,1,0,0,0
4765,2.273158691738958,-0.3408762181180675,0.17418800702981907,0,1,1,0,0,1,1,0,1,0,1,0,0,0
350,-0.43991649313097614,1.2879383306831464,0.8721055668643357,1,0,0,1,0,1,1,0,0,1,0,1,0,0
4168,-0.43991649313097614,0.9214550572028734,-0.22462202716133334,0,1,0,1,0,1,0,1,1,0,0,1,0,1
5695,-0.43991649313097614,-1.2367242199587352,0.37359302412539525,1,0,1,0,0,1,1,0,1,0,0,1,0,1
981,-0.43991649313097614,-1.2774445836787656,-0.6566662308684151,0,1,1,0,0,1,1,0,1,0,1,0,0,0
6009,-0.43991649313097614,1.1657772395230555,-0.12491951861354524,1,0,0,1,1,0,1,0,1,0,0,1,0,0
1038,2.273158691738958,-0.015113308357824713,1.3373839400873468,0,1,1,0,0,1,1,0,1,0,1,0,0,1
3560,2.273158691738958,1.6137012404433893,1.5035547876669937,1,0,1,0,0,1,1,0,1,0,0,0,1,0
1541,-0.43991649313097614,0.22920887396235737,-1.4875204687666492,1,0,0,1,0,1,1,0,0,1,1,0,0,0
617,-0.43991649313097614,-1.2367242199587352,0.20742217654574843,1,0,1,0,0,1,1,0,1,0,1,0,0,1
5705,-0.43991649313097614,0.22920887396235737,0.805637227832477,1,0,1,0,0,1,0,1,0,1,1,0,0,0
2881,-0.43991649313097614,1.5729808767233588,-0.3575587052250508,0,1,1,0,1,0,1,0,0,1,1,0,0,0
5523,-0.43991649313097614,0.6771328748826912,-1.4875204687666492,1,0,0,1,0,1,1,0,0,1,1,0,0,0
1775,-0.43991649313097614,0.3920903288424788,-0.556963722320627,0,1,0,1,1,0,1,0,1,0,1,0,0,0
4774,-0.43991649313097614,-1.2774445836787656,-0.6566662308684151,0,1,1,0,0,1,1,0,1,0,0,1,0,1
5592,-0.43991649313097614,0.6771328748826912,-0.4240270442569095,0,1,0,1,1,0,1,0,0,1,1,0,0,1
3316,-0.43991649313097614,1.6137012404433893,1.3706181096032763,0,1,0,1,0,1,0,1,0,1,0,1,0,0
3331,2.273158691738958,1.2064976032430856,1.3373839400873468,1,0,1,0,0,1,0,1,0,1,1,0,0,0
6277,-0.43991649313097614,-0.4223169455581282,-1.5207546382825785,1,0,1,0,0,1,1,0,1,0,0,1,0,0
3503,2.273158691738958,0.35136996512244845,1.5700231266988525,0,1,0,1,0,1,1,0,1,0,0,1,0,1
1852,2.273158691738958,-0.015113308357824713,0.8721055668643357,1,0,0,1,0,1,1,0,1,0,1,0,0,0
2392,-0.43991649313097614,-0.5851984004382496,-0.6899004003843444,0,1,1,0,0,1,0,1,1,0,1,0,0,0
5992,-0.43991649313097614,-0.38159658183809786,1.3041497705714176,0,1,1,0,0,1,1,0,0,1,1,0,0,1
4233,-0.43991649313097614,0.3920903288424788,1.3373839400873468,1,0,1,0,0,1,1,0,0,1,1,0,0,1
3798,-0.43991649313097614,-1.2774445836787656,0.5397638717050421,1,0,1,0,0,1,0,1,1,0,0,1,0,1
58,-0.43991649313097614,-0.9516816739185228,1.270915601055488,0,1,0,1,0,1,0,1,0,1,0,1,0,0
6440,-0.43991649313097614,-1.318164947398796,-1.4875204687666492,1,0,0,1,0,1,1,0,0,1,1,0,0,0
2559,-0.43991649313097614,-0.0965540357978854,0.47329553267318336,1,0,1,0,0,1,1,0,1,0,0,1,0,0
4690,-0.43991649313097614,1.0843365120829946,-1.3213496211870024,1,0,0,1,0,1,1,0,1,0,1,0,0,0
3213,-0.43991649313097614,0.18848851024232702,0.9385739058961945,0,1,0,1,0,1,1,0,0,1,1,0,0,0
5269,-0.43991649313097614,-0.3408762181180675,0.6062322107369008,1,0,0,1,0,1,0,1,1,0,0,0,1,0
2744,-0.43991649313097614,-0.8702409464784621,0.2738905155776072,0,1,1,0,0,1,1,0,0,1,0,0,1,0
407,2.273158691738958,1.4508197855632678,-1.4875204687666492,0,1,1,0,0,1,0,1,0,1,0,1,0,0
5777,2.273158691738958,0.3920903288424788,0.6727005497687596,1,0,1,0,0,1,0,1,1,0,0,0,1,1
3433,-0.43991649313097614,-0.30015585439803716,0.3071246850935365,1,0,1,0,0,1,0,1,1,0,0,0,1,1
5201,-0.43991649313097614,1.4508197855632678,-1.4875204687666492,1,0,1,0,0,1,0,1,0,1,0,1,0,0
2000,-0.43991649313097614,-0.38159658183809786,-1.3213496211870024,1,0,1,0,0,1,0,1,0,1,1,0,0,0
813,-0.43991649313097614,-0.8702409464784621,0.008017159450172232,1,0,1,0,0,1,0,1,1,0,0,0,1,0
5595,-0.43991649313097614,0.880734693482843,-0.32432453570912145,0,1,0,1,0,1,0,1,0,1,1,0,0,1
4688,-0.43991649313097614,-0.21871512695797646,-1.45428629925072,1,0,0,1,0,1,1,0,0,1,1,0,0,0
5743,2.273158691738958,-0.1779947632379461,1.2044472620236295,1,0,1,0,0,1,0,1,0,1,0,0,1,1
3853,-0.43991649313097614,-0.8295205827584317,-1.4875204687666492,1,0,1,0,0,1,1,0,1,0,1,0,0,0
1706,-0.43991649313097614,0.758573602322752,0.37359302412539525,0,1,0,1,0,1,0,1,0,1,1,0,0,0
4875,-0.43991649313097614,0.9621754209229036,1.1047447534758412,1,0,1,0,0,1,1,0,0,1,1,0,0,1
6112,-0.43991649313097614,-0.3408762181180675,-1.3213496211870024,1,0,1,0,0,1,0,1,0,1,1,0,0,0
1238,2.273158691738958,0.18848851024232702,0.8388713973484064,1,0,1,0,0,1,1,0,1,0,0,1,0,0
85,-0.43991649313097614,0.6364125111626608,-1.4875204687666492,0,1,1,0,0,1,1,0,1,0,0,0,1,0
1973,-0.43991649313097614,0.025607055362205634,-1.4875204687666492,1,0,1,0,0,1,0,1,0,1,1,0,0,0
3071,-0.43991649313097614,0.5956921474426305,0.7391688888006183,0,1,1,0,0,1,1,0,1,0,1,0,0,0
5692,-0.43991649313097614,1.2064976032430856,-0.15815368812947458,0,1,1,0,0,1,1,0,1,0,0,1,0,0
934,-0.43991649313097614,1.3286586944031769,-0.32432453570912145,1,0,1,0,0,1,0,1,0,1,1,0,0,0
2731,-0.43991649313097614,0.10704778280226633,-1.4875204687666492,0,1,0,1,0,1,0,1,0,1,0,1,0,0
1271,-0.43991649313097614,-0.4223169455581282,1.0050422449280532,0,1,1,0,0,1,0,1,1,0,0,0,1,1
2593,-0.43991649313097614,1.0436161483629645,0.2406563460616778,0,1,0,1,0,1,1,0,1,0,1,0,0,0
4944,-0.43991649313097614,1.369379058123207,-1.3213496211870024,0,1,1,0,0,1,1,0,1,0,0,0,1,0
2011,-0.43991649313097614,0.6771328748826912,0.6394663802528302,0,1,0,1,0,1,0,1,0,1,1,0,0,1
2235,-0.43991649313097614,0.3106496014024181,0.5397638717050421,1,0,1,0,0,1,0,1,1,0,0,0,1,0
6984,-0.43991649313097614,-1.0331224013585834,-0.5237295528046976,0,1,0,1,0,1,1,0,0,1,1,0,0,1
6883,2.273158691738958,-0.7073594915983407,0.5065297021891128,0,1,1,0,0,1,0,1,0,1,0,1,0,1
5088,-0.43991649313097614,-1.2367242199587352,-1.3213496211870024,0,1,1,0,1,0,1,0,1,0,1,0,0,1
6375,2.273158691738958,-0.055833672077855064,0.805637227832477,0,1,1,0,0,1,1,0,1,0,0,0,1,0
5091,-0.43991649313097614,-0.0965540357978854,1.0050422449280532,0,1,1,0,0,1,0,1,0,1,1,0,0,0
1929,-0.43991649313097614,-1.2774445836787656,-0.6899004003843444,0,1,1,0,0,1,1,0,1,0,1,0,0,0
6374,-0.43991649313097614,1.5322605130033284,-1.288115451671073,1,0,1,0,0,1,1,0,0,1,1,0,0,0
3192,-0.43991649313097614,1.0843365120829946,-1.5207546382825785,0,1,0,1,0,1,1,0,1,0,1,0,0,0
6483,-0.43991649313097614,0.9621754209229036,0.37359302412539525,0,1,0,1,0,1,0,1,0,1,1,0,0,0
5656,-0.43991649313097614,1.6137012404433893,0.0412513289661016,1,0,1,0,1,0,0,1,1,0,0,0,1,0
1085,-0.43991649313097614,-1.2774445836787656,-1.288115451671073,1,0,1,0,0,1,1,0,1,0,0,1,0,0
3963,-0.43991649313097614,1.6137012404433893,1.5035547876669937,1,0,0,1,0,1,0,1,0,1,1,0,0,0
4521,-0.43991649313097614,1.5322605130033284,-0.8560712479639913,0,1,1,0,1,0,1,0,1,0,1,0,0,0
5852,2.273158691738958,0.9214550572028734,0.805637227832477,1,0,1,0,0,1,0,1,0,1,0,1,0,0
365,-0.43991649313097614,-0.3408762181180675,-0.4240270442569095,1,0,0,1,1,0,1,0,0,1,1,0,0,0
3523,-0.43991649313097614,0.5549717837226001,0.6727005497687596,1,0,0,1,0,1,1,0,1,0,0,1,0,0
2376,-0.43991649313097614,-1.2367242199587352,-0.6566662308684151,0,1,1,0,0,1,1,0,0,1,0,0,1,1
3911,-0.43991649313097614,-0.62591876415828,-1.4875204687666492,1,0,1,0,0,1,0,1,0,1,1,0,0,0
3980,-0.43991649313097614,1.5729808767233588,1.2044472620236295,0,1,0,1,0,1,0,1,1,0,0,0,1,0
3582,-0.43991649313097614,1.6137012404433893,-1.4875204687666492,1,0,0,1,0,1,1,0,1,0,0,0,1,0
273,-0.43991649313097614,-1.0331224013585834,0.5065297021891128,1,0,1,0,0,1,1,0,1,0,1,0,0,1
2328,-0.43991649313097614,-0.21871512695797646,-1.5207546382825785,1,0,1,0,0,1,1,0,0,1,1,0,0,0
3365,-0.43991649313097614,0.18848851024232702,0.8721055668643357,0,1,0,1,0,1,0,1,0,1,1,0,0,0
5904,-0.43991649313097614,-0.5851984004382496,-0.49049538328876824,1,0,1,0,0,1,0,1,0,1,0,0,1,0
3019,-0.43991649313097614,1.369379058123207,1.3706181096032763,0,1,1,0,0,1,0,1,1,0,0,0,1,0
3773,-0.43991649313097614,-1.2367242199587352,0.5065297021891128,0,1,1,0,0,1,1,0,0,1,1,0,0,1
333,-0.43991649313097614,-1.1552834925186746,-1.0222420955436382,1,0,1,0,1,0,0,1,0,1,0,1,0,1
3279,-0.43991649313097614,-0.748079855318371,0.8388713973484064,0,1,1,0,0,1,0,1,1,0,0,0,1,1
2844,2.273158691738958,-0.21871512695797646,0.6394663802528302,1,0,1,0,0,1,1,0,1,0,0,0,1,0
5033,-0.43991649313097614,1.2064976032430856,1.536788957182923,1,0,0,1,0,1,0,1,0,1,1,0,0,0
5164,-0.43991649313097614,0.6771328748826912,1.2044472620236295,0,1,0,1,0,1,1,0,1,0,1,0,0,1
2658,2.273158691738958,0.5142514200025698,1.2376814315395588,1,0,1,0,0,1,0,1,1,0,1,0,0,0
386,-0.43991649313097614,-1.2774445836787656,-0.6234320613524857,0,1,1,0,0,1,1,0,1,0,1,0,0,1
3527,-0.43991649313097614,1.4508197855632678,1.6697256352466405,0,1,0,1,0,1,1,0,1,0,1,0,0,0
5144,-0.43991649313097614,1.0843365120829946,1.4038522791192056,1,0,1,0,0,1,1,0,1,0,0,1,0,0
5174,2.273158691738958,1.6137012404433893,1.7029598047625698,0,1,0,1,0,1,1,0,1,0,1,0,0,0
153,-0.43991649313097614,-0.9516816739185228,0.37359302412539525,0,1,1,0,0,1,0,1,0,1,0,1,0,0
5944,-0.43991649313097614,0.3920903288424788,-1.3213496211870024,0,1,1,0,0,1,1,0,0,1,1,0,0,0
1930,-0.43991649313097614,-1.2774445836787656,-0.32432453570912145,0,1,1,0,0,1,1,0,0,1,1,0,0,1
3562,-0.43991649313097614,-0.62591876415828,0.805637227832477,0,1,0,1,0,1,0,1,0,1,1,0,0,1
1624,-0.43991649313097614,-0.0965540357978854,-1.4875204687666492,0,1,1,0,0,1,0,1,0,1,0,0,1,0
6421,-0.43991649313097614,0.5956921474426305,-1.4875204687666492,0,1,0,1,0,1,0,1,0,1,0,1,0,0
1397,-0.43991649313097614,0.35136996512244845,-1.4875204687666492,1,0,0,1,0,1,0,1,0,1,0,1,0,0
4375,-0.43991649313097614,-1.1145631287986442,-0.8228370784480619,0,1,1,0,1,0,1,0,1,0,0,0,1,1
4178,-0.43991649313097614,-1.2774445836787656,0.5065297021891128,1,0,1,0,0,1,1,0,1,0,1,0,0,1
3640,-0.43991649313097614,-1.0331224013585834,-0.3575587052250508,1,0,1,0,0,1,0,1,0,1,0,1,0,0
6855,-0.43991649313097614,-1.1552834925186746,0.0412513289661016,0,1,1,0,0,1,1,0,1,0,1,0,0,0
2680,-0.43991649313097614,1.125056875803025,0.3071246850935365,0,1,0,1,0,1,0,1,0,1,1,0,0,0
4779,-0.43991649313097614,0.14776814652229667,-1.4875204687666492,0,1,1,0,0,1,0,1,1,0,0,0,1,0
3565,-0.43991649313097614,1.4100994218432374,0.17418800702981907,1,0,0,1,0,1,0,1,0,1,0,1,0,0
1718,-0.43991649313097614,-0.055833672077855064,0.805637227832477,0,1,1,0,0,1,1,0,1,0,0,0,1,0
6433,-0.43991649313097614,-1.318164947398796,-1.4875204687666492,0,1,0,1,0,1,1,0,1,0,1,0,0,0
3577,2.273158691738958,1.3286586944031769,1.1379789229917707,0,1,1,0,0,1,0,1,1,0,0,1,0,0
1035,-0.43991649313097614,-0.8295205827584317,0.8388713973484064,1,0,1,0,0,1,1,0,1,0,0,0,1,1
1850,-0.43991649313097614,-0.3408762181180675,0.0412513289661016,1,0,1,0,0,1,1,0,1,0,1,0,0,0
5257,2.273158691738958,0.9621754209229036,1.0050422449280532,0,1,0,1,0,1,0,1,0,1,0,0,1,0
1560,-0.43991649313097614,-0.4223169455581282,1.0050422449280532,0,1,1,0,0,1,1,0,1,0,1,0,0,1
927,2.273158691738958,-0.3408762181180675,1.2044472620236295,0,1,1,0,0,1,0,1,0,1,1,0,0,1
6214,-0.43991649313097614,-0.9924020376385531,-1.288115451671073,0,1,0,1,1,0,1,0,1,0,0,0,1,1
1002,-0.43991649313097614,1.1657772395230555,1.3041497705714176,0,1,0,1,0,1,0,1,0,1,1,0,0,0
1412,-0.43991649313097614,-1.2774445836787656,-1.3878179602188612,0,1,1,0,1,0,1,0,0,1,1,0,0,1
2139,-0.43991649313097614,-1.2774445836787656,0.8388713973484064,0,1,1,0,0,1,1,0,1,0,0,0,1,1
2791,-0.43991649313097614,1.3286586944031769,0.8388713973484064,0,1,1,0,0,1,0,1,0,1,0,0,1,1
458,-0.43991649313097614,1.002895784642934,-1.45428629925072,0,1,1,0,0,1,1,0,1,0,0,0,1,0
4331,-0.43991649313097614,1.2064976032430856,0.20742217654574843,0,1,0,1,0,1,1,0,0,1,1,0,0,0
1150,-0.43991649313097614,-0.8702409464784621,0.44006136315725397,0,1,0,1,0,1,1,0,0,1,1,0,0,0
4574,-0.43991649313097614,-1.1145631287986442,0.37359302412539525,1,0,1,0,0,1,1,0,1,0,0,0,1,1
5526,-0.43991649313097614,-1.2774445836787656,-1.45428629925072,0,1,1,0,0,1,0,1,1,0,0,1,0,1
4146,-0.43991649313097614,0.9214550572028734,0.8388713973484064,1,0,1,0,0,1,1,0,1,0,1,0,0,0
4380,-0.43991649313097614,-1.1960038562387048,-1.4875204687666492,1,0,1,0,0,1,0,1,0,1,0,0,1,0
2160,-0.43991649313097614,-1.2367242199587352,-0.9890079260277087,1,0,1,0,1,0,0,1,1,0,0,0,1,1
5932,-0.43991649313097614,1.5729808767233588,0.8388713973484064,0,1,0,1,0,1,1,0,0,1,1,0,0,0
4005,-0.43991649313097614,-1.1552834925186746,0.3403588546094659,0,1,1,0,0,1,0,1,1,0,0,0,1,1
1645,-0.43991649313097614,-0.4223169455581282,-1.45428629925072,1,0,1,0,0,1,0,1,0,1,1,0,0,0
3926,-0.43991649313097614,0.10704778280226633,-1.3545837907029317,1,0,1,0,1,0,0,1,1,0,0,1,0,0
5077,-0.43991649313097614,-0.38159658183809786,0.8388713973484064,1,0,1,0,0,1,1,0,0,1,0,1,0,0
6899,-0.43991649313097614,1.6137012404433893,1.4038522791192056,1,0,0,1,0,1,1,0,0,1,0,1,0,0
1143,-0.43991649313097614,1.6137012404433893,0.9053397363802651,1,0,1,0,0,1,0,1,0,1,1,0,0,0
3063,-0.43991649313097614,0.10704778280226633,-1.3213496211870024,0,1,0,1,0,1,1,0,1,0,1,0,0,0
123,-0.43991649313097614,-0.9516816739185228,-1.4875204687666492,0,1,0,1,0,1,0,1,0,1,1,0,0,0
5355,2.273158691738958,1.6137012404433893,0.6394663802528302,0,1,1,0,0,1,1,0,0,1,1,0,0,0
16,2.273158691738958,-0.8702409464784621,1.0050422449280532,1,0,1,0,0,1,0,1,0,1,0,0,1,1
2964,-0.43991649313097614,-1.2367242199587352,-0.4572612137728389,1,0,1,0,1,0,0,1,1,0,0,1,0,0
5823,2.273158691738958,-0.4223169455581282,0.3071246850935365,1,0,1,0,0,1,1,0,0,1,1,0,0,1
5580,-0.43991649313097614,-1.1552834925186746,0.3071246850935365,0,1,1,0,0,1,0,1,0,1,0,0,1,1
5573,2.273158691738958,-1.2774445836787656,0.17418800702981907,0,1,1,0,0,1,0,1,1,0,0,0,1,1
983,2.273158691738958,-0.5037576729981889,-0.09168534909761586,1,0,1,0,0,1,1,0,1,0,0,1,0,1
1432,-0.43991649313097614,1.6137012404433893,0.8721055668643357,0,1,0,1,0,1,0,1,1,0,0,1,0,0
1417,-0.43991649313097614,1.6137012404433893,-1.4875204687666492,0,1,0,1,0,1,1,0,1,0,0,0,1,0
2015,-0.43991649313097614,-0.62591876415828,-0.49049538328876824,0,1,0,1,0,1,1,0,1,0,1,0,0,0
3930,-0.43991649313097614,0.9214550572028734,0.8388713973484064,1,0,1,0,0,1,1,0,1,0,0,1,0,0
5883,-0.43991649313097614,-0.9924020376385531,0.07448549848203097,0,1,1,0,0,1,1,0,1,0,0,0,1,0
4128,-0.43991649313097614,-1.1552834925186746,1.1712130925077,0,1,1,0,0,1,0,1,1,0,0,0,1,1
693,-0.43991649313097614,-0.7073594915983407,0.3403588546094659,0,1,0,1,0,1,1,0,1,0,0,1,0,0
1728,-0.43991649313097614,-1.2774445836787656,0.17418800702981907,0,1,0,1,0,1,0,1,1,0,1,0,0,1
77,-0.43991649313097614,-0.055833672077855064,0.8721055668643357,0,1,1,0,0,1,1,0,1,0,0,1,0,0
5616,-0.43991649313097614,0.9214550572028734,-0.19138785764540397,0,1,1,0,0,1,1,0,1,0,1,0,0,0
5422,-0.43991649313097614,-0.7888002190384014,-0.3575587052250508,1,0,0,1,0,1,1,0,1,0,0,0,1,0
1272,-0.43991649313097614,1.4915401492832983,-0.8560712479639913,0,1,0,1,1,0,1,0,1,0,0,1,0,0
67,-0.43991649313097614,0.26992923768238775,-1.4875204687666492,1,0,0,1,0,1,0,1,0,1,0,1,0,0
4970,-0.43991649313097614,-0.9109613101984924,-1.4875204687666492,0,1,1,0,0,1,1,0,1,0,1,0,0,0
1285,-0.43991649313097614,1.2879383306831464,1.3706181096032763,0,1,1,0,0,1,1,0,1,0,0,0,1,1
536,-0.43991649313097614,-1.2774445836787656,0.20742217654574843,1,0,1,0,0,1,0,1,0,1,1,0,0,1
4939,-0.43991649313097614,-1.1960038562387048,-0.19138785764540397,1,0,0,1,0,1,1,0,0,1,1,0,0,0
1197,2.273158691738958,1.6137012404433893,1.4038522791192056,1,0,1,0,0,1,0,1,1,0,0,0,1,0
2032,-0.43991649313097614,-1.2774445836787656,-1.1551787736073555,0,1,1,0,1,0,1,0,1,0,1,0,0,1
1046,-0.43991649313097614,0.3106496014024181,0.6727005497687596,0,1,0,1,0,1,0,1,0,1,1,0,0,0
3372,-0.43991649313097614,-1.1552834925186746,0.9718080754121239,1,0,1,0,0,1,1,0,1,0,1,0,0,1
3913,-0.43991649313097614,-0.015113308357824713,-1.4875204687666492,0,1,0,1,0,1,0,1,0,1,0,0,1,0
5152,-0.43991649313097614,0.8400143297628127,0.6727005497687596,1,0,0,1,0,1,1,0,1,0,1,0,0,0
368,-0.43991649313097614,-1.2367242199587352,-0.556963722320627,0,1,1,0,0,1,1,0,1,0,1,0,0,1
2851,-0.43991649313097614,-1.1145631287986442,-0.29109036619319206,0,1,0,1,0,1,0,1,0,1,1,0,0,0
5015,-0.43991649313097614,0.6364125111626608,-0.6566662308684151,1,0,0,1,1,0,1,0,1,0,1,0,0,0
2571,-0.43991649313097614,-0.7073594915983407,0.6394663802528302,1,0,1,0,0,1,0,1,0,1,1,0,0,0
5383,-0.43991649313097614,-0.5037576729981889,-1.4875204687666492,1,0,0,1,0,1,1,0,1,0,0,1,0,0
1834,-0.43991649313097614,1.2064976032430856,1.0382764144439827,0,1,1,0,0,1,1,0,1,0,1,0,0,0
5593,2.273158691738958,-1.1552834925186746,0.20742217654574843,0,1,1,0,0,1,1,0,1,0,0,0,1,0
1103,-0.43991649313097614,-0.9109613101984924,-1.4875204687666492,0,1,1,0,0,1,1,0,1,0,1,0,0,0
251,-0.43991649313097614,-0.8702409464784621,0.3403588546094659,0,1,1,0,0,1,1,0,0,1,0,1,0,1
5058,2.273158691738958,-1.0331224013585834,0.805637227832477,1,0,1,0,0,1,0,1,0,1,1,0,0,0
4478,-0.43991649313097614,0.9214550572028734,0.7059347192846889,0,1,0,1,0,1,1,0,1,0,0,1,0,0
6235,-0.43991649313097614,1.125056875803025,0.5397638717050421,1,0,0,1,0,1,0,1,1,0,0,0,1,0
6856,-0.43991649313097614,1.6137012404433893,-1.5207546382825785,0,1,1,0,0,1,1,0,1,0,0,1,0,0
1437,2.273158691738958,-0.9109613101984924,0.3403588546094659,0,1,1,0,0,1,0,1,0,1,1,0,0,0
69,-0.43991649313097614,0.26992923768238775,-1.4875204687666492,0,1,1,0,0,1,1,0,1,0,0,0,1,0
3594,-0.43991649313097614,-0.7888002190384014,0.805637227832477,1,0,0,1,0,1,1,0,0,1,1,0,0,0
2183,-0.43991649313097614,0.9621754209229036,1.3706181096032763,1,0,1,0,0,1,0,1,0,1,0,0,1,0
5648,-0.43991649313097614,1.6137012404433893,-1.3213496211870024,0,1,0,1,0,1,1,0,1,0,1,0,0,0
1034,-0.43991649313097614,-0.6666391278783103,1.0382764144439827,1,0,1,0,0,1,0,1,1,0,0,0,1,1
5845,2.273158691738958,-1.2367242199587352,-0.6566662308684151,0,1,1,0,0,1,1,0,0,1,1,0,0,1
3457,-0.43991649313097614,-0.4223169455581282,-1.3213496211870024,0,1,1,0,0,1,0,1,1,0,0,0,1,0
3873,-0.43991649313097614,-0.7888002190384014,1.2044472620236295,0,1,1,0,0,1,1,0,0,1,1,0,0,0
3487,-0.43991649313097614,-0.4223169455581282,0.6062322107369008,0,1,1,0,0,1,0,1,0,1,0,1,0,0
2396,-0.43991649313097614,1.247217966963116,0.5065297021891128,1,0,1,0,0,1,0,1,0,1,0,1,0,0
4518,-0.43991649313097614,1.6137012404433893,1.4703206181510644,0,1,1,0,0,1,0,1,0,1,1,0,0,0
2591,-0.43991649313097614,0.47353105628253944,0.8721055668643357,0,1,1,0,0,1,1,0,0,1,1,0,0,0
3902,-0.43991649313097614,-1.2774445836787656,-0.6899004003843444,0,1,1,0,0,1,0,1,0,1,0,0,1,0
208,-0.43991649313097614,-0.9516816739185228,0.10771966799796033,0,1,1,0,0,1,1,0,0,1,1,0,0,0
3559,-0.43991649313097614,0.9214550572028734,0.8388713973484064,0,1,0,1,0,1,0,1,0,1,0,1,0,0
2496,-0.43991649313097614,0.43281069256250915,-0.9890079260277087,0,1,1,0,1,0,1,0,1,0,0,1,0,0
4864,-0.43991649313097614,-1.0331224013585834,-1.3213496211870024,1,0,0,1,1,0,1,0,1,0,0,0,1,0
1073,-0.43991649313097614,0.758573602322752,1.4038522791192056,0,1,1,0,0,1,1,0,1,0,0,0,1,0
6156,-0.43991649313097614,-0.748079855318371,0.8721055668643357,1,0,0,1,0,1,1,0,1,0,1,0,0,1
4636,2.273158691738958,0.5142514200025698,-0.0584511795816865,0,1,1,0,0,1,1,0,1,0,0,0,1,1
1906,2.273158691738958,-0.0965540357978854,0.5065297021891128,0,1,1,0,0,1,0,1,1,0,0,1,0,1
5504,-0.43991649313097614,0.8400143297628127,-1.45428629925072,1,0,0,1,0,1,1,0,1,0,0,1,0,0
6919,2.273158691738958,-0.21871512695797646,0.6727005497687596,0,1,1,0,0,1,1,0,0,1,0,1,0,0
6263,2.273158691738958,0.758573602322752,-1.3213496211870024,0,1,1,0,0,1,0,1,0,1,0,1,0,0
5571,-0.43991649313097614,1.2879383306831464,0.7391688888006183,0,1,1,0,0,1,0,1,0,1,1,0,0,0
4702,2.273158691738958,0.5956921474426305,1.1712130925077,0,1,1,0,0,1,0,1,0,1,1,0,0,1
3336,-0.43991649313097614,-1.2774445836787656,0.17418800702981907,0,1,1,0,0,1,0,1,1,0,1,0,0,1
1867,-0.43991649313097614,-0.055833672077855064,0.0412513289661016,0,1,1,0,0,1,0,1,0,1,0,1,0,0
6580,-0.43991649313097614,-1.2774445836787656,0.17418800702981907,1,0,1,0,0,1,0,1,1,0,0,0,1,1
6461,-0.43991649313097614,-1.1960038562387048,-0.32432453570912145,1,0,0,1,0,1,1,0,0,1,1,0,0,1
2127,2.273158691738958,-0.055833672077855064,1.1379789229917707,1,0,0,1,0,1,1,0,1,0,1,0,0,1
24,-0.43991649313097614,0.758573602322752,1.4038522791192056,1,0,1,0,0,1,0,1,1,0,0,0,1,0
2390,-0.43991649313097614,-1.2774445836787656,-0.556963722320627,1,0,1,0,0,1,0,1,1,0,0,1,0,0
1707,-0.43991649313097614,0.9621754209229036,0.1409538375138897,1,0,0,1,0,1,0,1,0,1,0,0,1,0
909,-0.43991649313097614,-1.2774445836787656,-1.4875204687666492,0,1,0,1,0,1,1,0,1,0,1,0,0,0
3150,-0.43991649313097614,0.3920903288424788,0.44006136315725397,1,0,0,1,0,1,1,0,1,0,1,0,0,1
5838,-0.43991649313097614,-0.4223169455581282,-1.5207546382825785,1,0,0,1,0,1,1,0,1,0,1,0,0,0
6232,-0.43991649313097614,0.5956921474426305,-1.4875204687666492,0,1,1,0,0,1,1,0,0,1,1,0,0,0
3890,-0.43991649313097614,1.2064976032430856,0.008017159450172232,1,0,1,0,0,1,1,0,1,0,0,1,0,0
1558,-0.43991649313097614,1.5322605130033284,-0.4572612137728389,0,1,1,0,1,0,0,1,1,0,1,0,0,0
3645,2.273158691738958,-1.0331224013585834,0.3071246850935365,0,1,1,0,0,1,0,1,1,0,0,0,1,1
3426,-0.43991649313097614,0.14776814652229667,-1.45428629925072,0,1,1,0,0,1,1,0,0,1,0,1,0,0
1340,-0.43991649313097614,-0.21871512695797646,-1.4875204687666492,1,0,1,0,0,1,0,1,0,1,1,0,0,0
1705,-0.43991649313097614,0.9214550572028734,0.9718080754121239,1,0,1,0,0,1,0,1,0,1,1,0,0,0
6187,-0.43991649313097614,-0.5037576729981889,0.17418800702981907,1,0,1,0,0,1,0,1,0,1,0,1,0,0
2733,-0.43991649313097614,-1.1552834925186746,-0.6234320613524857,1,0,1,0,0,1,1,0,1,0,1,0,0,1
538,2.273158691738958,0.9214550572028734,-0.4240270442569095,1,0,1,0,0,1,1,0,1,0,0,1,0,0
3684,2.273158691738958,0.5956921474426305,0.07448549848203097,1,0,1,0,0,1,1,0,1,0,0,0,1,0
5863,-0.43991649313097614,-1.0331224013585834,0.5397638717050421,1,0,1,0,0,1,1,0,0,1,1,0,0,1
1016,2.273158691738958,0.26992923768238775,1.2044472620236295,1,0,1,0,0,1,1,0,1,0,0,1,0,0
5445,-0.43991649313097614,1.5322605130033284,-1.4875204687666492,1,0,1,0,0,1,0,1,0,1,1,0,0,0
4279,-0.43991649313097614,-1.0738427650786138,0.3071246850935365,1,0,1,0,0,1,1,0,0,1,0,1,0,0
3552,-0.43991649313097614,-0.38159658183809786,0.7059347192846889,1,0,0,1,0,1,1,0,0,1,1,0,0,0
1794,-0.43991649313097614,0.8400143297628127,1.4703206181510644,1,0,1,0,0,1,0,1,1,0,0,0,1,0
826,-0.43991649313097614,-1.2367242199587352,0.7059347192846889,0,1,1,0,0,1,1,0,0,1,1,0,0,1
439,-0.43991649313097614,-1.1960038562387048,0.7724030583165477,0,1,1,0,0,1,0,1,0,1,1,0,0,1
6675,-0.43991649313097614,-0.3408762181180675,0.8721055668643357,0,1,1,0,0,1,0,1,1,0,1,0,0,1
5051,-0.43991649313097614,1.4508197855632678,-0.29109036619319206,1,0,1,0,0,1,0,1,0,1,0,0,1,0
338,-0.43991649313097614,-1.2367242199587352,-1.4875204687666492,1,0,1,0,0,1,0,1,1,0,0,0,1,0
261,-0.43991649313097614,0.5549717837226001,1.0382764144439827,1,0,1,0,0,1,1,0,1,0,1,0,0,0
4791,2.273158691738958,-0.7888002190384014,-0.15815368812947458,0,1,1,0,0,1,0,1,0,1,1,0,0,0
3844,-0.43991649313097614,-0.015113308357824713,1.437086448635135,0,1,1,0,0,1,1,0,0,1,1,0,0,1
4729,2.273158691738958,-0.38159658183809786,1.3706181096032763,0,1,1,0,0,1,1,0,1,0,0,0,1,1
4098,-0.43991649313097614,0.47353105628253944,-1.288115451671073,0,1,0,1,0,1,1,0,0,1,1,0,0,0
3182,2.273158691738958,0.5142514200025698,1.1712130925077,1,0,1,0,0,1,0,1,1,0,0,0,1,0
6918,2.273158691738958,1.6137012404433893,1.5035547876669937,0,1,1,0,0,1,0,1,0,1,0,0,1,0
3351,-0.43991649313097614,-0.46303730927815856,1.536788957182923,0,1,1,0,0,1,1,0,1,0,1,0,0,1
1564,-0.43991649313097614,-0.5444780367182193,-1.4875204687666492,0,1,1,0,0,1,1,0,0,1,1,0,0,0
4444,-0.43991649313097614,-0.30015585439803716,-0.3575587052250508,0,1,0,1,0,1,1,0,1,0,1,0,0,0
5703,2.273158691738958,-1.2774445836787656,0.3403588546094659,0,1,1,0,0,1,0,1,0,1,1,0,0,1
3761,-0.43991649313097614,0.9621754209229036,0.3071246850935365,1,0,1,0,0,1,1,0,0,1,1,0,0,1
4971,-0.43991649313097614,-1.1960038562387048,-0.49049538328876824,0,1,1,0,0,1,1,0,1,0,0,1,0,1
4127,-0.43991649313097614,-0.7888002190384014,0.17418800702981907,1,0,1,0,0,1,1,0,1,0,1,0,0,0
6681,-0.43991649313097614,-0.8295205827584317,-0.15815368812947458,0,1,1,0,0,1,1,0,0,1,0,0,1,1
3987,-0.43991649313097614,-1.2367242199587352,-1.4875204687666492,0,1,0,1,0,1,0,1,0,1,0,0,1,1
6941,-0.43991649313097614,1.125056875803025,0.008017159450172232,1,0,1,0,0,1,1,0,1,0,0,0,1,0
453,-0.43991649313097614,1.4915401492832983,1.3373839400873468,1,0,1,0,0,1,1,0,1,0,1,0,0,0
6290,-0.43991649313097614,1.4100994218432374,0.10771966799796033,0,1,0,1,0,1,0,1,0,1,0,0,1,0
2828,2.273158691738958,0.8400143297628127,-0.15815368812947458,0,1,1,0,0,1,1,0,1,0,1,0,0,1
4689,-0.43991649313097614,1.4508197855632678,1.2044472620236295,0,1,0,1,0,1,0,1,0,1,1,0,0,0
4426,-0.43991649313097614,-1.2774445836787656,-1.4875204687666492,0,1,1,0,0,1,0,1,1,0,1,0,0,1
348,-0.43991649313097614,1.2064976032430856,0.17418800702981907,1,0,0,1,0,1,1,0,1,0,0,0,1,0
3198,2.273158691738958,-0.6666391278783103,0.3071246850935365,0,1,1,0,0,1,1,0,1,0,0,1,0,1
238,-0.43991649313097614,-1.0331224013585834,0.20742217654574843,0,1,0,1,0,1,0,1,0,1,1,0,0,0
489,-0.43991649313097614,0.06632741908223598,1.7029598047625698,0,1,1,0,0,1,1,0,1,0,0,0,1,0
3760,-0.43991649313097614,0.5142514200025698,1.0382764144439827,0,1,0,1,0,1,0,1,0,1,1,0,0,0
398,-0.43991649313097614,0.06632741908223598,0.8388713973484064,0,1,0,1,0,1,1,0,0,1,1,0,0,0
443,-0.43991649313097614,0.06632741908223598,0.17418800702981907,1,0,1,0,0,1,0,1,0,1,0,1,0,1
805,-0.43991649313097614,1.5322605130033284,-1.3545837907029317,1,0,0,1,0,1,1,0,0,1,1,0,0,0
827,-0.43991649313097614,0.880734693482843,-1.4875204687666492,0,1,1,0,0,1,0,1,0,1,1,0,0,0
6212,-0.43991649313097614,-0.748079855318371,0.7059347192846889,0,1,1,0,0,1,1,0,0,1,1,0,0,1
2114,-0.43991649313097614,0.880734693482843,0.20742217654574843,0,1,0,1,0,1,0,1,0,1,0,1,0,0
3074,2.273158691738958,-1.2774445836787656,0.3071246850935365,1,0,1,0,0,1,1,0,1,0,0,0,1,1
1633,-0.43991649313097614,-1.2774445836787656,-1.4875204687666492,0,1,1,0,0,1,0,1,0,1,0,1,0,0
4619,2.273158691738958,-1.2774445836787656,0.5065297021891128,0,1,1,0,0,1,1,0,0,1,1,0,0,1
109,-0.43991649313097614,0.10704778280226633,0.9053397363802651,0,1,1,0,0,1,0,1,0,1,0,1,0,0
4468,-0.43991649313097614,-0.5444780367182193,-0.8228370784480619,1,0,1,0,1,0,0,1,1,0,0,1,0,0
5061,-0.43991649313097614,-1.2367242199587352,0.8388713973484064,1,0,1,0,0,1,1,0,1,0,1,0,0,0
6585,-0.43991649313097614,-1.2774445836787656,-1.4875204687666492,1,0,1,0,0,1,1,0,1,0,0,0,1,1
413,-0.43991649313097614,-1.1552834925186746,0.17418800702981907,0,1,0,1,0,1,0,1,0,1,1,0,0,0
6412,2.273158691738958,1.3286586944031769,1.5035547876669937,0,1,1,0,0,1,1,0,0,1,1,0,0,0
1857,2.273158691738958,-1.0738427650786138,0.805637227832477,1,0,1,0,0,1,1,0,1,0,1,0,0,0
4232,-0.43991649313097614,1.4100994218432374,-1.3213496211870024,1,0,0,1,0,1,0,1,1,0,0,0,1,0
4447,-0.43991649313097614,0.880734693482843,0.6394663802528302,0,1,1,0,0,1,1,0,0,1,1,0,0,0
5818,2.273158691738958,-0.3408762181180675,0.9718080754121239,1,0,1,0,0,1,1,0,1,0,1,0,0,1
1232,-0.43991649313097614,-0.62591876415828,-1.5207546382825785,0,1,1,0,0,1,1,0,1,0,1,0,0,0
1269,2.273158691738958,0.3106496014024181,1.1379789229917707,1,0,1,0,0,1,0,1,0,1,0,1,0,1
5996,2.273158691738958,0.35136996512244845,-0.3575587052250508,0,1,1,0,1,0,1,0,0,1,0,0,1,0
5191,2.273158691738958,1.002895784642934,1.2044472620236295,0,1,1,0,0,1,0,1,0,1,1,0,0,1
5719,-0.43991649313097614,-0.21871512695797646,0.805637227832477,1,0,1,0,0,1,1,0,0,1,1,0,0,0
3814,-0.43991649313097614,-0.7073594915983407,-1.4875204687666492,1,0,0,1,0,1,0,1,0,1,0,0,1,0
451,-0.43991649313097614,-1.2774445836787656,-1.4875204687666492,0,1,0,1,0,1,0,1,1,0,0,1,0,0
5873,-0.43991649313097614,-0.8702409464784621,0.8388713973484064,1,0,1,0,0,1,1,0,0,1,1,0,0,1
6891,2.273158691738958,-0.9924020376385531,0.5065297021891128,0,1,0,1,0,1,1,0,1,0,0,1,0,1
5294,2.273158691738958,0.9621754209229036,0.2738905155776072,1,0,0,1,0,1,0,1,0,1,0,1,0,0
6896,-0.43991649313097614,-0.3408762181180675,-1.188412943123285,0,1,1,0,1,0,1,0,1,0,0,0,1,0
6299,-0.43991649313097614,-1.2774445836787656,-0.4572612137728389,0,1,1,0,0,1,0,1,0,1,1,0,0,0
1767,2.273158691738958,-1.2774445836787656,-1.288115451671073,1,0,1,0,1,0,1,0,1,0,0,1,0,1
1219,-0.43991649313097614,-0.2594354906780068,-0.8560712479639913,1,0,0,1,1,0,0,1,0,1,1,0,0,0
1923,-0.43991649313097614,-0.4223169455581282,1.2044472620236295,0,1,1,0,0,1,0,1,1,0,1,0,0,1
2861,-0.43991649313097614,1.6137012404433893,1.5035547876669937,1,0,1,0,0,1,0,1,0,1,1,0,0,0
4912,-0.43991649313097614,-0.0965540357978854,-1.3213496211870024,0,1,0,1,0,1,1,0,0,1,0,0,1,0
4262,-0.43991649313097614,0.025607055362205634,-1.45428629925072,0,1,0,1,0,1,1,0,1,0,0,1,0,0
353,-0.43991649313097614,-1.2774445836787656,-1.4875204687666492,0,1,1,0,0,1,1,0,0,1,1,0,0,0
1140,-0.43991649313097614,1.5322605130033284,-0.556963722320627,0,1,1,0,1,0,1,0,1,0,0,1,0,0
3889,2.273158691738958,0.025607055362205634,1.5035547876669937,0,1,1,0,0,1,1,0,0,1,1,0,0,0
677,-0.43991649313097614,-0.38159658183809786,-1.45428629925072,0,1,0,1,0,1,0,1,1,0,0,1,0,0
4454,-0.43991649313097614,-0.30015585439803716,-0.29109036619319206,0,1,1,0,0,1,0,1,0,1,1,0,0,0
697,2.273158691738958,-0.3408762181180675,-0.32432453570912145,0,1,1,0,0,1,0,1,1,0,0,0,1,0
2056,-0.43991649313097614,-0.748079855318371,-0.49049538328876824,1,0,1,0,0,1,0,1,0,1,1,0,0,0
542,-0.43991649313097614,0.7992939660427822,-1.3213496211870024,1,0,0,1,0,1,0,1,1,0,1,0,0,0
5148,-0.43991649313097614,0.22920887396235737,0.3071246850935365,0,1,0,1,0,1,1,0,1,0,1,0,0,0
4190,-0.43991649313097614,-0.13727439951791576,0.20742217654574843,1,0,1,0,0,1,0,1,1,0,0,1,0,0
2185,-0.43991649313097614,1.6137012404433893,-1.5207546382825785,0,1,0,1,0,1,0,1,0,1,1,0,0,0
847,-0.43991649313097614,0.880734693482843,-0.6234320613524857,0,1,1,0,1,0,1,0,1,0,0,0,1,0
6509,-0.43991649313097614,1.4915401492832983,0.5729980412209714,1,0,1,0,0,1,0,1,0,1,1,0,0,0
2113,-0.43991649313097614,-0.4223169455581282,-0.4572612137728389,0,1,0,1,0,1,0,1,1,0,0,1,0,0
239,-0.43991649313097614,-0.8295205827584317,0.6394663802528302,1,0,0,1,0,1,1,0,0,1,1,0,0,0
4556,-0.43991649313097614,1.3286586944031769,-0.15815368812947458,1,0,1,0,1,0,1,0,1,0,0,0,1,0
2807,-0.43991649313097614,0.43281069256250915,1.6697256352466405,1,0,1,0,0,1,0,1,1,0,0,0,1,0
3675,-0.43991649313097614,1.369379058123207,0.8388713973484064,1,0,0,1,0,1,1,0,1,0,1,0,0,0
6206,-0.43991649313097614,0.7178532386027215,0.8388713973484064,0,1,1,0,0,1,0,1,0,1,1,0,0,0
5765,-0.43991649313097614,-0.748079855318371,0.5065297021891128,1,0,1,0,0,1,0,1,0,1,0,0,1,0
4312,-0.43991649313097614,-1.1552834925186746,-0.6566662308684151,0,1,0,1,0,1,1,0,1,0,1,0,0,0
1939,-0.43991649313097614,-0.30015585439803716,-1.0222420955436382,1,0,1,0,1,0,1,0,1,0,1,0,0,1
2769,-0.43991649313097614,1.4100994218432374,-1.288115451671073,0,1,0,1,0,1,1,0,1,0,0,1,0,0
4874,-0.43991649313097614,1.4100994218432374,0.3071246850935365,1,0,0,1,0,1,1,0,1,0,1,0,0,0
4189,2.273158691738958,1.125056875803025,1.3041497705714176,0,1,1,0,0,1,0,1,0,1,1,0,0,0
738,-0.43991649313097614,1.1657772395230555,0.5065297021891128,0,1,1,0,0,1,1,0,0,1,0,0,1,0
6870,-0.43991649313097614,-1.1145631287986442,-1.4875204687666492,0,1,0,1,0,1,1,0,1,0,0,1,0,0
931,-0.43991649313097614,0.9621754209229036,1.4038522791192056,1,0,1,0,0,1,1,0,0,1,1,0,0,0
2450,-0.43991649313097614,-1.1145631287986442,-0.6234320613524857,1,0,0,1,0,1,1,0,1,0,1,0,0,1
5469,-0.43991649313097614,0.7178532386027215,0.17418800702981907,0,1,1,0,0,1,1,0,0,1,1,0,0,0
4495,-0.43991649313097614,-1.1552834925186746,-1.45428629925072,0,1,1,0,0,1,1,0,0,1,1,0,0,0
5195,-0.43991649313097614,-1.2774445836787656,-1.4875204687666492,1,0,1,0,0,1,1,0,0,1,1,0,0,1
3340,-0.43991649313097614,-1.2367242199587352,0.5397638717050421,1,0,1,0,0,1,0,1,1,0,0,0,1,1
5092,2.273158691738958,-0.748079855318371,1.1712130925077,1,0,1,0,0,1,1,0,1,0,1,0,0,1
2386,-0.43991649313097614,-0.5851984004382496,-1.4875204687666492,1,0,0,1,0,1,1,0,1,0,1,0,0,1
3406,-0.43991649313097614,-1.1960038562387048,1.3373839400873468,0,1,1,0,0,1,0,1,0,1,1,0,0,1
5598,-0.43991649313097614,-0.0965540357978854,0.6727005497687596,1,0,1,0,0,1,0,1,0,1,1,0,0,1
427,-0.43991649313097614,-1.2774445836787656,-1.45428629925072,0,1,1,0,0,1,0,1,0,1,0,1,0,0
139,-0.43991649313097614,-0.055833672077855064,-0.49049538328876824,1,0,1,0,1,0,1,0,1,0,0,0,1,0
5787,-0.43991649313097614,-0.9109613101984924,-1.4875204687666492,1,0,1,0,0,1,0,1,1,0,0,0,1,0
6006,-0.43991649313097614,-0.055833672077855064,-1.4875204687666492,0,1,1,0,0,1,0,1,1,0,0,1,0,0
5816,-0.43991649313097614,-1.1552834925186746,-0.29109036619319206,1,0,0,1,0,1,0,1,0,1,1,0,0,1
2632,-0.43991649313097614,-1.2774445836787656,0.20742217654574843,0,1,1,0,0,1,0,1,0,1,1,0,0,1
716,-0.43991649313097614,0.5549717837226001,-1.4875204687666492,1,0,0,1,0,1,0,1,0,1,1,0,0,0
5755,-0.43991649313097614,-0.38159658183809786,0.5397638717050421,0,1,1,0,0,1,1,0,1,0,1,0,0,1
3076,-0.43991649313097614,-0.9516816739185228,-0.7896029089321326,0,1,1,0,1,0,0,1,0,1,0,1,0,1
4050,-0.43991649313097614,-1.2774445836787656,0.1409538375138897,0,1,1,0,0,1,0,1,0,1,0,1,0,1
3310,2.273158691738958,0.5142514200025698,0.7059347192846889,1,0,1,0,0,1,1,0,1,0,0,1,0,0
5468,-0.43991649313097614,0.10704778280226633,-0.2578561966772627,1,0,1,0,0,1,0,1,0,1,0,1,0,0
3532,-0.43991649313097614,1.6137012404433893,0.8721055668643357,0,1,0,1,0,1,1,0,1,0,0,1,0,0
2717,-0.43991649313097614,-0.7073594915983407,-0.15815368812947458,0,1,0,1,0,1,1,0,1,0,1,0,0,0
1078,-0.43991649313097614,0.7992939660427822,-1.288115451671073,0,1,0,1,0,1,0,1,0,1,1,0,0,0
1869,-0.43991649313097614,-0.7073594915983407,-1.4875204687666492,1,0,1,0,0,1,1,0,1,0,1,0,0,0
5933,2.273158691738958,-0.5037576729981889,0.8388713973484064,0,1,1,0,0,1,1,0,0,1,1,0,0,0
4270,-0.43991649313097614,-1.2774445836787656,-1.4875204687666492,0,1,0,1,0,1,0,1,0,1,1,0,0,0
1159,2.273158691738958,-1.1145631287986442,-0.15815368812947458,1,0,1,0,0,1,0,1,0,1,1,0,0,0
1205,-0.43991649313097614,0.7178532386027215,0.6394663802528302,1,0,0,1,0,1,1,0,1,0,1,0,0,1
5334,-0.43991649313097614,-1.1145631287986442,0.17418800702981907,0,1,1,0,0,1,1,0,0,1,1,0,0,1
2249,-0.43991649313097614,-1.1145631287986442,-0.29109036619319206,1,0,1,0,0,1,0,1,1,0,1,0,0,0
4414,-0.43991649313097614,1.6137012404433893,0.6062322107369008,1,0,0,1,0,1,1,0,0,1,1,0,0,0
1942,-0.43991649313097614,1.4508197855632678,-1.5207546382825785,1,0,0,1,0,1,1,0,1,0,1,0,0,0
6559,-0.43991649313097614,-1.2367242199587352,-0.4240270442569095,1,0,0,1,0,1,1,0,1,0,1,0,0,0
3132,-0.43991649313097614,1.125056875803025,0.8388713973484064,0,1,1,0,0,1,0,1,1,0,0,0,1,0
3880,-0.43991649313097614,-0.9516816739185228,0.17418800702981907,0,1,1,0,0,1,1,0,1,0,1,0,0,0
640,-0.43991649313097614,-0.8295205827584317,0.7391688888006183,1,0,1,0,0,1,0,1,0,1,1,0,0,0
6295,-0.43991649313097614,-1.2774445836787656,-0.9557737565117794,1,0,1,0,1,0,1,0,1,0,1,0,0,1
4132,-0.43991649313097614,-0.748079855318371,0.5397638717050421,1,0,0,1,0,1,1,0,1,0,1,0,0,0
2839,-0.43991649313097614,0.7178532386027215,-1.45428629925072,0,1,1,0,0,1,1,0,1,0,0,0,1,0
6654,-0.43991649313097614,0.35136996512244845,-1.4875204687666492,0,1,1,0,0,1,1,0,1,0,1,0,0,0
2854,-0.43991649313097614,0.880734693482843,0.8721055668643357,1,0,0,1,0,1,0,1,0,1,0,1,0,0
2630,2.273158691738958,-1.2774445836787656,0.17418800702981907,1,0,1,0,0,1,1,0,0,1,1,0,0,1
3524,-0.43991649313097614,0.7178532386027215,1.437086448635135,0,1,0,1,0,1,0,1,0,1,0,0,1,0
1593,-0.43991649313097614,-1.0331224013585834,-1.3213496211870024,1,0,1,0,1,0,1,0,0,1,1,0,0,0
5837,2.273158691738958,0.6364125111626608,1.1379789229917707,0,1,1,0,0,1,1,0,1,0,0,1,0,0
5790,-0.43991649313097614,0.7992939660427822,1.0382764144439827,1,0,0,1,0,1,1,0,1,0,0,0,1,0
6880,-0.43991649313097614,-1.1960038562387048,1.0050422449280532,1,0,1,0,0,1,1,0,0,1,1,0,0,1
435,-0.43991649313097614,1.4100994218432374,0.6727005497687596,1,0,0,1,0,1,1,0,1,0,0,0,1,0
425,2.273158691738958,-0.9516816739185228,-0.32432453570912145,0,1,1,0,0,1,1,0,1,0,1,0,0,1
5817,-0.43991649313097614,-1.1552834925186746,0.7059347192846889,0,1,1,0,0,1,1,0,1,0,1,0,0,1
5586,-0.43991649313097614,-0.8295205827584317,0.3071246850935365,1,0,1,0,0,1,1,0,1,0,1,0,0,1
7013,2.273158691738958,0.14776814652229667,0.9053397363802651,1,0,1,0,0,1,0,1,1,0,0,0,1,0
3612,-0.43991649313097614,-1.2774445836787656,-0.4572612137728389,1,0,1,0,0,1,1,0,0,1,0,0,1,1
4816,-0.43991649313097614,-0.5037576729981889,0.805637227832477,1,0,1,0,0,1,1,0,0,1,0,1,0,0
1986,2.273158691738958,-1.2774445836787656,0.20742217654574843,1,0,1,0,0,1,1,0,1,0,1,0,0,1
6853,2.273158691738958,1.4100994218432374,1.270915601055488,0,1,1,0,0,1,1,0,1,0,1,0,0,0
1557,-0.43991649313097614,0.8400143297628127,1.1047447534758412,1,0,1,0,0,1,1,0,0,1,1,0,0,1
6072,-0.43991649313097614,0.6771328748826912,-0.4240270442569095,1,0,1,0,0,1,0,1,0,1,0,0,1,0
4551,-0.43991649313097614,0.43281069256250915,0.44006136315725397,0,1,1,0,0,1,0,1,1,0,0,0,1,1
2515,-0.43991649313097614,-0.9109613101984924,-1.4875204687666492,0,1,1,0,0,1,0,1,0,1,1,0,0,0
1553,-0.43991649313097614,-1.2774445836787656,0.3403588546094659,0,1,1,0,0,1,0,1,1,0,0,0,1,1
34,-0.43991649313097614,0.758573602322752,0.17418800702981907,1,0,0,1,0,1,1,0,1,0,1,0,0,0
3886,-0.43991649313097614,1.4100994218432374,1.3706181096032763,1,0,1,0,0,1,0,1,0,1,1,0,0,0
4942,-0.43991649313097614,-1.1145631287986442,0.6727005497687596,0,1,1,0,0,1,1,0,1,0,1,0,0,1
993,-0.43991649313097614,1.5729808767233588,0.6727005497687596,0,1,0,1,0,1,0,1,1,0,0,0,1,0
6358,-0.43991649313097614,-1.0738427650786138,-0.6566662308684151,0,1,0,1,0,1,0,1,0,1,0,1,0,1
1090,-0.43991649313097614,1.3286586944031769,0.9718080754121239,0,1,1,0,0,1,0,1,0,1,1,0,0,0
2147,-0.43991649313097614,1.002895784642934,0.17418800702981907,1,0,0,1,0,1,0,1,0,1,0,1,0,1
4603,-0.43991649313097614,-0.055833672077855064,-1.45428629925072,0,1,0,1,0,1,0,1,1,0,0,0,1,0
6566,2.273158691738958,-0.1779947632379461,1.536788957182923,1,0,1,0,0,1,0,1,0,1,1,0,0,0
5354,-0.43991649313097614,-1.0331224013585834,-1.45428629925072,1,0,0,1,0,1,1,0,1,0,1,0,0,0
1482,-0.43991649313097614,1.5729808767233588,0.6062322107369008,1,0,1,0,0,1,1,0,1,0,0,0,1,0
4561,-0.43991649313097614,1.125056875803025,1.1712130925077,1,0,1,0,0,1,0,1,0,1,0,1,0,0
1927,-0.43991649313097614,1.5729808767233588,0.7391688888006183,0,1,0,1,0,1,0,1,0,1,1,0,0,0
1059,-0.43991649313097614,0.47353105628253944,0.7724030583165477,1,0,1,0,0,1,1,0,0,1,1,0,0,0
4918,-0.43991649313097614,1.2064976032430856,1.2044472620236295,1,0,1,0,0,1,1,0,1,0,1,0,0,0
2962,-0.43991649313097614,-0.21871512695797646,0.5729980412209714,0,1,1,0,0,1,1,0,1,0,1,0,0,0
2858,-0.43991649313097614,0.35136996512244845,0.44006136315725397,1,0,0,1,0,1,1,0,1,0,0,0,1,0
6608,-0.43991649313097614,-1.2774445836787656,-1.4875204687666492,0,1,1,0,0,1,1,0,1,0,1,0,0,1
363,-0.43991649313097614,0.10704778280226633,-1.0554762650595675,1,0,1,0,1,0,1,0,1,0,0,1,0,0
2650,-0.43991649313097614,1.5729808767233588,1.0382764144439827,1,0,0,1,0,1,0,1,1,0,0,0,1,0
4597,-0.43991649313097614,-1.1145631287986442,-0.4572612137728389,1,0,1,0,1,0,0,1,0,1,0,1,0,0
4623,-0.43991649313097614,1.5322605130033284,-0.22462202716133334,1,0,0,1,1,0,1,0,0,1,1,0,0,0
646,-0.43991649313097614,1.1657772395230555,1.1379789229917707,1,0,0,1,0,1,0,1,0,1,1,0,0,1
3815,-0.43991649313097614,-0.7073594915983407,0.6062322107369008,1,0,1,0,0,1,0,1,1,0,0,0,1,0
6866,-0.43991649313097614,1.5322605130033284,-1.3213496211870024,0,1,0,1,0,1,1,0,1,0,0,0,1,0
36,-0.43991649313097614,-0.62591876415828,-1.5207546382825785,0,1,1,0,0,1,0,1,0,1,0,0,1,0
6752,-0.43991649313097614,-0.5444780367182193,-1.3545837907029317,0,1,0,1,0,1,1,0,1,0,0,0,1,0
4429,-0.43991649313097614,-0.13727439951791576,0.6727005497687596,0,1,1,0,0,1,0,1,0,1,1,0,0,0
1265,-0.43991649313097614,1.5729808767233588,-0.5237295528046976,0,1,1,0,1,0,1,0,0,1,0,0,1,1
4852,-0.43991649313097614,1.6137012404433893,-1.4875204687666492,0,1,0,1,0,1,1,0,0,1,1,0,0,0
3618,-0.43991649313097614,0.7992939660427822,-0.025217010065757134,0,1,1,0,1,0,1,0,1,0,1,0,0,0
3652,-0.43991649313097614,-1.0331224013585834,-0.6899004003843444,0,1,1,0,0,1,1,0,1,0,0,0,1,0
2064,-0.43991649313097614,0.3920903288424788,0.7059347192846889,1,0,1,0,0,1,1,0,1,0,0,1,0,0
1515,-0.43991649313097614,-1.1960038562387048,-1.4875204687666492,1,0,1,0,0,1,1,0,1,0,0,0,1,0
4055,-0.43991649313097614,1.6137012404433893,-1.3213496211870024,1,0,1,0,0,1,1,0,1,0,1,0,0,0
440,-0.43991649313097614,1.247217966963116,-0.19138785764540397,0,1,0,1,1,0,1,0,1,0,1,0,0,0
5559,-0.43991649313097614,1.247217966963116,-1.4875204687666492,1,0,0,1,0,1,0,1,0,1,0,0,1,0
2291,-0.43991649313097614,0.14776814652229667,-0.3575587052250508,1,0,1,0,0,1,1,0,1,0,1,0,0,0
3138,2.273158691738958,1.5322605130033284,1.6364914657307112,1,0,1,0,0,1,0,1,0,1,0,1,0,0
3809,-0.43991649313097614,-1.2367242199587352,-1.4875204687666492,0,1,1,0,0,1,1,0,1,0,1,0,0,0
580,-0.43991649313097614,-1.2367242199587352,-1.4875204687666492,1,0,1,0,0,1,1,0,1,0,1,0,0,0
4023,2.273158691738958,1.1657772395230555,-0.025217010065757134,0,1,1,0,0,1,1,0,1,0,1,0,0,0
978,-0.43991649313097614,0.5549717837226001,-1.4875204687666492,0,1,1,0,0,1,0,1,0,1,1,0,0,0
4445,-0.43991649313097614,1.6137012404433893,1.536788957182923,1,0,1,0,0,1,1,0,1,0,1,0,0,0
5308,-0.43991649313097614,1.6137012404433893,1.437086448635135,0,1,1,0,0,1,1,0,0,1,1,0,0,0
6424,-0.43991649313097614,1.2879383306831464,-0.32432453570912145,1,0,0,1,1,0,0,1,1,0,0,0,1,0
997,2.273158691738958,-0.3408762181180675,0.9385739058961945,0,1,1,0,0,1,1,0,0,1,1,0,0,1
3749,-0.43991649313097614,0.22920887396235737,-1.4875204687666492,1,0,0,1,0,1,1,0,1,0,0,0,1,0
5544,-0.43991649313097614,-0.5851984004382496,0.44006136315725397,0,1,1,0,0,1,1,0,0,1,1,0,0,0
5775,-0.43991649313097614,-1.2774445836787656,0.5065297021891128,0,1,1,0,0,1,1,0,1,0,1,0,0,1
1896,-0.43991649313097614,1.4915401492832983,1.6364914657307112,0,1,0,1,0,1,0,1,1,0,0,0,1,0
6001,2.273158691738958,0.3920903288424788,1.3373839400873468,1,0,1,0,0,1,1,0,1,0,0,1,0,1
1970,-0.43991649313097614,0.025607055362205634,0.3403588546094659,0,1,0,1,0,1,1,0,1,0,0,0,1,0
2575,-0.43991649313097614,-1.1145631287986442,0.6394663802528302,1,0,1,0,0,1,0,1,0,1,1,0,0,0
5985,-0.43991649313097614,1.002895784642934,1.437086448635135,0,1,1,0,0,1,0,1,0,1,1,0,0,0
4043,-0.43991649313097614,1.5729808767233588,1.1379789229917707,1,0,0,1,0,1,1,0,1,0,1,0,0,0
5750,-0.43991649313097614,-0.5851984004382496,-1.4875204687666492,1,0,1,0,0,1,0,1,0,1,0,1,0,0
928,-0.43991649313097614,0.06632741908223598,-0.12491951861354524,1,0,0,1,1,0,1,0,0,1,1,0,0,0
3540,2.273158691738958,1.6137012404433893,-0.0584511795816865,0,1,1,0,1,0,1,0,1,0,1,0,0,0
3258,2.273158691738958,-1.1960038562387048,1.3373839400873468,0,1,1,0,0,1,1,0,0,1,1,0,0,1
6543,-0.43991649313097614,1.4100994218432374,-0.15815368812947458,1,0,1,0,0,1,0,1,0,1,1,0,0,0
2402,2.273158691738958,1.125056875803025,-0.5237295528046976,1,0,1,0,1,0,1,0,1,0,1,0,0,0
6010,-0.43991649313097614,1.4100994218432374,0.20742217654574843,0,1,1,0,0,1,0,1,0,1,1,0,0,0
2122,-0.43991649313097614,-1.0738427650786138,-0.7896029089321326,1,0,0,1,1,0,1,0,1,0,1,0,0,0
172,-0.43991649313097614,-1.2774445836787656,-1.4875204687666492,1,0,1,0,0,1,0,1,0,1,1,0,0,1
1169,-0.43991649313097614,-0.2594354906780068,-0.19138785764540397,0,1,1,0,0,1,1,0,1,0,0,1,0,0
717,-0.43991649313097614,0.14776814652229667,-1.4875204687666492,1,0,1,0,0,1,1,0,1,0,0,0,1,0
655,-0.43991649313097614,-1.2774445836787656,-1.4875204687666492,0,1,0,1,0,1,1,0,1,0,1,0,0,0
4221,-0.43991649313097614,0.5142514200025698,0.47329553267318336,0,1,0,1,0,1,1,0,1,0,0,1,0,0
1622,-0.43991649313097614,-1.2367242199587352,-0.6234320613524857,0,1,1,0,0,1,0,1,0,1,1,0,0,1
3998,2.273158691738958,1.002895784642934,1.3373839400873468,0,1,1,0,0,1,1,0,1,0,0,0,1,0
4211,-0.43991649313097614,-0.9924020376385531,-0.15815368812947458,1,0,1,0,0,1,0,1,1,0,0,1,0,0
1001,-0.43991649313097614,-0.9109613101984924,-0.15815368812947458,0,1,0,1,0,1,1,0,0,1,1,0,0,0
2822,-0.43991649313097614,-1.2367242199587352,-1.4875204687666492,0,1,1,0,0,1,0,1,0,1,1,0,0,0
5835,-0.43991649313097614,1.6137012404433893,0.008017159450172232,0,1,1,0,1,0,0,1,0,1,1,0,0,0
7006,-0.43991649313097614,-1.0331224013585834,-1.5207546382825785,0,1,1,0,0,1,1,0,1,0,0,1,0,0
991,2.273158691738958,-0.6666391278783103,0.47329553267318336,0,1,1,0,0,1,1,0,0,1,0,0,1,0
4273,-0.43991649313097614,1.3286586944031769,1.5035547876669937,0,1,1,0,0,1,0,1,1,0,0,0,1,0
3086,-0.43991649313097614,0.14776814652229667,0.7059347192846889,1,0,1,0,0,1,0,1,0,1,1,0,0,0
4237,-0.43991649313097614,-0.7888002190384014,-0.5237295528046976,1,0,1,0,1,0,1,0,1,0,1,0,0,1
2656,-0.43991649313097614,0.14776814652229667,1.1379789229917707,1,0,1,0,0,1,0,1,0,1,1,0,0,1
61,-0.43991649313097614,-0.1779947632379461,0.17418800702981907,1,0,0,1,0,1,0,1,0,1,1,0,0,0
1835,2.273158691738958,-0.9516816739185228,0.5065297021891128,0,1,1,0,0,1,1,0,1,0,1,0,0,0
1476,-0.43991649313097614,-0.13727439951791576,-1.45428629925072,0,1,0,1,0,1,0,1,0,1,0,0,1,0
479,2.273158691738958,1.6137012404433893,1.7029598047625698,1,0,1,0,0,1,1,0,0,1,1,0,0,0
1720,-0.43991649313097614,0.10704778280226633,-1.4875204687666492,0,1,0,1,0,1,1,0,0,1,1,0,0,0
263,-0.43991649313097614,-0.13727439951791576,-0.6566662308684151,0,1,0,1,1,0,0,1,0,1,1,0,0,0
2991,-0.43991649313097614,-0.3408762181180675,-1.4875204687666492,0,1,1,0,0,1,1,0,1,0,1,0,0,0
664,-0.43991649313097614,1.3286586944031769,1.3373839400873468,1,0,1,0,0,1,0,1,1,0,0,0,1,0
622,-0.43991649313097614,1.2879383306831464,1.6032572962147817,1,0,0,1,0,1,0,1,0,1,0,1,0,0
6750,-0.43991649313097614,-1.2774445836787656,0.17418800702981907,1,0,1,0,0,1,0,1,1,0,0,1,0,1
3144,2.273158691738958,1.6137012404433893,-1.3213496211870024,0,1,1,0,0,1,0,1,1,0,1,0,0,0
3155,-0.43991649313097614,1.247217966963116,1.3373839400873468,0,1,0,1,0,1,1,0,0,1,1,0,0,0
3216,-0.43991649313097614,-1.2774445836787656,-0.12491951861354524,0,1,1,0,0,1,0,1,0,1,1,0,0,0
916,2.273158691738958,-1.2367242199587352,0.20742217654574843,1,0,1,0,0,1,0,1,0,1,1,0,0,1
5808,-0.43991649313097614,1.6137012404433893,1.5035547876669937,1,0,0,1,0,1,1,0,1,0,0,0,1,0
2840,-0.43991649313097614,1.5729808767233588,1.1379789229917707,0,1,1,0,0,1,1,0,1,0,0,0,1,0
4218,-0.43991649313097614,1.5729808767233588,-0.19138785764540397,1,0,0,1,1,0,0,1,0,1,1,0,0,0
4089,-0.43991649313097614,0.9621754209229036,-1.3213496211870024,0,1,1,0,0,1,0,1,0,1,1,0,0,1
4476,-0.43991649313097614,1.247217966963116,0.805637227832477,0,1,0,1,0,1,1,0,1,0,1,0,0,0
1988,-0.43991649313097614,0.22920887396235737,1.0050422449280532,0,1,0,1,0,1,1,0,0,1,1,0,0,1
446,-0.43991649313097614,-1.2774445836787656,-0.15815368812947458,1,0,0,1,0,1,0,1,0,1,1,0,0,1
4957,-0.43991649313097614,-1.2367242199587352,-1.45428629925072,0,1,1,0,0,1,1,0,0,1,1,0,0,0
1991,2.273158691738958,1.0436161483629645,1.1379789229917707,0,1,1,0,0,1,0,1,0,1,1,0,0,0
5319,-0.43991649313097614,-0.62591876415828,-1.45428629925072,0,1,1,0,0,1,1,0,1,0,0,0,1,0
4048,-0.43991649313097614,-0.055833672077855064,0.37359302412539525,0,1,1,0,0,1,0,1,0,1,0,0,1,0
4153,-0.43991649313097614,-1.1145631287986442,-0.5237295528046976,1,0,0,1,0,1,0,1,1,0,0,0,1,0
1501,-0.43991649313097614,-0.5037576729981889,1.437086448635135,0,1,1,0,0,1,1,0,1,0,1,0,0,0
2262,-0.43991649313097614,-0.2594354906780068,0.6394663802528302,0,1,1,0,0,1,0,1,1,0,1,0,0,0
3914,-0.43991649313097614,-1.2367242199587352,-1.4875204687666492,0,1,1,0,0,1,0,1,1,0,0,0,1,0
4280,-0.43991649313097614,-0.7888002190384014,1.3041497705714176,1,0,0,1,0,1,0,1,1,0,1,0,0,0
3445,-0.43991649313097614,-0.9109613101984924,0.17418800702981907,0,1,1,0,0,1,1,0,1,0,0,1,0,1
5295,-0.43991649313097614,0.5549717837226001,-0.6234320613524857,1,0,1,0,1,0,0,1,0,1,0,0,1,0
1868,-0.43991649313097614,-0.6666391278783103,-1.4875204687666492,0,1,0,1,0,1,1,0,0,1,1,0,0,0
1672,-0.43991649313097614,0.7178532386027215,1.270915601055488,1,0,0,1,0,1,1,0,0,1,0,1,0,0
657,2.273158691738958,-0.0965540357978854,-0.49049538328876824,0,1,1,0,0,1,0,1,1,0,0,0,1,1
3261,2.273158691738958,1.4100994218432374,1.0050422449280532,0,1,1,0,0,1,1,0,0,1,1,0,0,0
5619,-0.43991649313097614,-0.8295205827584317,-1.4875204687666492,1,0,1,0,0,1,1,0,1,0,1,0,0,0
1589,-0.43991649313097614,1.4915401492832983,-0.19138785764540397,1,0,0,1,0,1,0,1,0,1,0,1,0,0
2281,-0.43991649313097614,-0.9109613101984924,0.8388713973484064,0,1,1,0,0,1,0,1,0,1,1,0,0,1
6567,-0.43991649313097614,0.3106496014024181,-1.288115451671073,1,0,0,1,0,1,0,1,0,1,0,0,1,0
817,-0.43991649313097614,-0.748079855318371,0.6727005497687596,0,1,1,0,0,1,1,0,0,1,1,0,0,1
615,-0.43991649313097614,-0.9109613101984924,-0.3575587052250508,0,1,1,0,0,1,0,1,1,0,0,0,1,0
1961,-0.43991649313097614,0.5142514200025698,1.0050422449280532,1,0,1,0,0,1,0,1,0,1,1,0,0,0
5792,-0.43991649313097614,0.7178532386027215,0.17418800702981907,0,1,0,1,0,1,0,1,0,1,1,0,0,0
3035,-0.43991649313097614,1.002895784642934,-1.45428629925072,0,1,1,0,0,1,0,1,0,1,1,0,0,0
6472,-0.43991649313097614,1.002895784642934,1.3041497705714176,1,0,1,0,0,1,1,0,1,0,0,1,0,1
1816,-0.43991649313097614,0.880734693482843,0.5065297021891128,0,1,1,0,0,1,1,0,1,0,0,0,1,0
6519,-0.43991649313097614,1.4915401492832983,-0.32432453570912145,1,0,0,1,1,0,1,0,1,0,1,0,0,0
6652,-0.43991649313097614,-1.0331224013585834,0.17418800702981907,0,1,0,1,0,1,0,1,1,0,1,0,0,1
2272,-0.43991649313097614,-0.8702409464784621,-0.32432453570912145,1,0,1,0,0,1,1,0,0,1,1,0,0,0
1314,-0.43991649313097614,0.7178532386027215,-1.4875204687666492,0,1,0,1,0,1,0,1,0,1,1,0,0,0
1434,-0.43991649313097614,0.3920903288424788,-0.32432453570912145,1,0,1,0,1,0,1,0,1,0,1,0,0,0
3937,-0.43991649313097614,0.06632741908223598,1.5035547876669937,1,0,1,0,0,1,1,0,1,0,1,0,0,1
4699,-0.43991649313097614,-0.46303730927815856,-0.9890079260277087,1,0,1,0,1,0,0,1,1,0,0,0,1,0
521,-0.43991649313097614,-0.30015585439803716,1.0050422449280532,1,0,1,0,0,1,0,1,0,1,0,1,0,0
815,-0.43991649313097614,-0.8295205827584317,-0.3575587052250508,1,0,1,0,0,1,1,0,1,0,1,0,0,0
619,-0.43991649313097614,-1.2367242199587352,-0.3575587052250508,1,0,1,0,0,1,0,1,0,1,1,0,0,0
3420,-0.43991649313097614,0.880734693482843,-0.6234320613524857,0,1,0,1,1,0,1,0,0,1,0,0,1,0
5025,-0.43991649313097614,-0.8702409464784621,-0.5237295528046976,1,0,1,0,0,1,0,1,1,0,0,0,1,1
3364,-0.43991649313097614,-0.62591876415828,0.3403588546094659,1,0,1,0,0,1,1,0,1,0,0,0,1,0
5984,2.273158691738958,-0.38159658183809786,1.0050422449280532,1,0,1,0,0,1,1,0,1,0,1,0,0,0
5923,2.273158691738958,-0.6666391278783103,-0.8560712479639913,0,1,1,0,1,0,0,1,0,1,0,0,1,1
445,-0.43991649313097614,-0.62591876415828,-1.0222420955436382,0,1,1,0,1,0,1,0,0,1,1,0,0,0
1649,-0.43991649313097614,-0.7073594915983407,0.3403588546094659,0,1,0,1,0,1,0,1,0,1,1,0,0,1
2781,-0.43991649313097614,0.5956921474426305,0.3403588546094659,1,0,1,0,0,1,1,0,1,0,0,1,0,0
3407,-0.43991649313097614,-0.9109613101984924,-1.288115451671073,0,1,1,0,0,1,1,0,1,0,0,1,0,0
5542,-0.43991649313097614,1.2064976032430856,0.7059347192846889,0,1,0,1,0,1,0,1,0,1,0,0,1,0
6910,-0.43991649313097614,-0.62591876415828,-1.4875204687666492,1,0,1,0,0,1,1,0,1,0,1,0,0,0
3268,-0.43991649313097614,1.5322605130033284,-1.3213496211870024,0,1,0,1,0,1,1,0,1,0,0,1,0,0
1916,-0.43991649313097614,1.4100994218432374,1.2044472620236295,0,1,1,0,0,1,1,0,1,0,1,0,0,0
795,-0.43991649313097614,1.247217966963116,1.1712130925077,1,0,1,0,0,1,1,0,1,0,1,0,0,1
4812,-0.43991649313097614,-0.8295205827584317,0.17418800702981907,0,1,0,1,0,1,1,0,1,0,1,0,0,0
4158,-0.43991649313097614,-1.1960038562387048,0.3071246850935365,1,0,1,0,0,1,1,0,1,0,1,0,0,1
6746,-0.43991649313097614,0.9621754209229036,0.5397638717050421,1,0,0,1,0,1,0,1,0,1,1,0,0,0
5779,2.273158691738958,1.3286586944031769,1.2044472620236295,0,1,1,0,0,1,1,0,1,0,1,0,0,0
4226,-0.43991649313097614,-1.2367242199587352,-0.6899004003843444,1,0,1,0,0,1,1,0,1,0,1,0,0,0
3105,-0.43991649313097614,-1.2367242199587352,-1.4875204687666492,0,1,1,0,0,1,0,1,0,1,1,0,0,0
3277,2.273158691738958,-1.2367242199587352,-0.6899004003843444,1,0,1,0,0,1,1,0,0,1,1,0,0,0
2808,2.273158691738958,0.8400143297628127,1.2376814315395588,0,1,1,0,0,1,1,0,1,0,0,1,0,1
4457,-0.43991649313097614,-1.1552834925186746,-1.3545837907029317,0,1,0,1,0,1,0,1,1,0,0,0,1,0
3400,-0.43991649313097614,-1.2774445836787656,-0.4572612137728389,1,0,1,0,0,1,0,1,1,0,0,0,1,1
3811,-0.43991649313097614,1.6137012404433893,0.8721055668643357,1,0,0,1,0,1,1,0,1,0,1,0,0,0
3617,-0.43991649313097614,0.5549717837226001,-1.4875204687666492,0,1,0,1,0,1,1,0,0,1,0,1,0,0
3568,-0.43991649313097614,-1.0738427650786138,-0.4572612137728389,1,0,1,0,1,0,1,0,0,1,1,0,0,0
120,-0.43991649313097614,1.6137012404433893,0.10771966799796033,0,1,0,1,0,1,0,1,0,1,1,0,0,0
4674,2.273158691738958,-0.62591876415828,0.9718080754121239,1,0,1,0,0,1,0,1,0,1,1,0,0,0
4327,-0.43991649313097614,-1.0738427650786138,-1.4875204687666492,0,1,0,1,0,1,1,0,0,1,1,0,0,0
5185,2.273158691738958,-1.2774445836787656,1.0050422449280532,0,1,1,0,0,1,0,1,0,1,0,0,1,1
1498,2.273158691738958,-1.0738427650786138,1.0382764144439827,0,1,1,0,0,1,1,0,0,1,1,0,0,1
4117,-0.43991649313097614,-0.9516816739185228,-1.4875204687666492,1,0,1,0,0,1,1,0,1,0,0,1,0,0
2633,-0.43991649313097614,-1.1960038562387048,0.8721055668643357,0,1,1,0,0,1,1,0,1,0,0,0,1,0
5089,-0.43991649313097614,-1.2367242199587352,-1.4875204687666492,1,0,1,0,0,1,1,0,1,0,0,0,1,0
52,-0.43991649313097614,-0.38159658183809786,-1.1551787736073555,0,1,0,1,1,0,1,0,0,1,1,0,0,0
166,-0.43991649313097614,-1.1552834925186746,0.5065297021891128,0,1,1,0,0,1,1,0,1,0,0,0,1,1
204,-0.43991649313097614,-1.2774445836787656,-1.4875204687666492,0,1,1,0,0,1,1,0,0,1,1,0,0,0
4666,-0.43991649313097614,1.125056875803025,1.2044472620236295,0,1,1,0,0,1,1,0,1,0,0,0,1,0
6105,-0.43991649313097614,1.4508197855632678,1.270915601055488,0,1,0,1,0,1,0,1,1,0,0,1,0,0
2699,-0.43991649313097614,0.6364125111626608,-1.3545837907029317,1,0,1,0,0,1,1,0,1,0,1,0,0,0
2239,-0.43991649313097614,0.880734693482843,1.3041497705714176,1,0,0,1,0,1,1,0,0,1,1,0,0,0
5615,-0.43991649313097614,-1.2774445836787656,-0.32432453570912145,1,0,1,0,0,1,0,1,0,1,0,1,0,1
3352,2.273158691738958,1.002895784642934,1.0050422449280532,1,0,0,1,0,1,1,0,1,0,1,0,0,0
728,-0.43991649313097614,-1.1552834925186746,1.2044472620236295,1,0,1,0,0,1,1,0,0,1,1,0,0,0
1821,-0.43991649313097614,-0.46303730927815856,-0.3907928747409802,1,0,0,1,1,0,1,0,1,0,1,0,0,0
1760,-0.43991649313097614,-1.2367242199587352,-0.9890079260277087,1,0,1,0,1,0,1,0,1,0,1,0,0,1
5579,-0.43991649313097614,-1.0738427650786138,-0.19138785764540397,0,1,1,0,0,1,1,0,1,0,0,0,1,0
776,-0.43991649313097614,0.5142514200025698,-1.4875204687666492,1,0,0,1,0,1,0,1,0,1,0,0,1,0
1112,2.273158691738958,-0.2594354906780068,0.0412513289661016,1,0,1,0,0,1,1,0,0,1,1,0,0,0
6665,-0.43991649313097614,1.6137012404433893,1.6364914657307112,0,1,1,0,0,1,0,1,0,1,0,1,0,0
1168,-0.43991649313097614,1.4508197855632678,-0.0584511795816865,0,1,0,1,0,1,0,1,1,0,0,1,0,0
1502,2.273158691738958,-0.5037576729981889,0.7059347192846889,1,0,1,0,0,1,1,0,1,0,0,0,1,1
4625,-0.43991649313097614,1.4100994218432374,-0.5237295528046976,0,1,1,0,1,0,1,0,0,1,1,0,0,0
6215,2.273158691738958,0.880734693482843,0.8388713973484064,0,1,1,0,0,1,1,0,1,0,0,0,1,0
6042,-0.43991649313097614,-0.21871512695797646,-0.49049538328876824,1,0,0,1,0,1,1,0,1,0,1,0,0,0
1979,2.273158691738958,-1.0331224013585834,-0.6899004003843444,0,1,1,0,1,0,1,0,1,0,0,0,1,0
4138,-0.43991649313097614,-0.6666391278783103,0.3403588546094659,1,0,1,0,0,1,1,0,1,0,1,0,0,0
2982,-0.43991649313097614,-1.2367242199587352,-1.5207546382825785,0,1,1,0,0,1,1,0,1,0,0,0,1,0
5444,-0.43991649313097614,0.3920903288424788,0.0412513289661016,1,0,1,0,0,1,1,0,1,0,1,0,0,0
5761,-0.43991649313097614,1.1657772395230555,1.3706181096032763,0,1,1,0,0,1,1,0,0,1,1,0,0,0
1246,-0.43991649313097614,1.5729808767233588,0.805637227832477,1,0,1,0,0,1,1,0,0,1,1,0,0,0
3580,-0.43991649313097614,0.22920887396235737,0.20742217654574843,0,1,1,0,0,1,0,1,0,1,1,0,0,0
6083,-0.43991649313097614,0.5142514200025698,-0.32432453570912145,0,1,0,1,0,1,0,1,0,1,1,0,0,0
5497,-0.43991649313097614,-0.8295205827584317,-0.49049538328876824,1,0,1,0,1,0,0,1,1,0,0,0,1,0
319,2.273158691738958,0.5956921474426305,1.0050422449280532,1,0,1,0,0,1,1,0,0,1,1,0,0,1
5158,-0.43991649313097614,0.7178532386027215,0.37359302412539525,1,0,1,0,0,1,1,0,1,0,0,0,1,0
6244,-0.43991649313097614,-0.4223169455581282,-0.32432453570912145,1,0,0,1,0,1,0,1,1,0,0,0,1,1
2074,-0.43991649313097614,0.43281069256250915,0.9718080754121239,0,1,1,0,0,1,1,0,1,0,1,0,0,0
1643,2.273158691738958,1.5322605130033284,1.3373839400873468,0,1,1,0,0,1,1,0,1,0,1,0,0,0
1751,-0.43991649313097614,0.22920887396235737,-1.4875204687666492,1,0,0,1,0,1,1,0,0,1,0,0,1,0
428,-0.43991649313097614,-0.38159658183809786,-0.3575587052250508,1,0,1,0,0,1,0,1,0,1,1,0,0,0
4238,-0.43991649313097614,-0.055833672077855064,0.20742217654574843,0,1,1,0,0,1,1,0,1,0,1,0,0,0
5424,-0.43991649313097614,-0.13727439951791576,-0.19138785764540397,0,1,1,0,0,1,1,0,0,1,1,0,0,0
3986,-0.43991649313097614,-0.748079855318371,-1.4875204687666492,0,1,1,0,0,1,1,0,1,0,1,0,0,0
5399,-0.43991649313097614,-0.5444780367182193,1.1712130925077,0,1,1,0,0,1,1,0,1,0,1,0,0,1
1281,-0.43991649313097614,1.6137012404433893,0.7059347192846889,1,0,1,0,0,1,0,1,0,1,0,0,1,0
3403,2.273158691738958,-0.748079855318371,0.3403588546094659,0,1,1,0,0,1,0,1,0,1,1,0,0,0
245,-0.43991649313097614,1.247217966963116,1.5035547876669937,0,1,1,0,0,1,1,0,1,0,1,0,0,0
3991,-0.43991649313097614,1.5729808767233588,-0.025217010065757134,1,0,0,1,0,1,1,0,0,1,1,0,0,0
4031,2.273158691738958,-0.7888002190384014,0.3071246850935365,1,0,1,0,0,1,1,0,1,0,1,0,0,1
4698,-0.43991649313097614,-1.1960038562387048,0.37359302412539525,1,0,1,0,0,1,1,0,0,1,1,0,0,1
2999,-0.43991649313097614,-0.62591876415828,0.9053397363802651,1,0,0,1,0,1,1,0,0,1,1,0,0,1
5413,-0.43991649313097614,-1.2774445836787656,-1.4875204687666492,0,1,1,0,0,1,0,1,0,1,0,1,0,1
4649,-0.43991649313097614,1.5322605130033284,0.3403588546094659,0,1,1,0,0,1,1,0,0,1,1,0,0,0
1618,2.273158691738958,1.1657772395230555,1.1047447534758412,0,1,1,0,0,1,0,1,1,0,1,0,0,0
6704,-0.43991649313097614,-1.2774445836787656,0.5397638717050421,0,1,1,0,0,1,1,0,1,0,1,0,0,1
5638,-0.43991649313097614,1.369379058123207,-0.32432453570912145,0,1,0,1,1,0,0,1,0,1,0,1,0,0
1102,2.273158691738958,-0.7073594915983407,0.37359302412539525,0,1,1,0,0,1,1,0,1,0,1,0,0,1
6895,-0.43991649313097614,-0.38159658183809786,-1.4875204687666492,1,0,0,1,0,1,0,1,0,1,1,0,0,0
6596,-0.43991649313097614,1.3286586944031769,-1.288115451671073,1,0,1,0,0,1,1,0,1,0,0,0,1,0
2184,-0.43991649313097614,-0.8702409464784621,0.9718080754121239,1,0,1,0,0,1,1,0,1,0,1,0,0,0
1832,-0.43991649313097614,-0.015113308357824713,0.6394663802528302,1,0,1,0,0,1,0,1,1,0,1,0,0,1
2864,-0.43991649313097614,1.6137012404433893,1.3041497705714176,0,1,1,0,0,1,1,0,1,0,1,0,0,0
4030,-0.43991649313097614,-0.055833672077855064,0.7724030583165477,1,0,1,0,0,1,1,0,1,0,0,0,1,0
411,-0.43991649313097614,-0.7888002190384014,-1.4875204687666492,0,1,0,1,0,1,0,1,0,1,1,0,0,0
845,-0.43991649313097614,-1.2774445836787656,0.6727005497687596,0,1,1,0,0,1,1,0,0,1,1,0,0,0
2194,-0.43991649313097614,-1.2774445836787656,-0.3575587052250508,1,0,1,0,0,1,1,0,1,0,0,1,0,1
6894,-0.43991649313097614,1.6137012404433893,0.6727005497687596,1,0,0,1,0,1,1,0,1,0,1,0,0,0
1609,-0.43991649313097614,1.5322605130033284,-0.15815368812947458,0,1,0,1,1,0,1,0,1,0,0,1,0,0
3480,-0.43991649313097614,1.1657772395230555,1.6697256352466405,1,0,0,1,0,1,1,0,1,0,1,0,0,0
5658,-0.43991649313097614,0.26992923768238775,1.3373839400873468,1,0,1,0,0,1,0,1,0,1,1,0,0,1
1509,-0.43991649313097614,-1.2367242199587352,-1.5207546382825785,0,1,1,0,0,1,1,0,0,1,1,0,0,1
3546,-0.43991649313097614,-0.7888002190384014,-1.4875204687666492,1,0,0,1,0,1,0,1,0,1,1,0,0,0
777,-0.43991649313097614,-0.5851984004382496,1.0050422449280532,0,1,1,0,0,1,1,0,1,0,1,0,0,0
4294,-0.43991649313097614,0.5549717837226001,-0.32432453570912145,1,0,1,0,0,1,1,0,0,1,1,0,0,0
6149,-0.43991649313097614,0.14776814652229667,0.6727005497687596,0,1,1,0,0,1,0,1,1,0,0,0,1,1
4581,-0.43991649313097614,1.6137012404433893,0.7059347192846889,0,1,1,0,0,1,1,0,1,0,0,0,1,0
3313,-0.43991649313097614,-0.4223169455581282,0.8388713973484064,1,0,1,0,0,1,1,0,1,0,1,0,0,1
4601,-0.43991649313097614,-1.0738427650786138,-1.4875204687666492,0,1,0,1,0,1,0,1,0,1,0,0,1,0
6501,2.273158691738958,-1.0331224013585834,-0.6234320613524857,0,1,0,1,0,1,1,0,1,0,0,0,1,0
3121,-0.43991649313097614,1.125056875803025,1.536788957182923,1,0,1,0,0,1,0,1,1,0,0,0,1,0
5673,2.273158691738958,-1.2774445836787656,0.44006136315725397,1,0,1,0,0,1,0,1,1,0,0,1,0,1
4313,-0.43991649313097614,-1.318164947398796,-1.4875204687666492,0,1,0,1,0,1,1,0,1,0,0,0,1,0
5322,2.273158691738958,0.22920887396235737,1.0050422449280532,1,0,1,0,0,1,1,0,0,1,0,1,0,0
4261,2.273158691738958,-0.46303730927815856,1.3041497705714176,0,1,1,0,0,1,1,0,1,0,0,1,0,0
2070,-0.43991649313097614,1.002895784642934,-1.4875204687666492,1,0,1,0,0,1,1,0,0,1,1,0,0,0
6173,-0.43991649313097614,-0.7073594915983407,-1.4875204687666492,1,0,0,1,0,1,1,0,0,1,1,0,0,0
5857,2.273158691738958,1.6137012404433893,1.6364914657307112,0,1,1,0,0,1,1,0,1,0,1,0,0,0
2676,-0.43991649313097614,0.7992939660427822,-0.49049538328876824,1,0,1,0,0,1,1,0,1,0,0,0,1,0
6789,-0.43991649313097614,-1.2774445836787656,-1.5207546382825785,0,1,1,0,0,1,1,0,1,0,1,0,0,0
5537,-0.43991649313097614,-0.30015585439803716,-1.4875204687666492,0,1,1,0,0,1,1,0,1,0,1,0,0,0
1713,-0.43991649313097614,-1.1145631287986442,-1.5207546382825785,0,1,0,1,0,1,0,1,1,0,0,1,0,0
6544,-0.43991649313097614,1.0436161483629645,-1.3545837907029317,1,0,1,0,0,1,1,0,1,0,0,1,0,0
6546,-0.43991649313097614,-0.6666391278783103,0.5397638717050421,0,1,1,0,0,1,1,0,1,0,1,0,0,0
5609,-0.43991649313097614,0.8400143297628127,1.0382764144439827,0,1,0,1,0,1,1,0,1,0,0,1,0,0
1132,-0.43991649313097614,-0.38159658183809786,0.6062322107369008,1,0,1,0,0,1,0,1,1,0,1,0,0,0
1919,-0.43991649313097614,0.06632741908223598,1.1047447534758412,1,0,1,0,0,1,1,0,1,0,1,0,0,1
2097,-0.43991649313097614,-0.9109613101984924,0.5397638717050421,0,1,1,0,0,1,1,0,1,0,1,0,0,1
1529,-0.43991649313097614,-0.3408762181180675,1.1379789229917707,1,0,1,0,0,1,1,0,1,0,1,0,0,1
3556,-0.43991649313097614,1.002895784642934,-0.7896029089321326,1,0,1,0,1,0,0,1,0,1,1,0,0,0
2387,-0.43991649313097614,-0.30015585439803716,-1.4875204687666492,0,1,0,1,0,1,1,0,1,0,1,0,0,0
5855,-0.43991649313097614,-1.2774445836787656,-0.32432453570912145,1,0,1,0,0,1,0,1,1,0,1,0,0,1
6597,2.273158691738958,-1.2367242199587352,-0.6899004003843444,0,1,1,0,0,1,0,1,1,0,0,1,0,1
4028,-0.43991649313097614,1.5322605130033284,1.7029598047625698,0,1,1,0,0,1,1,0,1,0,1,0,0,1
4846,-0.43991649313097614,-0.46303730927815856,1.3041497705714176,1,0,1,0,0,1,1,0,1,0,0,0,1,1
4152,2.273158691738958,-0.30015585439803716,0.805637227832477,0,1,1,0,0,1,1,0,1,0,1,0,0,1
5206,-0.43991649313097614,-1.1145631287986442,1.1712130925077,1,0,1,0,0,1,0,1,0,1,1,0,0,1
650,-0.43991649313097614,1.125056875803025,0.8721055668643357,0,1,0,1,0,1,1,0,0,1,1,0,0,1
1022,-0.43991649313097614,-0.748079855318371,0.6727005497687596,1,0,0,1,0,1,1,0,1,0,0,1,0,0
322,-0.43991649313097614,0.22920887396235737,-0.15815368812947458,0,1,1,0,1,0,1,0,1,0,0,0,1,0
2383,-0.43991649313097614,-0.748079855318371,-1.5207546382825785,0,1,1,0,0,1,1,0,1,0,0,1,0,0
68,-0.43991649313097614,1.4100994218432374,-0.4572612137728389,0,1,0,1,1,0,1,0,1,0,0,0,1,0
5890,-0.43991649313097614,0.18848851024232702,-0.8228370784480619,0,1,0,1,1,0,1,0,1,0,1,0,0,0
4800,-0.43991649313097614,1.4915401492832983,-0.9557737565117794,0,1,1,0,1,0,1,0,1,0,1,0,0,0
4266,-0.43991649313097614,0.025607055362205634,-1.3545837907029317,1,0,0,1,0,1,0,1,0,1,1,0,0,0
1382,-0.43991649313097614,1.4100994218432374,0.3403588546094659,1,0,1,0,0,1,1,0,0,1,1,0,0,0
4250,-0.43991649313097614,0.9621754209229036,1.2044472620236295,0,1,1,0,0,1,1,0,1,0,0,1,0,0
4129,2.273158691738958,-1.1960038562387048,0.17418800702981907,1,0,1,0,0,1,1,0,1,0,1,0,0,1
3515,-0.43991649313097614,-1.2774445836787656,-0.556963722320627,0,1,1,0,0,1,0,1,0,1,0,0,1,0
627,-0.43991649313097614,-0.055833672077855064,0.37359302412539525,1,0,1,0,0,1,0,1,0,1,1,0,0,0
1045,2.273158691738958,1.5729808767233588,0.9053397363802651,0,1,1,0,0,1,1,0,1,0,0,1,0,0
395,-0.43991649313097614,-1.0738427650786138,0.47329553267318336,0,1,1,0,0,1,0,1,0,1,1,0,0,0
3981,2.273158691738958,-0.0965540357978854,1.2044472620236295,1,0,0,1,0,1,0,1,0,1,1,0,0,0
3973,-0.43991649313097614,-0.5444780367182193,-1.5207546382825785,0,1,1,0,0,1,1,0,1,0,1,0,0,0
1481,-0.43991649313097614,-0.5037576729981889,0.47329553267318336,0,1,1,0,0,1,1,0,1,0,0,1,0,0
2586,-0.43991649313097614,-0.1779947632379461,-0.32432453570912145,1,0,1,0,0,1,1,0,1,0,0,0,1,0
423,-0.43991649313097614,0.880734693482843,-1.3213496211870024,1,0,0,1,0,1,0,1,0,1,0,1,0,0
372,2.273158691738958,0.22920887396235737,1.0050422449280532,0,1,1,0,0,1,0,1,0,1,1,0,0,0
2319,2.273158691738958,-1.2774445836787656,0.37359302412539525,0,1,1,0,0,1,0,1,0,1,0,0,1,1
4285,-0.43991649313097614,-0.46303730927815856,0.37359302412539525,0,1,0,1,0,1,1,0,0,1,1,0,0,0
4503,-0.43991649313097614,0.3920903288424788,1.071510583959912,0,1,0,1,0,1,0,1,0,1,1,0,0,0
5163,-0.43991649313097614,-0.8295205827584317,-1.5207546382825785,0,1,0,1,0,1,1,0,1,0,1,0,0,0
6404,-0.43991649313097614,-0.9109613101984924,0.44006136315725397,1,0,1,0,0,1,0,1,0,1,0,0,1,0
1650,-0.43991649313097614,0.35136996512244845,-1.3213496211870024,1,0,1,0,0,1,1,0,1,0,1,0,0,0
4679,-0.43991649313097614,0.5549717837226001,1.0050422449280532,0,1,1,0,0,1,0,1,0,1,1,0,0,0
3631,-0.43991649313097614,-1.2774445836787656,0.9053397363802651,1,0,1,0,0,1,1,0,1,0,1,0,0,1
1941,-0.43991649313097614,0.5549717837226001,-1.4875204687666492,0,1,0,1,0,1,0,1,1,0,0,1,0,0
515,2.273158691738958,1.5322605130033284,-1.4875204687666492,1,0,1,0,0,1,0,1,0,1,1,0,0,0
980,-0.43991649313097614,-0.8295205827584317,-1.4875204687666492,0,1,1,0,0,1,1,0,1,0,0,1,0,0
5760,-0.43991649313097614,1.247217966963116,0.5729980412209714,1,0,1,0,0,1,1,0,0,1,1,0,0,0
2278,-0.43991649313097614,1.2064976032430856,1.0050422449280532,0,1,0,1,0,1,0,1,0,1,1,0,0,0
4766,-0.43991649313097614,1.125056875803025,-1.4875204687666492,1,0,1,0,0,1,1,0,1,0,0,0,1,0
4543,-0.43991649313097614,-0.8295205827584317,-0.6566662308684151,1,0,1,0,0,1,0,1,0,1,1,0,0,0
4311,-0.43991649313097614,1.0843365120829946,0.1409538375138897,0,1,1,0,0,1,1,0,1,0,0,0,1,0
6197,-0.43991649313097614,0.18848851024232702,0.2406563460616778,1,0,1,0,0,1,0,1,0,1,0,0,1,0
3673,-0.43991649313097614,0.7178532386027215,-1.5207546382825785,1,0,1,0,0,1,0,1,1,0,0,1,0,0
5428,-0.43991649313097614,0.8400143297628127,-1.3213496211870024,0,1,1,0,0,1,0,1,0,1,1,0,0,0
3664,-0.43991649313097614,0.5549717837226001,-0.29109036619319206,1,0,1,0,0,1,1,0,0,1,1,0,0,0
5030,-0.43991649313097614,1.5729808767233588,-1.4875204687666492,1,0,0,1,0,1,1,0,1,0,1,0,0,0
965,2.273158691738958,-0.9516816739185228,0.6394663802528302,0,1,1,0,0,1,1,0,1,0,1,0,0,1
5227,-0.43991649313097614,0.35136996512244845,-1.4875204687666492,1,0,1,0,0,1,1,0,1,0,1,0,0,0
3747,-0.43991649313097614,-0.5037576729981889,-0.32432453570912145,0,1,1,0,1,0,1,0,0,1,1,0,0,0
3477,-0.43991649313097614,-1.1960038562387048,-1.5207546382825785,0,1,1,0,0,1,0,1,0,1,0,1,0,0
4316,-0.43991649313097614,-0.7073594915983407,-1.1551787736073555,0,1,0,1,1,0,1,0,0,1,1,0,0,0
6836,-0.43991649313097614,1.5729808767233588,-1.45428629925072,1,0,1,0,0,1,0,1,0,1,0,1,0,0
2104,-0.43991649313097614,0.7992939660427822,-1.4875204687666492,1,0,0,1,0,1,1,0,0,1,1,0,0,0
2527,-0.43991649313097614,0.3106496014024181,0.6727005497687596,1,0,0,1,0,1,1,0,1,0,1,0,0,1
2838,-0.43991649313097614,0.26992923768238775,-1.3213496211870024,0,1,0,1,0,1,1,0,1,0,1,0,0,0
2101,-0.43991649313097614,0.14776814652229667,-0.4572612137728389,1,0,0,1,0,1,0,1,0,1,0,1,0,0
3259,-0.43991649313097614,0.18848851024232702,1.1379789229917707,1,0,1,0,0,1,1,0,1,0,1,0,0,1
6898,-0.43991649313097614,1.247217966963116,1.437086448635135,1,0,1,0,0,1,1,0,1,0,1,0,0,0
3475,-0.43991649313097614,0.9214550572028734,-1.4875204687666492,1,0,0,1,0,1,0,1,0,1,1,0,0,0
3611,-0.43991649313097614,-1.1960038562387048,-1.45428629925072,1,0,1,0,0,1,0,1,0,1,1,0,0,0
6167,-0.43991649313097614,-0.5444780367182193,0.3071246850935365,0,1,1,0,0,1,0,1,0,1,1,0,0,1
6743,-0.43991649313097614,1.0843365120829946,-1.3213496211870024,0,1,1,0,0,1,1,0,1,0,0,0,1,0
2672,2.273158691738958,0.880734693482843,1.7029598047625698,1,0,1,0,0,1,0,1,0,1,1,0,0,0
1730,-0.43991649313097614,-0.9109613101984924,-1.4875204687666492,0,1,0,1,0,1,0,1,0,1,0,1,0,0
2645,-0.43991649313097614,0.10704778280226633,1.5035547876669937,0,1,0,1,0,1,1,0,1,0,1,0,0,0
2495,-0.43991649313097614,-1.1145631287986442,-1.45428629925072,0,1,1,0,0,1,0,1,0,1,1,0,0,0
3084,2.273158691738958,-1.2367242199587352,-1.3545837907029317,1,0,1,0,1,0,0,1,1,0,0,1,0,1
5155,-0.43991649313097614,-0.055833672077855064,-1.4875204687666492,1,0,0,1,0,1,0,1,0,1,1,0,0,0
4301,-0.43991649313097614,-1.1960038562387048,-0.5237295528046976,0,1,1,0,0,1,0,1,1,0,0,1,0,1
6423,-0.43991649313097614,-0.9924020376385531,-1.3213496211870024,0,1,1,0,1,0,1,0,1,0,0,1,0,0
3081,-0.43991649313097614,-1.1552834925186746,-0.4572612137728389,0,1,1,0,0,1,1,0,1,0,1,0,0,0
6056,-0.43991649313097614,-1.1552834925186746,0.8388713973484064,0,1,1,0,0,1,1,0,1,0,1,0,0,0
6579,-0.43991649313097614,1.1657772395230555,-1.5207546382825785,1,0,0,1,0,1,0,1,1,0,0,1,0,0
3781,-0.43991649313097614,-1.2774445836787656,-0.6899004003843444,0,1,1,0,0,1,1,0,1,0,0,0,1,1
2460,-0.43991649313097614,1.6137012404433893,0.5065297021891128,1,0,0,1,0,1,1,0,1,0,1,0,0,0
1987,-0.43991649313097614,-0.38159658183809786,-1.5207546382825785,0,1,1,0,0,1,0,1,0,1,0,0,1,0
2339,2.273158691738958,-0.8702409464784621,0.17418800702981907,0,1,1,0,0,1,1,0,1,0,0,0,1,0
904,-0.43991649313097614,-1.1552834925186746,0.3071246850935365,0,1,1,0,0,1,1,0,0,1,0,1,0,1
2549,-0.43991649313097614,-1.1960038562387048,-0.49049538328876824,0,1,1,0,0,1,1,0,0,1,1,0,0,0
1451,-0.43991649313097614,0.10704778280226633,-1.4875204687666492,0,1,0,1,0,1,1,0,1,0,1,0,0,0
1466,-0.43991649313097614,0.5142514200025698,0.805637227832477,1,0,1,0,0,1,1,0,0,1,1,0,0,0
3091,-0.43991649313097614,-1.1145631287986442,-0.5901978918365564,0,1,1,0,0,1,1,0,1,0,1,0,0,1
513,-0.43991649313097614,-1.1960038562387048,0.17418800702981907,1,0,1,0,0,1,0,1,0,1,1,0,0,0
6976,-0.43991649313097614,0.35136996512244845,1.3373839400873468,0,1,1,0,0,1,0,1,1,0,0,0,1,1
4352,2.273158691738958,-0.1779947632379461,1.3706181096032763,0,1,1,0,0,1,1,0,1,0,1,0,0,0
6995,-0.43991649313097614,-1.2774445836787656,-0.32432453570912145,0,1,1,0,0,1,0,1,1,0,0,1,0,0
4244,-0.43991649313097614,-1.1145631287986442,-1.45428629925072,0,1,1,0,0,1,1,0,1,0,1,0,0,1
42,-0.43991649313097614,1.002895784642934,1.2044472620236295,1,0,1,0,0,1,0,1,1,0,0,0,1,0
5179,-0.43991649313097614,0.14776814652229667,-1.5207546382825785,0,1,1,0,0,1,0,1,0,1,0,1,0,0
1170,-0.43991649313097614,-0.8295205827584317,-0.6566662308684151,1,0,1,0,0,1,1,0,1,0,0,1,0,0
6276,-0.43991649313097614,-1.2774445836787656,-0.6234320613524857,0,1,1,0,0,1,0,1,1,0,0,0,1,1
6545,-0.43991649313097614,-0.7073594915983407,1.3373839400873468,1,0,1,0,0,1,0,1,0,1,1,0,0,1
300,-0.43991649313097614,0.47353105628253944,0.6727005497687596,1,0,1,0,0,1,1,0,0,1,1,0,0,1
5684,-0.43991649313097614,-1.2774445836787656,-0.49049538328876824,1,0,1,0,0,1,1,0,1,0,1,0,0,0
3704,2.273158691738958,1.6137012404433893,-1.288115451671073,1,0,1,0,0,1,1,0,1,0,0,1,0,0
3848,2.273158691738958,-1.2367242199587352,-0.6566662308684151,0,1,1,0,0,1,1,0,1,0,1,0,0,1
4829,-0.43991649313097614,0.14776814652229667,0.7724030583165477,1,0,1,0,0,1,1,0,1,0,1,0,0,1
852,-0.43991649313097614,-0.62591876415828,-0.29109036619319206,0,1,1,0,0,1,0,1,1,0,0,0,1,0
79,-0.43991649313097614,-1.2774445836787656,-1.4875204687666492,0,1,1,0,0,1,1,0,1,0,1,0,0,0
1592,-0.43991649313097614,-1.0738427650786138,-1.4875204687666492,1,0,1,0,0,1,1,0,1,0,1,0,0,0
4094,-0.43991649313097614,-1.0331224013585834,0.3071246850935365,0,1,1,0,0,1,0,1,0,1,1,0,0,1
5453,-0.43991649313097614,-0.4223169455581282,0.008017159450172232,1,0,1,0,0,1,1,0,1,0,0,1,0,0
4914,-0.43991649313097614,-1.2367242199587352,0.2738905155776072,0,1,1,0,0,1,1,0,1,0,0,0,1,1
110,-0.43991649313097614,0.3106496014024181,-0.8228370784480619,0,1,0,1,1,0,1,0,1,0,0,0,1,0
3874,-0.43991649313097614,1.1657772395230555,0.9718080754121239,1,0,1,0,0,1,1,0,1,0,0,0,1,0
961,-0.43991649313097614,0.3920903288424788,0.9053397363802651,1,0,0,1,0,1,1,0,1,0,1,0,0,0
3371,-0.43991649313097614,0.9214550572028734,1.3041497705714176,1,0,0,1,0,1,1,0,1,0,1,0,0,0
315,-0.43991649313097614,-0.21871512695797646,-1.4875204687666492,0,1,1,0,0,1,1,0,0,1,1,0,0,0
3609,-0.43991649313097614,-1.1552834925186746,-1.4875204687666492,1,0,1,0,0,1,0,1,0,1,1,0,0,1
4472,-0.43991649313097614,-0.015113308357824713,0.8388713973484064,1,0,0,1,0,1,0,1,0,1,1,0,0,0
1771,-0.43991649313097614,0.9214550572028734,1.071510583959912,0,1,1,0,0,1,0,1,0,1,1,0,0,1
1796,2.273158691738958,1.0843365120829946,0.805637227832477,1,0,0,1,0,1,0,1,0,1,1,0,0,0
6231,-0.43991649313097614,1.3286586944031769,1.3041497705714176,0,1,1,0,0,1,1,0,1,0,1,0,0,0
4508,-0.43991649313097614,1.4100994218432374,1.4703206181510644,1,0,0,1,0,1,1,0,1,0,1,0,0,1
359,2.273158691738958,0.18848851024232702,0.9053397363802651,0,1,1,0,0,1,1,0,1,0,1,0,0,1
3522,-0.43991649313097614,1.5729808767233588,-1.4875204687666492,0,1,0,1,0,1,1,0,1,0,0,1,0,0
6583,-0.43991649313097614,0.8400143297628127,0.40682719364132464,0,1,1,0,0,1,0,1,0,1,0,0,1,0
4126,-0.43991649313097614,-0.9109613101984924,0.6727005497687596,0,1,1,0,0,1,1,0,0,1,1,0,0,1
579,2.273158691738958,1.6137012404433893,1.6032572962147817,0,1,1,0,0,1,0,1,0,1,1,0,0,0
5125,-0.43991649313097614,-0.13727439951791576,-1.0222420955436382,0,1,1,0,1,0,1,0,1,0,0,0,1,0
4243,-0.43991649313097614,0.35136996512244845,0.5065297021891128,0,1,1,0,0,1,1,0,1,0,1,0,0,0
7010,-0.43991649313097614,-1.2774445836787656,0.3403588546094659,1,0,0,1,0,1,0,1,0,1,1,0,0,1
4111,2.273158691738958,0.9621754209229036,0.10771966799796033,1,0,1,0,0,1,1,0,1,0,0,0,1,0
594,-0.43991649313097614,-0.9924020376385531,0.0412513289661016,1,0,1,0,0,1,1,0,0,1,1,0,0,0
2737,2.273158691738958,0.43281069256250915,0.6727005497687596,0,1,1,0,0,1,0,1,0,1,1,0,0,0
5340,-0.43991649313097614,1.0843365120829946,0.37359302412539525,1,0,0,1,0,1,0,1,0,1,1,0,0,0
1186,-0.43991649313097614,1.3286586944031769,-1.4875204687666492,0,1,1,0,0,1,0,1,1,0,1,0,0,0
215,-0.43991649313097614,-1.1145631287986442,0.9053397363802651,0,1,1,0,0,1,0,1,0,1,1,0,0,1
5028,2.273158691738958,0.9621754209229036,1.1712130925077,1,0,1,0,0,1,0,1,0,1,1,0,0,0
4968,-0.43991649313097614,-0.46303730927815856,1.1379789229917707,1,0,1,0,0,1,0,1,1,0,1,0,0,0
994,-0.43991649313097614,1.4508197855632678,-0.6566662308684151,0,1,0,1,1,0,0,1,1,0,0,0,1,0
5053,2.273158691738958,-1.2367242199587352,0.47329553267318336,1,0,1,0,0,1,1,0,1,0,1,0,0,1
6965,-0.43991649313097614,-0.1779947632379461,-0.3575587052250508,0,1,1,0,0,1,1,0,1,0,0,1,0,0
3173,-0.43991649313097614,0.6771328748826912,0.2406563460616778,1,0,1,0,0,1,1,0,0,1,1,0,0,0
47,2.273158691738958,-1.0331224013585834,0.37359302412539525,1,0,1,0,0,1,1,0,1,0,1,0,0,1
4253,-0.43991649313097614,0.6364125111626608,-1.1551787736073555,1,0,0,1,1,0,0,1,1,0,1,0,0,0
3461,-0.43991649313097614,1.6137012404433893,0.5065297021891128,0,1,1,0,0,1,1,0,0,1,1,0,0,0
1200,-0.43991649313097614,1.6137012404433893,0.40682719364132464,1,0,0,1,0,1,0,1,0,1,1,0,0,0
4343,-0.43991649313097614,1.5322605130033284,-1.288115451671073,1,0,1,0,0,1,0,1,1,0,0,0,1,0
4630,-0.43991649313097614,0.14776814652229667,-1.4875204687666492,1,0,0,1,0,1,1,0,1,0,1,0,0,0
4886,-0.43991649313097614,-0.748079855318371,-1.3213496211870024,0,1,1,0,0,1,0,1,0,1,0,0,1,0
5142,-0.43991649313097614,0.025607055362205634,-0.12491951861354524,0,1,1,0,0,1,1,0,1,0,1,0,0,0
5496,-0.43991649313097614,-1.2367242199587352,-0.5237295528046976,0,1,1,0,0,1,1,0,0,1,1,0,0,0
3699,-0.43991649313097614,-0.748079855318371,-1.4875204687666492,1,0,0,1,0,1,0,1,0,1,1,0,0,0
1440,-0.43991649313097614,-1.1960038562387048,0.5065297021891128,1,0,0,1,0,1,1,0,0,1,1,0,0,0
1250,-0.43991649313097614,-0.748079855318371,0.3403588546094659,1,0,1,0,0,1,1,0,1,0,1,0,0,1
4322,-0.43991649313097614,0.26992923768238775,-1.1551787736073555,1,0,0,1,1,0,0,1,0,1,1,0,0,1
645,-0.43991649313097614,-0.2594354906780068,-1.4875204687666492,1,0,0,1,0,1,0,1,1,0,1,0,0,0
1141,-0.43991649313097614,0.8400143297628127,-1.4875204687666492,0,1,1,0,0,1,0,1,1,0,0,0,1,0
7033,-0.43991649313097614,-0.6666391278783103,0.5065297021891128,1,0,0,1,0,1,0,1,0,1,1,0,0,0
5447,-0.43991649313097614,-1.2774445836787656,-1.4875204687666492,0,1,1,0,0,1,1,0,1,0,1,0,0,1
5363,2.273158691738958,-0.015113308357824713,0.5397638717050421,0,1,1,0,0,1,0,1,1,0,0,0,1,0
4332,-0.43991649313097614,0.10704778280226633,-1.45428629925072,1,0,1,0,0,1,0,1,1,0,0,0,1,0
1024,-0.43991649313097614,-0.7073594915983407,0.6394663802528302,1,0,1,0,0,1,1,0,0,1,1,0,0,1
4477,2.273158691738958,-0.13727439951791576,-0.4240270442569095,0,1,1,0,0,1,1,0,1,0,1,0,0,0
6178,-0.43991649313097614,1.4508197855632678,-0.29109036619319206,0,1,0,1,1,0,1,0,1,0,1,0,0,0
6194,-0.43991649313097614,-1.2774445836787656,-1.4875204687666492,0,1,1,0,0,1,0,1,0,1,0,1,0,0
6337,-0.43991649313097614,-1.2367242199587352,1.0382764144439827,0,1,1,0,0,1,0,1,0,1,1,0,0,1
4314,-0.43991649313097614,-0.4223169455581282,-1.4875204687666492,0,1,1,0,0,1,1,0,0,1,1,0,0,0
4860,-0.43991649313097614,1.0843365120829946,0.7391688888006183,0,1,0,1,0,1,0,1,0,1,0,0,1,0
3607,-0.43991649313097614,0.3920903288424788,-1.4875204687666492,0,1,0,1,0,1,0,1,0,1,0,1,0,0
6621,-0.43991649313097614,1.2879383306831464,0.6727005497687596,1,0,1,0,0,1,1,0,0,1,1,0,0,0
4760,-0.43991649313097614,0.47353105628253944,0.6727005497687596,0,1,1,0,0,1,1,0,0,1,1,0,0,0
2143,-0.43991649313097614,1.2879383306831464,1.4703206181510644,0,1,0,1,0,1,1,0,1,0,0,1,0,0
1335,-0.43991649313097614,1.5729808767233588,1.1712130925077,0,1,0,1,0,1,1,0,1,0,1,0,0,0
127,-0.43991649313097614,-1.0331224013585834,0.47329553267318336,1,0,1,0,0,1,0,1,0,1,1,0,0,1
1812,-0.43991649313097614,0.06632741908223598,1.3373839400873468,1,0,1,0,0,1,0,1,0,1,1,0,0,0
6465,-0.43991649313097614,-0.9924020376385531,0.7391688888006183,1,0,1,0,0,1,0,1,1,0,1,0,0,1
3359,-0.43991649313097614,-0.13727439951791576,-1.4875204687666492,1,0,1,0,0,1,1,0,1,0,1,0,0,0
3832,-0.43991649313097614,0.18848851024232702,0.3403588546094659,1,0,0,1,0,1,0,1,0,1,0,1,0,0
3723,2.273158691738958,0.43281069256250915,1.2044472620236295,0,1,1,0,0,1,1,0,1,0,0,1,0,0
385,-0.43991649313097614,0.7992939660427822,-1.3878179602188612,1,0,0,1,0,1,0,1,0,1,0,0,1,0
4333,-0.43991649313097614,0.9214550572028734,-1.5207546382825785,1,0,0,1,0,1,0,1,1,0,0,0,1,0
1401,2.273158691738958,1.1657772395230555,-1.3213496211870024,0,1,1,0,0,1,1,0,1,0,1,0,0,0
7002,-0.43991649313097614,-0.8702409464784621,-1.4875204687666492,0,1,1,0,0,1,1,0,1,0,1,0,0,0
1284,-0.43991649313097614,-0.748079855318371,0.44006136315725397,1,0,1,0,0,1,0,1,0,1,0,0,1,0
5480,2.273158691738958,-1.0331224013585834,1.0382764144439827,0,1,1,0,0,1,1,0,0,1,1,0,0,1
3499,-0.43991649313097614,0.43281069256250915,0.9053397363802651,1,0,1,0,0,1,1,0,0,1,1,0,0,0
1715,2.273158691738958,-0.13727439951791576,1.2044472620236295,0,1,1,0,0,1,0,1,1,0,0,1,0,0
5131,-0.43991649313097614,-0.3408762181180675,-0.29109036619319206,0,1,0,1,0,1,1,0,1,0,1,0,0,0
496,-0.43991649313097614,1.247217966963116,1.4703206181510644,0,1,1,0,0,1,1,0,1,0,0,1,0,0
162,-0.43991649313097614,-1.1960038562387048,0.17418800702981907,1,0,0,1,0,1,0,1,0,1,1,0,0,0
4529,-0.43991649313097614,-1.2774445836787656,-1.4875204687666492,0,1,1,0,0,1,1,0,0,1,1,0,0,0
6591,-0.43991649313097614,0.9621754209229036,-1.3545837907029317,1,0,1,0,0,1,1,0,0,1,1,0,0,0
516,-0.43991649313097614,-0.38159658183809786,-0.29109036619319206,1,0,1,0,0,1,0,1,0,1,1,0,0,0
4982,-0.43991649313097614,-0.4223169455581282,-0.3575587052250508,0,1,1,0,0,1,1,0,1,0,1,0,0,1
3861,-0.43991649313097614,1.2879383306831464,-1.288115451671073,1,0,1,0,0,1,1,0,1,0,1,0,0,0
624,-0.43991649313097614,-0.6666391278783103,0.1409538375138897,0,1,0,1,0,1,1,0,1,0,0,0,1,0
3208,-0.43991649313097614,1.6137012404433893,1.437086448635135,1,0,1,0,0,1,1,0,1,0,1,0,0,0
509,2.273158691738958,-1.0331224013585834,-1.1551787736073555,0,1,1,0,1,0,0,1,0,1,1,0,0,0
618,-0.43991649313097614,-1.2367242199587352,0.20742217654574843,1,0,1,0,0,1,0,1,0,1,0,1,0,1
5075,-0.43991649313097614,-0.9109613101984924,0.5065297021891128,0,1,1,0,0,1,1,0,1,0,0,1,0,0
756,-0.43991649313097614,-0.6666391278783103,0.7724030583165477,1,0,1,0,0,1,0,1,0,1,1,0,0,1
4230,-0.43991649313097614,1.002895784642934,0.3071246850935365,0,1,1,0,0,1,0,1,0,1,0,0,1,0
512,-0.43991649313097614,0.6771328748826912,-1.4875204687666492,1,0,1,0,0,1,0,1,0,1,1,0,0,0
6319,-0.43991649313097614,0.025607055362205634,0.5729980412209714,0,1,0,1,0,1,1,0,1,0,1,0,0,0
1886,2.273158691738958,-1.2774445836787656,-0.4572612137728389,1,0,1,0,0,1,1,0,1,0,1,0,0,1
755,-0.43991649313097614,-1.2774445836787656,-1.4875204687666492,0,1,1,0,0,1,1,0,0,1,1,0,0,0
2264,-0.43991649313097614,-1.2774445836787656,0.9385739058961945,0,1,0,1,0,1,1,0,0,1,1,0,0,1
5352,-0.43991649313097614,-1.1552834925186746,-0.49049538328876824,0,1,1,0,0,1,1,0,0,1,0,1,0,1
1847,-0.43991649313097614,0.22920887396235737,0.6394663802528302,1,0,1,0,0,1,1,0,1,0,0,1,0,0
2690,-0.43991649313097614,-0.13727439951791576,-0.5237295528046976,0,1,1,0,0,1,0,1,0,1,0,0,1,0
5007,-0.43991649313097614,0.6771328748826912,1.3041497705714176,0,1,1,0,0,1,0,1,1,0,1,0,0,1
3972,-0.43991649313097614,0.35136996512244845,0.0412513289661016,1,0,0,1,0,1,0,1,1,0,0,0,1,1
960,-0.43991649313097614,0.22920887396235737,0.47329553267318336,0,1,1,0,0,1,1,0,0,1,1,0,0,1
6360,-0.43991649313097614,-1.2367242199587352,-0.6566662308684151,0,1,1,0,0,1,1,0,0,1,1,0,0,0
5181,2.273158691738958,-1.2774445836787656,0.20742217654574843,1,0,1,0,0,1,1,0,1,0,0,0,1,0
3493,-0.43991649313097614,1.6137012404433893,0.5729980412209714,0,1,1,0,0,1,1,0,1,0,1,0,0,0
3141,-0.43991649313097614,-0.9109613101984924,1.1712130925077,0,1,1,0,0,1,1,0,0,1,1,0,0,1
2919,-0.43991649313097614,-0.9109613101984924,1.0050422449280532,0,1,1,0,0,1,1,0,1,0,1,0,0,1
4626,-0.43991649313097614,-1.2367242199587352,-0.6234320613524857,0,1,1,0,0,1,1,0,0,1,1,0,0,1
2898,-0.43991649313097614,-0.055833672077855064,0.7391688888006183,1,0,0,1,0,1,0,1,1,0,0,0,1,1
5441,-0.43991649313097614,-1.2367242199587352,-0.32432453570912145,0,1,0,1,0,1,1,0,1,0,1,0,0,0
832,-0.43991649313097614,0.5549717837226001,-0.8893054174799206,0,1,1,0,1,0,0,1,1,0,0,0,1,0
4225,-0.43991649313097614,-0.9516816739185228,-0.32432453570912145,0,1,0,1,0,1,1,0,1,0,0,0,1,1
1184,-0.43991649313097614,1.6137012404433893,1.802662313310358,1,0,0,1,0,1,1,0,0,1,0,1,0,0
6387,-0.43991649313097614,1.6137012404433893,1.437086448635135,1,0,1,0,0,1,0,1,1,0,0,0,1,0
567,-0.43991649313097614,0.35136996512244845,-1.4875204687666492,0,1,0,1,0,1,1,0,0,1,0,1,0,0
5783,-0.43991649313097614,0.758573602322752,-1.3545837907029317,0,1,0,1,0,1,1,0,0,1,1,0,0,0
4780,-0.43991649313097614,1.5729808767233588,1.4703206181510644,0,1,1,0,0,1,1,0,0,1,1,0,0,1
6685,-0.43991649313097614,-0.7888002190384014,-0.29109036619319206,1,0,0,1,0,1,1,0,1,0,0,1,0,0
1218,-0.43991649313097614,-1.2367242199587352,-0.6234320613524857,0,1,1,0,0,1,0,1,1,0,0,1,0,1
4889,-0.43991649313097614,0.6364125111626608,1.0050422449280532,0,1,1,0,0,1,1,0,0,1,0,1,0,0
1372,-0.43991649313097614,1.247217966963116,0.2406563460616778,0,1,1,0,0,1,1,0,0,1,1,0,0,0
6172,-0.43991649313097614,1.5729808767233588,-0.22462202716133334,1,0,1,0,1,0,0,1,0,1,1,0,0,0
2958,-0.43991649313097614,-1.1960038562387048,-0.7896029089321326,0,1,1,0,1,0,0,1,0,1,1,0,0,0
4305,2.273158691738958,0.6771328748826912,0.8721055668643357,1,0,1,0,0,1,1,0,1,0,0,1,0,1
793,-0.43991649313097614,-1.2774445836787656,-1.4875204687666492,0,1,1,0,0,1,1,0,1,0,0,0,1,1
3808,-0.43991649313097614,-0.8702409464784621,0.3071246850935365,0,1,0,1,0,1,0,1,0,1,1,0,0,1
2448,-0.43991649313097614,-0.5037576729981889,-1.3213496211870024,1,0,1,0,1,0,1,0,0,1,1,0,0,0
1962,-0.43991649313097614,0.6364125111626608,0.3071246850935365,1,0,1,0,0,1,0,1,1,0,0,1,0,0
3298,-0.43991649313097614,0.14776814652229667,-1.4875204687666492,0,1,1,0,0,1,0,1,1,0,0,0,1,0
5406,2.273158691738958,0.9621754209229036,0.2738905155776072,1,0,1,0,0,1,0,1,0,1,0,1,0,0
2075,-0.43991649313097614,1.2064976032430856,0.3071246850935365,0,1,1,0,0,1,1,0,0,1,1,0,0,0
4994,-0.43991649313097614,0.47353105628253944,-0.15815368812947458,0,1,1,0,0,1,1,0,1,0,0,0,1,0
4869,2.273158691738958,-1.2774445836787656,0.7059347192846889,1,0,1,0,0,1,0,1,0,1,1,0,0,1
2608,2.273158691738958,-1.2774445836787656,0.20742217654574843,1,0,1,0,0,1,1,0,0,1,1,0,0,1
1693,-0.43991649313097614,1.1657772395230555,-0.09168534909761586,0,1,1,0,1,0,1,0,1,0,0,1,0,0
4813,-0.43991649313097614,-0.8295205827584317,-1.3213496211870024,0,1,0,1,0,1,1,0,1,0,1,0,0,0
4140,2.273158691738958,-0.9924020376385531,0.5397638717050421,0,1,1,0,0,1,0,1,0,1,1,0,0,1
6335,-0.43991649313097614,-1.2774445836787656,-1.4875204687666492,0,1,0,1,0,1,0,1,0,1,0,0,1,0
2030,-0.43991649313097614,-0.2594354906780068,-0.9557737565117794,0,1,1,0,1,0,1,0,0,1,0,1,0,0
1932,-0.43991649313097614,0.3106496014024181,0.9385739058961945,1,0,1,0,0,1,0,1,0,1,0,1,0,0
3625,2.273158691738958,-0.9516816739185228,-0.5237295528046976,0,1,1,0,0,1,0,1,0,1,1,0,0,0
3179,-0.43991649313097614,0.18848851024232702,0.0412513289661016,0,1,1,0,0,1,1,0,0,1,1,0,0,0
6725,-0.43991649313097614,-0.4223169455581282,0.6394663802528302,1,0,1,0,0,1,1,0,1,0,0,0,1,1
5653,-0.43991649313097614,-0.62591876415828,-0.09168534909761586,1,0,0,1,0,1,1,0,1,0,1,0,0,0
6666,-0.43991649313097614,0.43281069256250915,1.1379789229917707,1,0,0,1,0,1,1,0,1,0,1,0,0,0
5291,-0.43991649313097614,-0.5444780367182193,0.805637227832477,1,0,1,0,0,1,1,0,1,0,0,0,1,0
2350,-0.43991649313097614,-0.8702409464784621,-0.9557737565117794,1,0,0,1,1,0,0,1,0,1,0,0,1,0
3290,-0.43991649313097614,1.3286586944031769,-1.4875204687666492,0,1,0,1,0,1,0,1,0,1,1,0,0,0
3245,2.273158691738958,0.3106496014024181,1.1047447534758412,0,1,1,0,0,1,0,1,1,0,1,0,0,0
712,-0.43991649313097614,-0.38159658183809786,1.0050422449280532,0,1,1,0,0,1,1,0,0,1,1,0,0,0
2357,-0.43991649313097614,-0.0965540357978854,0.6727005497687596,0,1,0,1,0,1,1,0,1,0,1,0,0,0
5876,-0.43991649313097614,-0.4223169455581282,-1.3213496211870024,1,0,0,1,0,1,1,0,1,0,0,0,1,0
1913,-0.43991649313097614,-0.7888002190384014,-0.9890079260277087,1,0,1,0,1,0,1,0,1,0,0,1,0,1
3976,-0.43991649313097614,-1.2367242199587352,0.2406563460616778,1,0,0,1,0,1,0,1,0,1,1,0,0,0
1441,2.273158691738958,-0.8295205827584317,0.8721055668643357,1,0,1,0,0,1,1,0,1,0,0,1,0,1
914,-0.43991649313097614,-0.748079855318371,-0.29109036619319206,0,1,1,0,0,1,1,0,1,0,0,1,0,0
751,2.273158691738958,-0.13727439951791576,-0.9557737565117794,1,0,0,1,1,0,1,0,1,0,1,0,0,0
730,-0.43991649313097614,1.2064976032430856,-1.3545837907029317,0,1,0,1,0,1,0,1,1,0,0,0,1,0
2110,-0.43991649313097614,-1.2774445836787656,-0.6566662308684151,0,1,1,0,1,0,0,1,1,0,0,0,1,1
2606,-0.43991649313097614,-0.8702409464784621,0.0412513289661016,1,0,0,1,0,1,1,0,1,0,0,0,1,1
5681,-0.43991649313097614,0.880734693482843,-1.4875204687666492,1,0,0,1,0,1,1,0,1,0,1,0,0,0
941,-0.43991649313097614,0.35136996512244845,1.1712130925077,0,1,1,0,0,1,1,0,1,0,0,1,0,0
4541,-0.43991649313097614,-0.1779947632379461,-1.1551787736073555,1,0,1,0,1,0,1,0,1,0,1,0,0,0
1028,-0.43991649313097614,1.5729808767233588,1.7029598047625698,0,1,0,1,0,1,0,1,0,1,0,1,0,0
4723,-0.43991649313097614,1.369379058123207,-0.5901978918365564,1,0,1,0,1,0,1,0,1,0,0,1,0,0
587,-0.43991649313097614,1.6137012404433893,0.008017159450172232,1,0,1,0,0,1,1,0,1,0,0,0,1,0
1755,-0.43991649313097614,1.4508197855632678,-1.3213496211870024,0,1,1,0,0,1,1,0,1,0,0,1,0,0
312,-0.43991649313097614,1.125056875803025,-1.4875204687666492,0,1,1,0,0,1,1,0,0,1,1,0,0,0
1766,-0.43991649313097614,-1.1960038562387048,0.3403588546094659,1,0,1,0,0,1,0,1,0,1,0,1,0,1
1848,2.273158691738958,1.369379058123207,1.437086448635135,1,0,1,0,0,1,1,0,1,0,0,0,1,0
4728,-0.43991649313097614,1.4508197855632678,1.3706181096032763,0,1,0,1,0,1,1,0,1,0,0,0,1,0
5754,-0.43991649313097614,1.6137012404433893,-0.3575587052250508,1,0,1,0,1,0,1,0,1,0,1,0,0,1
740,-0.43991649313097614,-0.8295205827584317,1.0382764144439827,1,0,1,0,0,1,0,1,1,0,0,0,1,1
485,-0.43991649313097614,-1.1960038562387048,0.5065297021891128,0,1,1,0,0,1,1,0,0,1,1,0,0,1
2069,-0.43991649313097614,-1.0331224013585834,0.3403588546094659,1,0,1,0,0,1,0,1,0,1,1,0,0,1
2314,-0.43991649313097614,-0.3408762181180675,1.3373839400873468,0,1,1,0,0,1,0,1,0,1,0,1,0,1
5317,-0.43991649313097614,1.4100994218432374,1.4703206181510644,1,0,0,1,0,1,0,1,0,1,0,1,0,0
4275,-0.43991649313097614,1.6137012404433893,0.6727005497687596,1,0,1,0,0,1,1,0,1,0,0,1,0,0
752,-0.43991649313097614,-1.2774445836787656,-1.4875204687666492,1,0,0,1,0,1,1,0,1,0,0,0,1,1
344,-0.43991649313097614,1.1657772395230555,1.3706181096032763,0,1,1,0,0,1,1,0,1,0,0,1,0,1
2465,-0.43991649313097614,-1.2774445836787656,-0.29109036619319206,1,0,1,0,0,1,0,1,0,1,1,0,0,1
4890,-0.43991649313097614,-0.5444780367182193,-1.4875204687666492,0,1,1,0,0,1,0,1,0,1,0,1,0,0
5078,-0.43991649313097614,-0.46303730927815856,0.9718080754121239,1,0,1,0,0,1,1,0,1,0,0,0,1,0
1699,-0.43991649313097614,-0.4223169455581282,0.6062322107369008,1,0,0,1,0,1,0,1,0,1,0,0,1,1
912,-0.43991649313097614,1.6137012404433893,0.805637227832477,0,1,1,0,0,1,0,1,0,1,1,0,0,0
5710,-0.43991649313097614,1.5322605130033284,1.3706181096032763,0,1,0,1,0,1,1,0,1,0,0,1,0,0
2875,-0.43991649313097614,-0.4223169455581282,-0.12491951861354524,1,0,0,1,0,1,1,0,1,0,0,0,1,1
1402,2.273158691738958,-1.2774445836787656,0.3071246850935365,0,1,1,0,0,1,1,0,0,1,1,0,0,1
1236,-0.43991649313097614,0.18848851024232702,0.8721055668643357,0,1,1,0,0,1,0,1,0,1,0,1,0,0
4,-0.43991649313097614,-1.2774445836787656,0.37359302412539525,1,0,1,0,0,1,1,0,1,0,0,1,0,1
6630,-0.43991649313097614,0.22920887396235737,0.5397638717050421,0,1,0,1,0,1,0,1,1,0,0,0,1,0
4758,-0.43991649313097614,-0.7888002190384014,0.008017159450172232,0,1,0,1,0,1,0,1,1,0,1,0,0,0
6781,-0.43991649313097614,1.6137012404433893,0.8388713973484064,1,0,0,1,0,1,1,0,1,0,1,0,0,0
4449,-0.43991649313097614,1.369379058123207,0.07448549848203097,1,0,1,0,0,1,0,1,0,1,1,0,0,0
6418,-0.43991649313097614,-0.62591876415828,0.9385739058961945,1,0,1,0,0,1,0,1,0,1,1,0,0,0
93,-0.43991649313097614,-0.8295205827584317,0.8388713973484064,0,1,1,0,0,1,0,1,1,0,0,0,1,0
6454,-0.43991649313097614,0.43281069256250915,-1.0222420955436382,1,0,1,0,1,0,0,1,0,1,1,0,0,0
602,-0.43991649313097614,0.3106496014024181,0.008017159450172232,1,0,1,0,0,1,1,0,1,0,0,1,0,0
2087,2.273158691738958,0.025607055362205634,0.9718080754121239,0,1,1,0,0,1,1,0,0,1,1,0,0,1
4169,-0.43991649313097614,0.7992939660427822,-0.6899004003843444,0,1,0,1,1,0,1,0,1,0,0,0,1,0
5826,-0.43991649313097614,-0.9924020376385531,-1.4875204687666492,0,1,1,0,0,1,1,0,0,1,1,0,0,0
6980,-0.43991649313097614,-0.748079855318371,0.5065297021891128,1,0,0,1,0,1,1,0,1,0,1,0,0,0
5301,-0.43991649313097614,-0.13727439951791576,-1.4875204687666492,1,0,1,0,0,1,1,0,0,1,1,0,0,0
4217,-0.43991649313097614,-0.38159658183809786,1.1712130925077,0,1,0,1,0,1,0,1,1,0,0,0,1,1
6434,-0.43991649313097614,-0.30015585439803716,0.37359302412539525,1,0,1,0,0,1,1,0,1,0,0,0,1,0
6406,-0.43991649313097614,-0.21871512695797646,-0.29109036619319206,0,1,0,1,0,1,0,1,0,1,0,1,0,0
6550,-0.43991649313097614,1.5729808767233588,0.8388713973484064,1,0,0,1,0,1,1,0,1,0,1,0,0,0
3273,-0.43991649313097614,1.369379058123207,-0.5237295528046976,1,0,0,1,0,1,0,1,0,1,1,0,0,0
2169,2.273158691738958,1.5729808767233588,1.0382764144439827,1,0,1,0,0,1,0,1,0,1,1,0,0,0
4524,-0.43991649313097614,-1.2774445836787656,-0.6234320613524857,0,1,1,0,0,1,1,0,0,1,1,0,0,1
2255,-0.43991649313097614,-0.62591876415828,-1.3213496211870024,1,0,1,0,0,1,0,1,0,1,0,0,1,0
6467,-0.43991649313097614,-0.9109613101984924,0.5065297021891128,0,1,1,0,0,1,0,1,0,1,1,0,0,1
737,-0.43991649313097614,1.369379058123207,1.4703206181510644,1,0,0,1,0,1,0,1,0,1,0,1,0,0
2008,-0.43991649313097614,-1.2774445836787656,-1.3213496211870024,0,1,1,0,1,0,1,0,0,1,1,0,0,1
5950,-0.43991649313097614,1.4915401492832983,-0.12491951861354524,0,1,1,0,1,0,1,0,1,0,1,0,0,0
5659,-0.43991649313097614,-1.0738427650786138,-1.45428629925072,1,0,1,0,0,1,0,1,0,1,1,0,0,0
3797,-0.43991649313097614,0.06632741908223598,1.1047447534758412,0,1,0,1,0,1,0,1,1,0,1,0,0,0
5425,-0.43991649313097614,1.002895784642934,1.6032572962147817,1,0,1,0,0,1,0,1,0,1,0,0,1,1
212,-0.43991649313097614,-0.9924020376385531,-1.4875204687666492,0,1,0,1,0,1,1,0,1,0,1,0,0,0
462,-0.43991649313097614,-0.9516816739185228,0.40682719364132464,1,0,1,0,0,1,1,0,1,0,1,0,0,0
2894,2.273158691738958,0.26992923768238775,1.1379789229917707,1,0,1,0,0,1,0,1,1,0,1,0,0,0
4973,-0.43991649313097614,1.0436161483629645,-1.5207546382825785,0,1,1,0,0,1,0,1,1,0,0,0,1,0
4559,-0.43991649313097614,0.10704778280226633,-1.45428629925072,0,1,1,0,0,1,0,1,0,1,1,0,0,0
3263,-0.43991649313097614,1.6137012404433893,0.9053397363802651,0,1,1,0,0,1,0,1,0,1,1,0,0,0
236,-0.43991649313097614,0.6364125111626608,-0.29109036619319206,1,0,1,0,0,1,0,1,1,0,1,0,0,0
4530,-0.43991649313097614,1.4100994218432374,0.6727005497687596,1,0,1,0,0,1,1,0,1,0,1,0,0,0
5564,2.273158691738958,-0.5444780367182193,1.0050422449280532,1,0,1,0,0,1,1,0,1,0,1,0,0,0
2696,-0.43991649313097614,-0.7073594915983407,-1.4875204687666492,1,0,1,0,0,1,0,1,1,0,0,1,0,0
418,-0.43991649313097614,-1.2774445836787656,0.6727005497687596,1,0,1,0,0,1,0,1,1,0,0,0,1,1
2513,-0.43991649313097614,-1.1552834925186746,-1.4875204687666492,1,0,0,1,0,1,1,0,1,0,0,1,0,0
3039,-0.43991649313097614,-1.1552834925186746,0.5065297021891128,1,0,1,0,0,1,0,1,0,1,0,1,0,0
4317,-0.43991649313097614,-1.2774445836787656,-1.5207546382825785,1,0,1,0,0,1,0,1,1,0,0,0,1,1
5223,-0.43991649313097614,0.5956921474426305,1.3041497705714176,1,0,1,0,0,1,0,1,1,0,1,0,0,0
6325,-0.43991649313097614,-0.8295205827584317,-0.22462202716133334,1,0,0,1,0,1,1,0,0,1,1,0,0,0
5632,-0.43991649313097614,-1.0738427650786138,-0.49049538328876824,0,1,1,0,0,1,1,0,1,0,1,0,0,0
5877,-0.43991649313097614,1.5729808767233588,0.6394663802528302,0,1,1,0,0,1,1,0,0,1,1,0,0,0
1220,-0.43991649313097614,0.7992939660427822,-1.4875204687666492,0,1,0,1,0,1,0,1,1,0,1,0,0,0
3858,-0.43991649313097614,-0.21871512695797646,-1.5207546382825785,0,1,1,0,0,1,1,0,1,0,1,0,0,0
1550,-0.43991649313097614,1.6137012404433893,0.6394663802528302,1,0,0,1,0,1,1,0,1,0,1,0,0,0
2315,2.273158691738958,0.9214550572028734,1.6364914657307112,0,1,1,0,0,1,0,1,1,0,0,0,1,0
1580,2.273158691738958,-0.6666391278783103,1.0382764144439827,1,0,1,0,0,1,1,0,0,1,1,0,0,1
4642,-0.43991649313097614,-1.2367242199587352,-1.5207546382825785,0,1,0,1,0,1,1,0,1,0,1,0,0,0
5063,2.273158691738958,-1.1960038562387048,0.3403588546094659,1,0,1,0,0,1,1,0,1,0,1,0,0,1
1967,2.273158691738958,-0.8702409464784621,0.3403588546094659,0,1,0,1,0,1,0,1,1,0,1,0,0,0
4295,2.273158691738958,1.1657772395230555,1.3041497705714176,1,0,1,0,0,1,1,0,0,1,0,1,0,1
2044,-0.43991649313097614,1.5322605130033284,1.1379789229917707,0,1,1,0,0,1,1,0,0,1,1,0,0,0
2856,-0.43991649313097614,1.369379058123207,0.0412513289661016,0,1,0,1,0,1,1,0,1,0,0,0,1,0
4898,-0.43991649313097614,-1.2367242199587352,-1.45428629925072,1,0,1,0,0,1,1,0,1,0,1,0,0,0
5046,-0.43991649313097614,-1.2774445836787656,-0.6566662308684151,0,1,1,0,0,1,0,1,0,1,1,0,0,1
6446,2.273158691738958,-0.5444780367182193,0.7391688888006183,0,1,1,0,0,1,0,1,0,1,1,0,0,0
5660,-0.43991649313097614,-0.8702409464784621,-1.45428629925072,1,0,0,1,0,1,0,1,1,0,0,0,1,0
769,-0.43991649313097614,0.9621754209229036,-1.3545837907029317,1,0,0,1,0,1,1,0,0,1,1,0,0,0
2156,-0.43991649313097614,0.9214550572028734,1.0050422449280532,1,0,1,0,0,1,0,1,0,1,1,0,0,0
1926,-0.43991649313097614,1.5322605130033284,1.3706181096032763,1,0,0,1,0,1,0,1,1,0,0,0,1,0
2082,-0.43991649313097614,0.43281069256250915,1.3373839400873468,1,0,1,0,0,1,1,0,0,1,1,0,0,1
113,-0.43991649313097614,-0.7888002190384014,-1.5207546382825785,1,0,1,0,0,1,1,0,0,1,1,0,0,0
773,2.273158691738958,-0.7888002190384014,0.17418800702981907,0,1,1,0,0,1,1,0,1,0,1,0,0,0
1662,-0.43991649313097614,1.125056875803025,-1.4875204687666492,0,1,0,1,0,1,0,1,0,1,1,0,0,0
6199,-0.43991649313097614,0.26992923768238775,-1.3213496211870024,0,1,0,1,0,1,0,1,1,0,0,0,1,0
2188,2.273158691738958,0.025607055362205634,-0.49049538328876824,0,1,1,0,1,0,0,1,0,1,0,0,1,0
140,2.273158691738958,0.18848851024232702,0.7059347192846889,0,1,1,0,0,1,1,0,0,1,1,0,0,1
1938,-0.43991649313097614,1.5729808767233588,1.7029598047625698,0,1,1,0,0,1,1,0,1,0,0,0,1,0
3446,-0.43991649313097614,0.3106496014024181,-0.32432453570912145,0,1,0,1,0,1,0,1,0,1,0,1,0,1
5283,-0.43991649313097614,-0.8295205827584317,-1.4875204687666492,1,0,1,0,0,1,0,1,0,1,1,0,0,0
6713,2.273158691738958,-0.8295205827584317,-1.188412943123285,0,1,1,0,1,0,1,0,0,1,1,0,0,0
5799,-0.43991649313097614,-0.6666391278783103,-1.5207546382825785,1,0,1,0,0,1,0,1,0,1,1,0,0,0
3280,-0.43991649313097614,-1.0331224013585834,-1.4875204687666492,0,1,0,1,0,1,1,0,1,0,0,1,0,0
6765,-0.43991649313097614,0.18848851024232702,-1.4875204687666492,0,1,1,0,0,1,1,0,0,1,1,0,0,0
4015,-0.43991649313097614,-0.5444780367182193,-1.3213496211870024,0,1,1,0,1,0,0,1,0,1,1,0,0,0
6575,-0.43991649313097614,-0.9924020376385531,0.6727005497687596,1,0,1,0,0,1,0,1,0,1,1,0,0,1
575,2.273158691738958,1.3286586944031769,1.4703206181510644,0,1,1,0,0,1,0,1,0,1,1,0,0,0
2667,2.273158691738958,1.3286586944031769,0.9385739058961945,0,1,1,0,0,1,1,0,1,0,0,0,1,0
1129,2.273158691738958,1.5729808767233588,0.5397638717050421,1,0,1,0,0,1,1,0,1,0,1,0,0,0
4460,-0.43991649313097614,-0.8295205827584317,0.47329553267318336,1,0,1,0,0,1,0,1,0,1,1,0,0,0
5987,-0.43991649313097614,1.5322605130033284,0.5065297021891128,1,0,1,0,0,1,1,0,0,1,1,0,0,0
498,-0.43991649313097614,-0.0965540357978854,0.8388713973484064,0,1,1,0,0,1,1,0,1,0,0,0,1,0
2965,-0.43991649313097614,-1.1145631287986442,-1.4875204687666492,0,1,0,1,0,1,0,1,1,0,0,1,0,0
4956,-0.43991649313097614,-0.8702409464784621,-1.4875204687666492,0,1,1,0,0,1,1,0,0,1,1,0,0,0
3072,-0.43991649313097614,1.247217966963116,-1.3213496211870024,0,1,0,1,0,1,0,1,1,0,0,0,1,0
1779,-0.43991649313097614,-1.1552834925186746,-0.4572612137728389,1,0,1,0,0,1,0,1,1,0,0,0,1,1
6915,-0.43991649313097614,1.002895784642934,-0.3907928747409802,0,1,1,0,1,0,0,1,0,1,1,0,0,0
5461,-0.43991649313097614,1.5729808767233588,0.8388713973484064,0,1,0,1,0,1,1,0,1,0,0,0,1,0
829,-0.43991649313097614,0.880734693482843,-0.15815368812947458,1,0,0,1,0,1,1,0,0,1,0,1,0,0
1196,2.273158691738958,1.5322605130033284,1.3041497705714176,1,0,1,0,0,1,1,0,1,0,1,0,0,0
4045,-0.43991649313097614,1.5729808767233588,1.6032572962147817,1,0,1,0,0,1,0,1,1,0,0,0,1,0
118,-0.43991649313097614,1.1657772395230555,1.3706181096032763,0,1,1,0,0,1,0,1,0,1,1,0,0,0
3459,-0.43991649313097614,-0.13727439951791576,-0.9557737565117794,0,1,1,0,1,0,1,0,0,1,1,0,0,0
1341,-0.43991649313097614,0.8400143297628127,0.9385739058961945,1,0,1,0,0,1,1,0,1,0,0,0,1,0
5477,-0.43991649313097614,0.7178532386027215,1.3041497705714176,0,1,0,1,0,1,1,0,0,1,1,0,0,1
4582,-0.43991649313097614,0.3920903288424788,-0.8228370784480619,0,1,1,0,1,0,1,0,1,0,0,0,1,0
4641,-0.43991649313097614,-0.5851984004382496,0.2738905155776072,0,1,1,0,0,1,1,0,0,1,1,0,0,0
6057,-0.43991649313097614,1.2879383306831464,1.6697256352466405,1,0,1,0,0,1,0,1,1,0,0,1,0,0
260,-0.43991649313097614,1.6137012404433893,0.5065297021891128,1,0,0,1,0,1,1,0,1,0,1,0,0,0
4712,-0.43991649313097614,1.5729808767233588,-1.3545837907029317,0,1,1,0,0,1,1,0,1,0,0,1,0,0
785,-0.43991649313097614,-1.0331224013585834,-1.3545837907029317,0,1,1,0,1,0,1,0,1,0,0,1,0,0
1190,-0.43991649313097614,1.5729808767233588,1.4703206181510644,0,1,0,1,0,1,1,0,0,1,1,0,0,0
5788,2.273158691738958,0.10704778280226633,0.8721055668643357,0,1,1,0,0,1,1,0,0,1,1,0,0,0
4837,-0.43991649313097614,-0.46303730927815856,-1.4875204687666492,0,1,1,0,0,1,0,1,1,0,1,0,0,0
2493,-0.43991649313097614,-1.2774445836787656,0.17418800702981907,0,1,0,1,0,1,1,0,1,0,1,0,0,1
2182,-0.43991649313097614,-0.9516816739185228,0.5397638717050421,1,0,1,0,0,1,0,1,1,0,0,1,0,0
544,-0.43991649313097614,1.0843365120829946,0.6062322107369008,1,0,1,0,0,1,0,1,0,1,1,0,0,0
2093,2.273158691738958,1.6137012404433893,-0.025217010065757134,0,1,1,0,1,0,0,1,1,0,0,0,1,0
6428,2.273158691738958,0.8400143297628127,0.9718080754121239,1,0,1,0,0,1,1,0,1,0,0,0,1,0
1444,-0.43991649313097614,0.6771328748826912,0.3071246850935365,1,0,1,0,0,1,1,0,1,0,1,0,0,0
4948,2.273158691738958,0.35136996512244845,1.2044472620236295,1,0,1,0,0,1,0,1,0,1,1,0,0,0
345,-0.43991649313097614,-0.30015585439803716,0.8388713973484064,0,1,0,1,0,1,1,0,1,0,0,1,0,1
6097,-0.43991649313097614,1.6137012404433893,-1.4875204687666492,1,0,0,1,0,1,1,0,0,1,1,0,0,0
5258,-0.43991649313097614,-0.055833672077855064,0.5397638717050421,0,1,1,0,0,1,0,1,0,1,1,0,0,0
1100,2.273158691738958,0.880734693482843,1.5035547876669937,0,1,1,0,0,1,0,1,1,0,1,0,0,0
2146,-0.43991649313097614,1.6137012404433893,0.008017159450172232,0,1,0,1,1,0,1,0,0,1,1,0,0,0
5234,2.273158691738958,-1.2367242199587352,0.17418800702981907,1,0,1,0,0,1,1,0,0,1,1,0,0,1
5539,2.273158691738958,0.5549717837226001,-0.15815368812947458,0,1,1,0,1,0,1,0,0,1,1,0,0,1
2850,-0.43991649313097614,-1.1960038562387048,0.9053397363802651,0,1,1,0,0,1,1,0,1,0,1,0,0,0
454,-0.43991649313097614,-1.2774445836787656,0.5065297021891128,0,1,1,0,0,1,1,0,0,1,1,0,0,1
1523,-0.43991649313097614,-1.1552834925186746,-1.3213496211870024,1,0,1,0,0,1,1,0,1,0,1,0,0,0
1419,-0.43991649313097614,-0.9109613101984924,-1.4875204687666492,0,1,0,1,0,1,0,1,0,1,1,0,0,0
3135,-0.43991649313097614,-1.2774445836787656,0.5065297021891128,1,0,0,1,0,1,1,0,1,0,1,0,0,1
4344,-0.43991649313097614,-0.3408762181180675,1.0382764144439827,0,1,1,0,0,1,0,1,0,1,1,0,0,1
1876,-0.43991649313097614,0.47353105628253944,-0.3575587052250508,0,1,0,1,1,0,0,1,0,1,0,0,1,0
6234,-0.43991649313097614,-0.9516816739185228,0.6727005497687596,0,1,1,0,0,1,1,0,1,0,1,0,0,1
387,-0.43991649313097614,-1.2774445836787656,0.5065297021891128,0,1,1,0,0,1,0,1,0,1,1,0,0,1
4703,-0.43991649313097614,1.125056875803025,-1.3545837907029317,0,1,0,1,0,1,1,0,1,0,0,1,0,0
5332,-0.43991649313097614,1.5729808767233588,-1.3545837907029317,1,0,1,0,0,1,1,0,1,0,0,0,1,0
1627,-0.43991649313097614,0.7178532386027215,0.6394663802528302,1,0,0,1,0,1,0,1,1,0,1,0,0,0
6507,-0.43991649313097614,-0.9109613101984924,-1.4875204687666492,1,0,0,1,0,1,0,1,0,1,1,0,0,0
71,-0.43991649313097614,-1.2774445836787656,0.3071246850935365,1,0,1,0,0,1,1,0,1,0,1,0,0,1
2252,-0.43991649313097614,0.35136996512244845,-0.9890079260277087,1,0,0,1,1,0,1,0,1,0,1,0,0,0
5020,-0.43991649313097614,-1.2774445836787656,-1.4875204687666492,0,1,1,0,0,1,0,1,0,1,1,0,0,0
466,2.273158691738958,-0.9109613101984924,0.8388713973484064,0,1,1,0,0,1,1,0,1,0,0,0,1,1
877,-0.43991649313097614,-0.8702409464784621,-0.6234320613524857,0,1,1,0,0,1,1,0,0,1,1,0,0,0
2364,-0.43991649313097614,1.6137012404433893,1.7029598047625698,0,1,1,0,0,1,1,0,1,0,1,0,0,0
3347,-0.43991649313097614,0.10704778280226633,-1.5207546382825785,0,1,1,0,0,1,0,1,0,1,1,0,0,0
2598,-0.43991649313097614,-0.2594354906780068,0.7059347192846889,1,0,1,0,0,1,0,1,0,1,0,1,0,0
3891,-0.43991649313097614,1.6137012404433893,1.2044472620236295,0,1,1,0,0,1,0,1,0,1,0,1,0,0
3107,-0.43991649313097614,-0.7888002190384014,1.071510583959912,1,0,1,0,0,1,1,0,1,0,0,0,1,1
2347,-0.43991649313097614,1.5729808767233588,1.1712130925077,1,0,0,1,0,1,0,1,0,1,0,0,1,0
5021,-0.43991649313097614,1.6137012404433893,-1.45428629925072,0,1,0,1,0,1,1,0,1,0,0,0,1,0
1320,-0.43991649313097614,1.5729808767233588,1.802662313310358,1,0,1,0,0,1,1,0,1,0,1,0,0,0
5311,-0.43991649313097614,-0.6666391278783103,-0.5237295528046976,0,1,1,0,0,1,0,1,1,0,1,0,0,0
2607,-0.43991649313097614,-0.46303730927815856,-0.15815368812947458,1,0,1,0,0,1,0,1,0,1,1,0,0,0
4342,-0.43991649313097614,-0.9109613101984924,0.3403588546094659,1,0,1,0,0,1,1,0,1,0,1,0,0,1
2014,-0.43991649313097614,0.3920903288424788,-0.49049538328876824,1,0,1,0,0,1,1,0,1,0,0,1,0,1
982,-0.43991649313097614,-1.2774445836787656,-0.5237295528046976,0,1,1,0,0,1,1,0,1,0,0,0,1,1
5978,-0.43991649313097614,1.5729808767233588,0.5065297021891128,1,0,1,0,0,1,1,0,1,0,0,0,1,0
6998,-0.43991649313097614,1.2879383306831464,0.37359302412539525,0,1,1,0,0,1,1,0,0,1,1,0,0,0
3070,-0.43991649313097614,-0.748079855318371,-0.5237295528046976,0,1,1,0,0,1,1,0,1,0,1,0,0,0
3925,-0.43991649313097614,1.369379058123207,-0.0584511795816865,0,1,0,1,0,1,0,1,0,1,0,1,0,0
551,-0.43991649313097614,1.0436161483629645,1.3373839400873468,0,1,0,1,0,1,0,1,0,1,0,0,1,0
5607,-0.43991649313097614,1.6137012404433893,-0.3575587052250508,1,0,0,1,1,0,1,0,1,0,0,1,0,0
4827,-0.43991649313097614,-0.9924020376385531,-1.45428629925072,1,0,0,1,0,1,0,1,0,1,1,0,0,0
366,2.273158691738958,-1.2367242199587352,0.9718080754121239,1,0,1,0,0,1,1,0,0,1,1,0,0,1
4798,-0.43991649313097614,1.5322605130033284,0.9718080754121239,1,0,0,1,0,1,0,1,0,1,0,0,1,1
4571,2.273158691738958,1.6137012404433893,1.7029598047625698,0,1,1,0,0,1,1,0,1,0,1,0,0,0
6889,-0.43991649313097614,-0.2594354906780068,0.6394663802528302,0,1,0,1,0,1,1,0,0,1,1,0,0,1
4873,2.273158691738958,-0.7073594915983407,0.47329553267318336,0,1,1,0,0,1,0,1,1,0,0,0,1,1
2588,-0.43991649313097614,-1.2774445836787656,-0.49049538328876824,0,1,1,0,0,1,1,0,1,0,0,1,0,0
6659,-0.43991649313097614,0.26992923768238775,-0.15815368812947458,1,0,0,1,0,1,0,1,0,1,1,0,0,0
1325,-0.43991649313097614,1.4915401492832983,1.4038522791192056,0,1,1,0,0,1,1,0,1,0,1,0,0,0
5525,-0.43991649313097614,1.1657772395230555,0.10771966799796033,0,1,0,1,0,1,1,0,1,0,0,0,1,0
4125,-0.43991649313097614,-1.2774445836787656,1.0382764144439827,1,0,1,0,0,1,0,1,0,1,1,0,0,0
3032,-0.43991649313097614,1.5729808767233588,-1.4875204687666492,1,0,1,0,0,1,1,0,0,1,1,0,0,0
5517,2.273158691738958,-0.62591876415828,0.6062322107369008,1,0,1,0,0,1,0,1,1,0,1,0,0,0
4777,2.273158691738958,1.3286586944031769,-0.3575587052250508,1,0,1,0,1,0,1,0,0,1,1,0,0,0
5751,-0.43991649313097614,-1.2774445836787656,1.0050422449280532,0,1,1,0,0,1,1,0,0,1,1,0,0,1
4781,2.273158691738958,-1.2774445836787656,-1.3213496211870024,1,0,1,0,1,0,1,0,0,1,1,0,0,1
1470,-0.43991649313097614,0.06632741908223598,-0.49049538328876824,0,1,1,0,0,1,0,1,0,1,1,0,0,0
5503,2.273158691738958,1.6137012404433893,1.5035547876669937,1,0,1,0,0,1,1,0,0,1,1,0,0,0
4854,-0.43991649313097614,-1.2774445836787656,-1.3545837907029317,1,0,0,1,0,1,1,0,0,1,0,1,0,0
1532,-0.43991649313097614,-0.5851984004382496,0.7724030583165477,1,0,1,0,0,1,0,1,1,0,1,0,0,1
2890,-0.43991649313097614,-0.9924020376385531,1.0050422449280532,0,1,1,0,0,1,1,0,1,0,0,1,0,1
4644,-0.43991649313097614,-1.1960038562387048,-1.4875204687666492,1,0,1,0,0,1,0,1,1,0,1,0,0,1
2984,-0.43991649313097614,-1.2774445836787656,1.2376814315395588,1,0,0,1,0,1,0,1,1,0,0,0,1,1
1110,2.273158691738958,-1.2774445836787656,1.2044472620236295,1,0,1,0,0,1,1,0,1,0,1,0,0,1
1500,-0.43991649313097614,0.5549717837226001,0.8721055668643357,1,0,0,1,0,1,0,1,0,1,1,0,0,0
4937,-0.43991649313097614,-1.2774445836787656,-1.4875204687666492,0,1,1,0,0,1,0,1,0,1,1,0,0,1
5442,-0.43991649313097614,0.06632741908223598,-1.45428629925072,1,0,0,1,0,1,0,1,1,0,0,0,1,0
6932,-0.43991649313097614,0.5549717837226001,-0.2578561966772627,0,1,0,1,0,1,1,0,0,1,0,1,0,0
662,-0.43991649313097614,0.7178532386027215,0.5065297021891128,1,0,0,1,0,1,1,0,1,0,1,0,0,0
1626,-0.43991649313097614,1.1657772395230555,1.5700231266988525,0,1,1,0,0,1,1,0,0,1,1,0,0,1
2663,2.273158691738958,0.758573602322752,0.44006136315725397,1,0,1,0,0,1,1,0,1,0,1,0,0,1
699,-0.43991649313097614,1.4915401492832983,-0.15815368812947458,0,1,1,0,1,0,1,0,0,1,0,1,0,0
2872,2.273158691738958,1.369379058123207,-0.6234320613524857,1,0,1,0,1,0,0,1,0,1,1,0,0,0
1124,-0.43991649313097614,-0.7888002190384014,-1.4875204687666492,1,0,1,0,0,1,1,0,1,0,0,1,0,0
2566,-0.43991649313097614,-1.2367242199587352,-1.4875204687666492,0,1,1,0,0,1,0,1,1,0,0,0,1,0
2193,2.273158691738958,-0.4223169455581282,-0.025217010065757134,1,0,1,0,0,1,1,0,1,0,0,0,1,0
1875,-0.43991649313097614,-0.5444780367182193,0.7724030583165477,0,1,1,0,0,1,0,1,1,0,0,0,1,0
6422,-0.43991649313097614,0.18848851024232702,0.47329553267318336,0,1,1,0,0,1,1,0,1,0,0,0,1,0
362,2.273158691738958,1.125056875803025,1.1712130925077,1,0,1,0,0,1,1,0,0,1,0,0,1,0
4458,-0.43991649313097614,-0.9109613101984924,-1.0222420955436382,0,1,1,0,1,0,1,0,0,1,1,0,0,1
4586,-0.43991649313097614,-1.2774445836787656,-0.6234320613524857,0,1,1,0,0,1,0,1,0,1,1,0,0,1
54,2.273158691738958,1.6137012404433893,1.1047447534758412,0,1,1,0,0,1,0,1,0,1,1,0,0,0
12,-0.43991649313097614,0.06632741908223598,0.6394663802528302,0,1,0,1,0,1,1,0,1,0,0,0,1,0
6702,2.273158691738958,-1.1960038562387048,-0.9557737565117794,0,1,1,0,1,0,1,0,0,1,0,1,0,1
244,-0.43991649313097614,1.6137012404433893,0.6394663802528302,1,0,0,1,0,1,1,0,0,1,1,0,0,0
3495,-0.43991649313097614,-0.7073594915983407,0.008017159450172232,0,1,0,1,0,1,0,1,0,1,1,0,0,0
3118,-0.43991649313097614,1.6137012404433893,-1.4875204687666492,0,1,1,0,0,1,0,1,0,1,0,1,0,0
5861,2.273158691738958,1.4508197855632678,1.071510583959912,1,0,1,0,0,1,1,0,0,1,1,0,0,1
2930,-0.43991649313097614,0.5549717837226001,-0.3907928747409802,1,0,1,0,0,1,1,0,1,0,0,1,0,0
3315,-0.43991649313097614,-0.9924020376385531,0.3071246850935365,0,1,1,0,0,1,1,0,0,1,0,1,0,1
1873,-0.43991649313097614,1.1657772395230555,-0.15815368812947458,1,0,0,1,0,1,1,0,1,0,0,0,1,0
4471,-0.43991649313097614,-1.2774445836787656,-1.4875204687666492,1,0,1,0,0,1,1,0,1,0,1,0,0,1
2792,-0.43991649313097614,-0.1779947632379461,-0.3575587052250508,1,0,1,0,0,1,1,0,1,0,0,0,1,0
5175,-0.43991649313097614,0.758573602322752,0.5397638717050421,1,0,0,1,0,1,1,0,0,1,1,0,0,0
2911,2.273158691738958,1.6137012404433893,1.6697256352466405,1,0,1,0,0,1,0,1,1,0,0,0,1,0
6047,-0.43991649313097614,-0.5851984004382496,0.37359302412539525,0,1,1,0,0,1,1,0,0,1,1,0,0,0
3030,2.273158691738958,1.0843365120829946,-0.49049538328876824,0,1,1,0,1,0,0,1,1,0,0,1,0,0
6373,-0.43991649313097614,1.1657772395230555,-0.4572612137728389,1,0,0,1,1,0,1,0,1,0,0,0,1,0
3688,2.273158691738958,0.5142514200025698,-1.0222420955436382,1,0,1,0,1,0,1,0,0,1,0,1,0,0
65,-0.43991649313097614,-0.9924020376385531,0.17418800702981907,0,1,1,0,0,1,0,1,0,1,1,0,0,1
3862,-0.43991649313097614,-0.7888002190384014,0.5729980412209714,1,0,1,0,0,1,1,0,0,1,0,0,1,0
2551,-0.43991649313097614,0.18848851024232702,1.3041497705714176,0,1,1,0,0,1,1,0,1,0,0,0,1,0
1390,-0.43991649313097614,-0.5444780367182193,0.008017159450172232,0,1,1,0,0,1,0,1,0,1,1,0,0,0
4611,-0.43991649313097614,0.758573602322752,1.0050422449280532,0,1,1,0,0,1,0,1,0,1,0,1,0,1
5207,-0.43991649313097614,-0.5037576729981889,-1.4875204687666492,1,0,0,1,0,1,1,0,1,0,0,0,1,0
6400,2.273158691738958,-0.0965540357978854,0.3403588546094659,0,1,1,0,0,1,0,1,0,1,1,0,0,0
3531,-0.43991649313097614,1.0843365120829946,-0.4240270442569095,0,1,1,0,1,0,0,1,1,0,1,0,0,0
2371,-0.43991649313097614,-1.2774445836787656,-0.32432453570912145,1,0,1,0,0,1,0,1,0,1,0,0,1,0
812,-0.43991649313097614,-0.38159658183809786,0.5729980412209714,1,0,0,1,0,1,0,1,0,1,0,0,1,0
4871,-0.43991649313097614,-0.9516816739185228,0.3403588546094659,1,0,1,0,0,1,0,1,1,0,0,1,0,1
1310,-0.43991649313097614,-1.2774445836787656,-1.4875204687666492,0,1,1,0,0,1,0,1,0,1,1,0,0,1
4064,-0.43991649313097614,-0.38159658183809786,0.1409538375138897,1,0,1,0,0,1,0,1,0,1,1,0,0,0
2979,-0.43991649313097614,-0.5851984004382496,-1.4875204687666492,0,1,1,0,0,1,1,0,0,1,1,0,0,0
2912,-0.43991649313097614,1.0436161483629645,0.008017159450172232,1,0,1,0,0,1,1,0,0,1,1,0,0,0
2004,-0.43991649313097614,-0.7073594915983407,0.1409538375138897,0,1,1,0,0,1,1,0,0,1,0,0,1,0
4073,2.273158691738958,-1.2367242199587352,-0.49049538328876824,0,1,1,0,0,1,1,0,0,1,1,0,0,0
280,-0.43991649313097614,-0.055833672077855064,-1.45428629925072,1,0,0,1,0,1,1,0,1,0,1,0,0,0
5107,-0.43991649313097614,-0.5851984004382496,-0.5237295528046976,0,1,1,0,0,1,1,0,1,0,1,0,0,1
600,2.273158691738958,0.5549717837226001,1.5035547876669937,1,0,0,1,0,1,1,0,1,0,0,0,1,0
3719,-0.43991649313097614,-0.2594354906780068,0.6727005497687596,0,1,1,0,0,1,0,1,0,1,1,0,0,0
5512,-0.43991649313097614,-0.9516816739185228,0.7724030583165477,1,0,1,0,0,1,0,1,1,0,0,0,1,0
5293,-0.43991649313097614,1.5322605130033284,1.6364914657307112,1,0,1,0,0,1,1,0,1,0,0,1,0,0
4155,2.273158691738958,0.025607055362205634,0.5397638717050421,1,0,1,0,0,1,0,1,0,1,1,0,0,1
2045,-0.43991649313097614,-1.2774445836787656,-0.49049538328876824,0,1,1,0,0,1,1,0,1,0,0,1,0,0
1089,-0.43991649313097614,0.3106496014024181,1.0382764144439827,1,0,0,1,0,1,0,1,0,1,1,0,0,0
3777,-0.43991649313097614,-1.1552834925186746,-1.4875204687666492,0,1,0,1,0,1,1,0,1,0,0,1,0,0
3303,2.273158691738958,0.5549717837226001,1.0050422449280532,1,0,1,0,0,1,0,1,0,1,0,1,0,1
1017,-0.43991649313097614,-0.38159658183809786,-0.8228370784480619,0,1,0,1,1,0,0,1,1,0,0,0,1,0
6152,-0.43991649313097614,-0.015113308357824713,-1.4875204687666492,0,1,1,0,0,1,1,0,0,1,1,0,0,0
968,-0.43991649313097614,-0.9109613101984924,-1.45428629925072,1,0,1,0,0,1,1,0,1,0,1,0,0,0
2165,-0.43991649313097614,1.6137012404433893,0.6394663802528302,0,1,0,1,0,1,1,0,0,1,0,0,1,0
3257,-0.43991649313097614,-1.2774445836787656,-1.3545837907029317,0,1,0,1,1,0,1,0,1,0,0,1,0,0
3622,-0.43991649313097614,1.4915401492832983,-1.4875204687666492,1,0,0,1,0,1,1,0,1,0,1,0,0,0
105,-0.43991649313097614,-1.1960038562387048,-1.4875204687666492,1,0,1,0,0,1,0,1,0,1,0,0,1,0
1428,-0.43991649313097614,1.5729808767233588,-1.3213496211870024,1,0,1,0,0,1,1,0,0,1,1,0,0,0
1053,-0.43991649313097614,-0.6666391278783103,-0.49049538328876824,1,0,1,0,0,1,0,1,1,0,0,1,0,1
1324,-0.43991649313097614,-1.2774445836787656,0.17418800702981907,0,1,1,0,0,1,0,1,1,0,0,0,1,1
6356,-0.43991649313097614,-1.2367242199587352,0.5397638717050421,1,0,1,0,0,1,0,1,0,1,0,0,1,1
1620,-0.43991649313097614,1.6137012404433893,1.1047447534758412,1,0,1,0,0,1,0,1,1,0,0,0,1,0
5189,2.273158691738958,-0.7888002190384014,0.805637227832477,0,1,1,0,0,1,0,1,0,1,1,0,0,1
2977,-0.43991649313097614,-0.9516816739185228,-0.15815368812947458,1,0,1,0,0,1,0,1,1,0,1,0,0,0
1808,-0.43991649313097614,-1.1960038562387048,-1.4875204687666492,1,0,1,0,0,1,1,0,0,1,1,0,0,0
6989,-0.43991649313097614,1.125056875803025,-0.6899004003843444,1,0,1,0,1,0,0,1,1,0,1,0,0,0
4347,-0.43991649313097614,-1.2774445836787656,-1.5207546382825785,1,0,1,0,0,1,0,1,1,0,1,0,0,1
3354,-0.43991649313097614,-1.0738427650786138,-1.45428629925072,0,1,1,0,0,1,1,0,0,1,1,0,0,0
436,-0.43991649313097614,-1.2774445836787656,0.47329553267318336,0,1,1,0,0,1,1,0,1,0,1,0,0,1
596,-0.43991649313097614,1.6137012404433893,-1.288115451671073,1,0,1,0,0,1,0,1,1,0,1,0,0,0
3191,-0.43991649313097614,0.8400143297628127,0.9385739058961945,0,1,0,1,0,1,1,0,1,0,0,0,1,0
933,-0.43991649313097614,-1.1552834925186746,-0.32432453570912145,1,0,1,0,0,1,1,0,1,0,0,0,1,0
5330,-0.43991649313097614,-1.2367242199587352,-0.025217010065757134,0,1,1,0,0,1,1,0,1,0,1,0,0,0
2635,2.273158691738958,-0.21871512695797646,0.7059347192846889,0,1,1,0,0,1,1,0,0,1,1,0,0,0
2681,-0.43991649313097614,-1.1960038562387048,-0.9890079260277087,0,1,1,0,1,0,1,0,1,0,0,0,1,1
3516,-0.43991649313097614,1.4508197855632678,0.6394663802528302,1,0,0,1,0,1,1,0,1,0,1,0,0,0
4792,-0.43991649313097614,-0.2594354906780068,0.8388713973484064,0,1,1,0,0,1,1,0,1,0,1,0,0,1
4179,2.273158691738958,1.4100994218432374,-0.32432453570912145,1,0,1,0,0,1,1,0,1,0,0,0,1,0
2901,-0.43991649313097614,0.9214550572028734,-1.4875204687666492,0,1,0,1,0,1,1,0,0,1,1,0,0,0
3232,-0.43991649313097614,0.5549717837226001,1.4703206181510644,1,0,1,0,0,1,1,0,1,0,1,0,0,0
5236,-0.43991649313097614,-1.1552834925186746,-0.29109036619319206,0,1,1,0,0,1,0,1,0,1,1,0,0,0
6628,-0.43991649313097614,1.6137012404433893,0.0412513289661016,0,1,0,1,0,1,1,0,1,0,0,1,0,0
3486,-0.43991649313097614,1.5729808767233588,1.6697256352466405,1,0,1,0,0,1,0,1,0,1,1,0,0,0
2974,-0.43991649313097614,0.3920903288424788,1.3041497705714176,1,0,1,0,0,1,1,0,0,1,1,0,0,0
7038,-0.43991649313097614,-1.2774445836787656,-1.3213496211870024,1,0,1,0,1,0,1,0,1,0,0,0,1,1
2152,-0.43991649313097614,-1.1960038562387048,-0.8228370784480619,1,0,0,1,1,0,0,1,1,0,0,0,1,0
1818,-0.43991649313097614,-0.055833672077855064,-0.3575587052250508,0,1,0,1,0,1,0,1,0,1,0,0,1,0
4384,2.273158691738958,-0.7073594915983407,0.3071246850935365,0,1,1,0,0,1,0,1,1,0,0,1,0,1
5516,2.273158691738958,-0.13727439951791576,1.0382764144439827,0,1,1,0,0,1,1,0,1,0,0,0,1,1
3554,-0.43991649313097614,-1.2774445836787656,0.47329553267318336,1,0,1,0,0,1,0,1,1,0,0,0,1,0
6623,-0.43991649313097614,-0.5037576729981889,-1.4875204687666492,1,0,1,0,0,1,0,1,1,0,1,0,0,0
3528,-0.43991649313097614,-0.055833672077855064,-1.45428629925072,1,0,1,0,0,1,0,1,0,1,1,0,0,0
1453,-0.43991649313097614,0.3106496014024181,0.3403588546094659,1,0,1,0,0,1,1,0,1,0,1,0,0,0
6221,-0.43991649313097614,-0.46303730927815856,-0.9557737565117794,0,1,1,0,1,0,1,0,1,0,0,0,1,0
1984,2.273158691738958,1.0843365120829946,0.9718080754121239,1,0,1,0,0,1,0,1,1,0,0,1,0,0
3251,2.273158691738958,0.10704778280226633,1.0050422449280532,0,1,1,0,0,1,1,0,1,0,0,1,0,1
7000,-0.43991649313097614,-0.9924020376385531,-0.6899004003843444,1,0,1,0,0,1,1,0,1,0,1,0,0,0
5305,-0.43991649313097614,1.1657772395230555,1.6697256352466405,1,0,1,0,0,1,1,0,0,1,1,0,0,0
6092,-0.43991649313097614,0.8400143297628127,-1.288115451671073,0,1,0,1,0,1,0,1,0,1,1,0,0,0
1244,-0.43991649313097614,1.125056875803025,1.071510583959912,1,0,1,0,0,1,1,0,1,0,1,0,0,0
940,-0.43991649313097614,1.5322605130033284,-1.3545837907029317,0,1,1,0,0,1,1,0,1,0,1,0,0,0
6503,-0.43991649313097614,-0.7073594915983407,1.2376814315395588,1,0,1,0,0,1,1,0,1,0,1,0,0,0
4560,-0.43991649313097614,-1.2367242199587352,-0.5901978918365564,0,1,1,0,0,1,1,0,1,0,1,0,0,0
2467,-0.43991649313097614,-0.7888002190384014,0.2738905155776072,0,1,0,1,0,1,1,0,1,0,0,0,1,0
337,2.273158691738958,0.5142514200025698,1.071510583959912,1,0,1,0,0,1,0,1,0,1,0,0,1,0
2772,-0.43991649313097614,-0.9109613101984924,-1.3545837907029317,0,1,1,0,0,1,1,0,1,0,1,0,0,0
2871,-0.43991649313097614,1.6137012404433893,-1.45428629925072,0,1,1,0,0,1,0,1,0,1,0,0,1,0
4219,-0.43991649313097614,1.5729808767233588,0.44006136315725397,1,0,0,1,0,1,0,1,1,0,1,0,0,0
5603,-0.43991649313097614,-1.1960038562387048,-1.4875204687666492,1,0,1,0,0,1,1,0,1,0,0,0,1,0
2842,-0.43991649313097614,-1.2774445836787656,-1.5207546382825785,1,0,1,0,0,1,1,0,1,0,1,0,0,0
5126,-0.43991649313097614,0.9621754209229036,-1.3213496211870024,1,0,0,1,0,1,0,1,0,1,1,0,0,0
1321,-0.43991649313097614,0.3920903288424788,0.0412513289661016,1,0,1,0,0,1,1,0,0,1,0,1,0,0
2352,-0.43991649313097614,0.3920903288424788,-1.5207546382825785,0,1,0,1,0,1,1,0,1,0,0,0,1,0
6940,-0.43991649313097614,1.0436161483629645,-1.3545837907029317,1,0,0,1,0,1,1,0,0,1,0,1,0,0
2214,-0.43991649313097614,0.758573602322752,0.6394663802528302,0,1,0,1,0,1,0,1,1,0,0,0,1,0
1311,-0.43991649313097614,0.9621754209229036,-1.3213496211870024,0,1,0,1,0,1,0,1,0,1,1,0,0,0
307,-0.43991649313097614,0.5549717837226001,-1.5207546382825785,1,0,0,1,0,1,0,1,0,1,1,0,0,0
1214,-0.43991649313097614,1.5322605130033284,1.6364914657307112,0,1,1,0,0,1,1,0,1,0,0,0,1,0
5814,-0.43991649313097614,1.6137012404433893,1.7694281437944286,1,0,0,1,0,1,0,1,0,1,0,0,1,0
3888,-0.43991649313097614,-1.1145631287986442,0.17418800702981907,0,1,1,0,0,1,1,0,0,1,1,0,0,1
5218,2.273158691738958,0.06632741908223598,-0.025217010065757134,1,0,1,0,0,1,0,1,1,0,1,0,0,0
783,-0.43991649313097614,-0.5037576729981889,-0.6899004003843444,1,0,1,0,0,1,1,0,1,0,1,0,0,0
3786,-0.43991649313097614,0.9621754209229036,1.1712130925077,0,1,1,0,0,1,0,1,0,1,1,0,0,1
3734,-0.43991649313097614,0.3106496014024181,0.5397638717050421,0,1,1,0,0,1,1,0,1,0,0,0,1,0
4079,-0.43991649313097614,0.5956921474426305,-0.15815368812947458,1,0,0,1,1,0,1,0,1,0,0,1,0,0
4257,2.273158691738958,-0.3408762181180675,-1.0222420955436382,0,1,1,0,1,0,0,1,1,0,0,0,1,0
1710,-0.43991649313097614,-0.5444780367182193,-0.49049538328876824,1,0,0,1,0,1,0,1,1,0,0,0,1,0
4958,-0.43991649313097614,-1.2774445836787656,-1.45428629925072,0,1,0,1,0,1,1,0,1,0,1,0,0,0
1054,-0.43991649313097614,1.0843365120829946,0.0412513289661016,0,1,1,0,0,1,1,0,1,0,1,0,0,0
6488,-0.43991649313097614,1.2879383306831464,-1.3545837907029317,1,0,0,1,0,1,0,1,0,1,0,0,1,0
3274,-0.43991649313097614,-0.6666391278783103,-0.9557737565117794,1,0,0,1,1,0,1,0,0,1,1,0,0,0
4356,-0.43991649313097614,-1.2774445836787656,-1.4875204687666492,0,1,1,0,0,1,0,1,1,0,1,0,0,1
1031,-0.43991649313097614,0.14776814652229667,0.47329553267318336,0,1,1,0,0,1,1,0,0,1,1,0,0,0
116,2.273158691738958,0.7992939660427822,-0.49049538328876824,1,0,1,0,1,0,1,0,0,1,1,0,0,0
3438,2.273158691738958,-0.6666391278783103,1.0382764144439827,1,0,1,0,0,1,0,1,1,0,0,1,0,1
531,-0.43991649313097614,-1.2367242199587352,0.5065297021891128,1,0,1,0,0,1,1,0,1,0,0,0,1,0
3885,-0.43991649313097614,-0.5851984004382496,-1.4875204687666492,0,1,0,1,0,1,0,1,0,1,1,0,0,0
4893,2.273158691738958,1.4100994218432374,1.3373839400873468,0,1,1,0,0,1,0,1,0,1,1,0,0,0
53,-0.43991649313097614,1.6137012404433893,1.6364914657307112,1,0,1,0,0,1,0,1,1,0,1,0,0,0
874,-0.43991649313097614,-1.2774445836787656,0.20742217654574843,0,1,1,0,0,1,1,0,1,0,1,0,0,1
3750,2.273158691738958,-1.2774445836787656,0.17418800702981907,0,1,1,0,0,1,0,1,0,1,1,0,0,1
4916,-0.43991649313097614,0.758573602322752,-1.0222420955436382,1,0,0,1,1,0,1,0,1,0,1,0,0,0
4599,-0.43991649313097614,-0.9924020376385531,0.0412513289661016,0,1,1,0,0,1,0,1,1,0,1,0,0,0
2399,-0.43991649313097614,1.6137012404433893,0.17418800702981907,0,1,0,1,0,1,1,0,1,0,1,0,0,0
5553,-0.43991649313097614,-1.1145631287986442,0.3403588546094659,0,1,1,0,0,1,1,0,1,0,0,1,0,0
6777,2.273158691738958,0.025607055362205634,1.3373839400873468,1,0,0,1,0,1,1,0,1,0,0,0,1,0
5394,-0.43991649313097614,1.6137012404433893,0.8721055668643357,0,1,0,1,0,1,1,0,0,1,1,0,0,0
4290,-0.43991649313097614,-0.7888002190384014,-0.09168534909761586,0,1,0,1,0,1,1,0,1,0,0,0,1,0
7041,-0.43991649313097614,-0.8295205827584317,-1.45428629925072,0,1,0,1,0,1,1,0,1,0,1,0,0,0
3044,-0.43991649313097614,-0.5037576729981889,-0.19138785764540397,0,1,1,0,0,1,1,0,1,0,1,0,0,0
3022,-0.43991649313097614,-0.0965540357978854,0.9718080754121239,1,0,1,0,0,1,1,0,1,0,1,0,0,0
2806,-0.43991649313097614,-1.1145631287986442,0.6727005497687596,1,0,1,0,0,1,1,0,1,0,0,0,1,1
6474,-0.43991649313097614,-1.2774445836787656,-0.5237295528046976,0,1,0,1,0,1,1,0,0,1,1,0,0,1
2953,-0.43991649313097614,-0.9109613101984924,-1.288115451671073,1,0,0,1,0,1,1,0,1,0,1,0,0,0
3240,-0.43991649313097614,0.43281069256250915,0.6394663802528302,0,1,1,0,0,1,1,0,1,0,1,0,0,0
1922,2.273158691738958,-0.7073594915983407,0.805637227832477,1,0,1,0,0,1,0,1,1,0,0,0,1,0
4437,-0.43991649313097614,-1.0738427650786138,-1.4875204687666492,0,1,0,1,0,1,1,0,1,0,1,0,0,0
2178,2.273158691738958,-0.748079855318371,0.47329553267318336,1,0,1,0,0,1,0,1,0,1,0,0,1,0
6911,-0.43991649313097614,0.35136996512244845,-0.29109036619319206,0,1,1,0,0,1,0,1,0,1,0,0,1,0
6729,-0.43991649313097614,1.4915401492832983,0.6727005497687596,1,0,1,0,0,1,0,1,0,1,0,0,1,0
5197,-0.43991649313097614,-0.9109613101984924,1.0050422449280532,0,1,1,0,0,1,0,1,0,1,0,1,0,0
3137,-0.43991649313097614,0.6771328748826912,1.1047447534758412,1,0,0,1,0,1,1,0,0,1,1,0,0,0
5329,-0.43991649313097614,-0.5851984004382496,-1.4875204687666492,1,0,0,1,0,1,0,1,1,0,0,1,0,0
4070,-0.43991649313097614,-0.5851984004382496,-0.2578561966772627,0,1,1,0,0,1,1,0,0,1,0,0,1,0
4831,-0.43991649313097614,-0.9924020376385531,-0.49049538328876824,1,0,1,0,0,1,1,0,1,0,0,0,1,1
6046,-0.43991649313097614,-1.0738427650786138,-0.5237295528046976,1,0,1,0,0,1,1,0,1,0,0,1,0,0
6615,-0.43991649313097614,-1.2774445836787656,-1.5207546382825785,0,1,1,0,0,1,1,0,1,0,0,0,1,0
2745,-0.43991649313097614,-1.2367242199587352,0.5729980412209714,0,1,1,0,0,1,1,0,0,1,0,0,1,1
247,-0.43991649313097614,-0.9924020376385531,-0.025217010065757134,1,0,1,0,0,1,0,1,1,0,0,1,0,0
2812,2.273158691738958,-1.0738427650786138,0.6727005497687596,0,1,1,0,0,1,1,0,1,0,0,0,1,1
5693,-0.43991649313097614,-1.1552834925186746,-1.4875204687666492,0,1,0,1,0,1,1,0,1,0,1,0,0,0
3129,-0.43991649313097614,-0.9109613101984924,-0.3575587052250508,0,1,0,1,1,0,1,0,1,0,1,0,0,0
4402,2.273158691738958,1.4508197855632678,1.0382764144439827,0,1,1,0,0,1,0,1,0,1,1,0,0,0
3060,-0.43991649313097614,1.2064976032430856,1.3706181096032763,1,0,0,1,0,1,0,1,1,0,0,0,1,0
4002,-0.43991649313097614,-1.1145631287986442,0.5397638717050421,1,0,0,1,0,1,0,1,0,1,0,0,1,0
2817,-0.43991649313097614,-1.2774445836787656,-0.3575587052250508,1,0,1,0,0,1,0,1,0,1,0,0,1,0
1330,-0.43991649313097614,1.6137012404433893,0.5397638717050421,1,0,0,1,0,1,1,0,1,0,0,0,1,0
3252,-0.43991649313097614,1.6137012404433893,-1.4875204687666492,1,0,1,0,0,1,0,1,0,1,1,0,0,0
2195,-0.43991649313097614,-0.21871512695797646,-0.32432453570912145,0,1,0,1,0,1,1,0,0,1,1,0,0,0
4577,-0.43991649313097614,1.5322605130033284,0.47329553267318336,0,1,0,1,0,1,1,0,1,0,1,0,0,0
3621,-0.43991649313097614,-1.2367242199587352,0.37359302412539525,1,0,1,0,0,1,1,0,1,0,1,0,0,1
5133,2.273158691738958,1.5729808767233588,1.1712130925077,1,0,1,0,0,1,0,1,1,0,0,1,0,0
3097,-0.43991649313097614,1.6137012404433893,1.7361939742784993,0,1,1,0,0,1,1,0,1,0,0,0,1,0
6284,-0.43991649313097614,-1.1145631287986442,-0.025217010065757134,0,1,1,0,0,1,1,0,0,1,1,0,0,0
1254,-0.43991649313097614,1.4508197855632678,-1.3213496211870024,0,1,0,1,0,1,1,0,0,1,1,0,0,0
5993,-0.43991649313097614,1.3286586944031769,-1.4875204687666492,0,1,1,0,0,1,0,1,1,0,0,1,0,0
25,-0.43991649313097614,0.35136996512244845,1.3041497705714176,1,0,1,0,0,1,1,0,1,0,1,0,0,0
6457,-0.43991649313097614,1.5729808767233588,0.6062322107369008,0,1,1,0,0,1,1,0,0,1,0,0,1,0
5831,2.273158691738958,0.025607055362205634,1.2044472620236295,0,1,1,0,0,1,0,1,1,0,0,1,0,0
6498,-0.43991649313097614,0.3920903288424788,1.1379789229917707,1,0,1,0,0,1,0,1,0,1,1,0,0,0
4788,2.273158691738958,-1.0331224013585834,1.1379789229917707,0,1,1,0,0,1,1,0,1,0,1,0,0,1
6521,-0.43991649313097614,0.5549717837226001,1.0382764144439827,1,0,1,0,0,1,1,0,0,1,1,0,0,1
1880,-0.43991649313097614,0.8400143297628127,0.3071246850935365,1,0,1,0,0,1,1,0,0,1,1,0,0,0
761,2.273158691738958,1.369379058123207,0.47329553267318336,0,1,0,1,0,1,1,0,1,0,1,0,0,1
87,-0.43991649313097614,0.7992939660427822,1.3373839400873468,0,1,1,0,0,1,1,0,1,0,0,1,0,1
173,-0.43991649313097614,0.5142514200025698,-1.288115451671073,1,0,0,1,0,1,1,0,1,0,0,0,1,0
5350,-0.43991649313097614,-1.0331224013585834,-1.3545837907029317,0,1,1,0,0,1,0,1,0,1,0,0,1,0
415,2.273158691738958,0.5142514200025698,0.7059347192846889,1,0,1,0,0,1,1,0,0,1,1,0,0,0
146,-0.43991649313097614,-1.0738427650786138,-1.4875204687666492,0,1,0,1,0,1,0,1,0,1,0,0,1,0
3780,-0.43991649313097614,0.758573602322752,0.7059347192846889,0,1,1,0,0,1,0,1,1,0,0,0,1,0
448,-0.43991649313097614,-1.0331224013585834,-0.49049538328876824,0,1,0,1,0,1,0,1,1,0,0,0,1,1
1394,-0.43991649313097614,0.9621754209229036,-0.6566662308684151,1,0,1,0,1,0,1,0,1,0,1,0,0,0
1607,-0.43991649313097614,-1.1552834925186746,-0.32432453570912145,0,1,1,0,0,1,1,0,0,1,0,0,1,0
4584,-0.43991649313097614,1.1657772395230555,-0.49049538328876824,1,0,0,1,0,1,0,1,1,0,0,0,1,0
835,-0.43991649313097614,-0.7888002190384014,-1.0887104345754968,1,0,1,0,1,0,1,0,0,1,1,0,0,0
3924,2.273158691738958,-1.1552834925186746,0.9718080754121239,1,0,1,0,0,1,1,0,0,1,1,0,0,1
3637,-0.43991649313097614,-0.4223169455581282,0.805637227832477,1,0,1,0,0,1,1,0,1,0,1,0,0,1
76,-0.43991649313097614,-0.8295205827584317,-0.9557737565117794,0,1,0,1,1,0,0,1,0,1,0,1,0,0
964,2.273158691738958,-0.9924020376385531,1.1712130925077,0,1,1,0,0,1,0,1,1,0,0,0,1,1
3042,-0.43991649313097614,0.5142514200025698,0.5397638717050421,1,0,0,1,0,1,1,0,1,0,1,0,0,0
1677,-0.43991649313097614,-1.1552834925186746,1.2044472620236295,0,1,0,1,0,1,0,1,0,1,1,0,0,1
5963,-0.43991649313097614,1.1657772395230555,0.9718080754121239,0,1,1,0,0,1,1,0,0,1,1,0,0,0
285,-0.43991649313097614,0.26992923768238775,0.5065297021891128,1,0,1,0,0,1,1,0,0,1,1,0,0,1
3709,-0.43991649313097614,-0.748079855318371,-1.4875204687666492,1,0,1,0,0,1,1,0,1,0,0,0,1,0
1507,-0.43991649313097614,-0.5444780367182193,1.270915601055488,0,1,0,1,0,1,1,0,1,0,0,0,1,1
2786,-0.43991649313097614,1.4915401492832983,-0.025217010065757134,1,0,0,1,0,1,0,1,0,1,0,0,1,0
4484,-0.43991649313097614,-1.1145631287986442,-0.29109036619319206,0,1,1,0,0,1,0,1,1,0,0,0,1,0
1473,-0.43991649313097614,-1.0331224013585834,-0.9557737565117794,0,1,1,0,1,0,0,1,0,1,1,0,0,0
3454,-0.43991649313097614,-0.7888002190384014,0.6394663802528302,0,1,0,1,0,1,0,1,0,1,0,1,0,1
6026,2.273158691738958,-0.5037576729981889,0.5397638717050421,1,0,1,0,0,1,1,0,1,0,1,0,0,0
4120,2.273158691738958,0.10704778280226633,1.1379789229917707,0,1,1,0,0,1,1,0,1,0,0,1,0,1
6737,2.273158691738958,1.002895784642934,0.8388713973484064,0,1,1,0,0,1,1,0,1,0,0,0,1,0
2323,-0.43991649313097614,-1.0331224013585834,0.805637227832477,0,1,1,0,0,1,1,0,1,0,0,0,1,1
4157,-0.43991649313097614,-1.1145631287986442,-1.4875204687666492,0,1,0,1,0,1,1,0,1,0,1,0,0,0
6190,-0.43991649313097614,0.6364125111626608,1.437086448635135,0,1,1,0,0,1,0,1,1,0,0,0,1,0
4061,-0.43991649313097614,-1.2774445836787656,0.7059347192846889,1,0,1,0,0,1,0,1,1,0,0,0,1,1
1600,-0.43991649313097614,0.6771328748826912,1.2044472620236295,1,0,1,0,0,1,1,0,1,0,0,0,1,0
5140,2.273158691738958,-0.748079855318371,1.3373839400873468,1,0,1,0,0,1,0,1,1,0,0,0,1,1
5798,2.273158691738958,0.5142514200025698,0.9718080754121239,0,1,1,0,0,1,0,1,0,1,1,0,0,0
7025,-0.43991649313097614,-0.62591876415828,0.008017159450172232,0,1,1,0,0,1,0,1,0,1,1,0,0,0
474,-0.43991649313097614,1.6137012404433893,-1.288115451671073,1,0,1,0,0,1,1,0,1,0,1,0,0,0
5036,-0.43991649313097614,-0.4223169455581282,-0.22462202716133334,0,1,0,1,0,1,1,0,0,1,1,0,0,0
3010,-0.43991649313097614,0.47353105628253944,1.2044472620236295,0,1,1,0,0,1,0,1,1,0,1,0,0,1
898,-0.43991649313097614,1.125056875803025,-0.15815368812947458,1,0,1,0,0,1,0,1,0,1,0,0,1,0
4077,-0.43991649313097614,-0.3408762181180675,0.6394663802528302,1,0,1,0,0,1,0,1,0,1,0,0,1,0
3119,2.273158691738958,0.3920903288424788,1.0382764144439827,1,0,1,0,0,1,1,0,1,0,0,1,0,0
6379,-0.43991649313097614,-0.0965540357978854,-0.025217010065757134,1,0,0,1,0,1,1,0,0,1,1,0,0,0
6480,-0.43991649313097614,0.758573602322752,-1.3213496211870024,1,0,1,0,0,1,1,0,1,0,1,0,0,0
357,-0.43991649313097614,0.880734693482843,1.4038522791192056,1,0,1,0,0,1,0,1,1,0,1,0,0,1
4113,-0.43991649313097614,-0.8702409464784621,0.008017159450172232,0,1,0,1,0,1,0,1,0,1,1,0,0,0
905,-0.43991649313097614,0.8400143297628127,0.47329553267318336,0,1,0,1,0,1,1,0,1,0,0,0,1,0
4618,-0.43991649313097614,0.6364125111626608,-0.9890079260277087,1,0,1,0,1,0,1,0,1,0,1,0,0,1
195,2.273158691738958,1.0843365120829946,1.1712130925077,1,0,1,0,0,1,1,0,1,0,0,0,1,0
6878,-0.43991649313097614,1.0843365120829946,1.1712130925077,0,1,0,1,0,1,1,0,0,1,1,0,0,0
3579,-0.43991649313097614,1.2879383306831464,-1.3545837907029317,1,0,1,0,0,1,1,0,1,0,1,0,0,0
5732,-0.43991649313097614,1.1657772395230555,1.0382764144439827,0,1,1,0,0,1,1,0,1,0,1,0,0,0
3806,-0.43991649313097614,0.880734693482843,1.0050422449280532,1,0,1,0,0,1,1,0,0,1,1,0,0,0
237,-0.43991649313097614,-1.0331224013585834,0.3403588546094659,1,0,1,0,0,1,1,0,1,0,0,0,1,1
3566,-0.43991649313097614,-1.2774445836787656,0.37359302412539525,1,0,1,0,0,1,1,0,1,0,1,0,0,1
2333,-0.43991649313097614,0.5956921474426305,0.6727005497687596,1,0,0,1,0,1,1,0,1,0,0,1,0,0
6402,-0.43991649313097614,-0.4223169455581282,-0.5237295528046976,1,0,0,1,1,0,1,0,1,0,1,0,0,0
4830,-0.43991649313097614,1.6137012404433893,-1.3213496211870024,0,1,1,0,0,1,1,0,1,0,1,0,0,0
6407,-0.43991649313097614,-0.748079855318371,0.17418800702981907,1,0,1,0,0,1,1,0,1,0,1,0,0,0
2521,2.273158691738958,-0.9924020376385531,0.3071246850935365,0,1,1,0,0,1,1,0,1,0,0,0,1,1
3231,-0.43991649313097614,-0.9109613101984924,1.0050422449280532,1,0,1,0,0,1,1,0,1,0,0,0,1,1
6322,-0.43991649313097614,-0.8295205827584317,1.1712130925077,1,0,1,0,0,1,1,0,1,0,1,0,0,1
2058,2.273158691738958,0.47353105628253944,0.3403588546094659,1,0,1,0,0,1,0,1,1,0,1,0,0,0
735,-0.43991649313097614,-1.2774445836787656,-1.4875204687666492,1,0,1,0,0,1,0,1,0,1,1,0,0,0
2462,-0.43991649313097614,0.9621754209229036,0.7059347192846889,0,1,0,1,0,1,1,0,1,0,0,1,0,0
3490,-0.43991649313097614,0.025607055362205634,-1.3545837907029317,1,0,0,1,0,1,0,1,1,0,0,1,0,1
939,-0.43991649313097614,-0.5444780367182193,-0.32432453570912145,0,1,1,0,0,1,0,1,0,1,0,1,0,1
1388,-0.43991649313097614,-1.2774445836787656,0.17418800702981907,1,0,0,1,0,1,0,1,1,0,0,0,1,1
508,-0.43991649313097614,0.22920887396235737,1.3373839400873468,1,0,1,0,0,1,1,0,0,1,1,0,0,1
6147,2.273158691738958,-1.2367242199587352,-0.32432453570912145,1,0,1,0,0,1,1,0,0,1,1,0,0,1
2578,-0.43991649313097614,0.5956921474426305,1.2044472620236295,0,1,1,0,0,1,0,1,0,1,1,0,0,0
7039,-0.43991649313097614,-1.2774445836787656,1.0050422449280532,0,1,1,0,0,1,0,1,1,0,0,1,0,1
5017,-0.43991649313097614,-1.1960038562387048,0.3071246850935365,0,1,1,0,0,1,1,0,1,0,1,0,0,0
6871,2.273158691738958,1.4100994218432374,1.3373839400873468,1,0,1,0,0,1,0,1,0,1,1,0,0,0
6577,-0.43991649313097614,-1.0738427650786138,0.6062322107369008,0,1,1,0,0,1,1,0,1,0,1,0,0,1
1917,-0.43991649313097614,1.5322605130033284,1.1379789229917707,0,1,1,0,0,1,0,1,0,1,1,0,0,0
6219,-0.43991649313097614,1.369379058123207,0.9053397363802651,0,1,1,0,0,1,1,0,1,0,0,1,0,0
5252,-0.43991649313097614,-0.055833672077855064,-0.9890079260277087,0,1,0,1,1,0,1,0,0,1,1,0,0,1
3928,-0.43991649313097614,0.9214550572028734,-1.5207546382825785,1,0,0,1,0,1,1,0,1,0,1,0,0,0
1015,2.273158691738958,-0.9516816739185228,0.6727005497687596,0,1,1,0,0,1,1,0,1,0,1,0,0,1
2736,2.273158691738958,0.22920887396235737,0.5065297021891128,0,1,0,1,0,1,0,1,0,1,1,0,0,0
4595,-0.43991649313097614,1.247217966963116,-1.4875204687666492,0,1,1,0,0,1,1,0,0,1,1,0,0,0
2440,-0.43991649313097614,-1.1960038562387048,-1.4875204687666492,0,1,1,0,0,1,1,0,1,0,0,1,0,1
4923,-0.43991649313097614,-1.2774445836787656,-1.4875204687666492,0,1,1,0,0,1,0,1,1,0,1,0,0,0
1288,-0.43991649313097614,1.369379058123207,-1.5207546382825785,0,1,1,0,0,1,0,1,0,1,1,0,0,0
869,-0.43991649313097614,0.6364125111626608,-1.45428629925072,1,0,0,1,0,1,0,1,0,1,0,1,0,0
6849,-0.43991649313097614,-1.2774445836787656,0.6727005497687596,0,1,1,0,0,1,1,0,1,0,1,0,0,1
5276,-0.43991649313097614,-0.8702409464784621,-0.6566662308684151,1,0,1,0,0,1,0,1,1,0,1,0,0,0
6762,-0.43991649313097614,-0.3408762181180675,-0.4572612137728389,0,1,1,0,0,1,1,0,1,0,1,0,0,0
550,-0.43991649313097614,-1.1960038562387048,0.1409538375138897,1,0,0,1,0,1,1,0,1,0,1,0,0,0
1347,-0.43991649313097614,1.2879383306831464,1.3041497705714176,0,1,1,0,0,1,0,1,0,1,1,0,0,0
1954,-0.43991649313097614,-1.1552834925186746,-1.5207546382825785,0,1,0,1,0,1,1,0,0,1,1,0,0,0
2952,2.273158691738958,-1.1145631287986442,-0.6234320613524857,1,0,1,0,1,0,1,0,1,0,0,1,0,1
4337,2.273158691738958,0.025607055362205634,-0.32432453570912145,0,1,1,0,1,0,0,1,0,1,0,0,1,0
3386,-0.43991649313097614,-1.1552834925186746,0.6727005497687596,0,1,0,1,0,1,0,1,0,1,1,0,0,1
6217,-0.43991649313097614,1.4100994218432374,-0.15815368812947458,1,0,0,1,1,0,0,1,1,0,0,0,1,0
3912,-0.43991649313097614,0.14776814652229667,1.0050422449280532,0,1,1,0,0,1,1,0,1,0,1,0,0,0
2009,-0.43991649313097614,0.5549717837226001,-1.4875204687666492,0,1,1,0,0,1,0,1,0,1,1,0,0,0
764,-0.43991649313097614,-0.5444780367182193,1.4038522791192056,1,0,1,0,0,1,0,1,1,0,0,0,1,1
5048,-0.43991649313097614,-0.8702409464784621,-0.025217010065757134,1,0,1,0,0,1,0,1,0,1,1,0,0,0
6170,-0.43991649313097614,-1.2774445836787656,0.5397638717050421,0,1,1,0,0,1,1,0,1,0,1,0,0,1
4172,2.273158691738958,1.5322605130033284,-0.6566662308684151,0,1,1,0,1,0,1,0,1,0,1,0,0,1
4965,-0.43991649313097614,1.5729808767233588,-1.4875204687666492,1,0,0,1,0,1,0,1,0,1,1,0,0,0
6774,-0.43991649313097614,-1.1960038562387048,0.5065297021891128,1,0,1,0,0,1,0,1,0,1,1,0,0,0
5797,-0.43991649313097614,-0.2594354906780068,-0.6566662308684151,0,1,1,0,0,1,1,0,1,0,0,0,1,0
1530,-0.43991649313097614,1.6137012404433893,0.7391688888006183,1,0,1,0,0,1,1,0,1,0,0,0,1,0
5312,-0.43991649313097614,-0.46303730927815856,-1.288115451671073,0,1,0,1,1,0,1,0,1,0,1,0,0,0
4605,-0.43991649313097614,-1.0738427650786138,0.6394663802528302,1,0,1,0,0,1,1,0,0,1,1,0,0,1
5548,-0.43991649313097614,1.4508197855632678,0.9053397363802651,0,1,0,1,0,1,1,0,0,1,1,0,0,0
404,-0.43991649313097614,-1.1960038562387048,-1.4875204687666492,1,0,1,0,0,1,1,0,1,0,0,1,0,0
3380,-0.43991649313097614,1.4915401492832983,1.0050422449280532,0,1,0,1,0,1,1,0,1,0,1,0,0,0
6369,-0.43991649313097614,0.14776814652229667,0.008017159450172232,0,1,1,0,0,1,0,1,0,1,1,0,0,1
6560,-0.43991649313097614,0.5549717837226001,-1.5207546382825785,1,0,0,1,0,1,1,0,0,1,1,0,0,0
5588,2.273158691738958,-0.0965540357978854,-0.8228370784480619,1,0,1,0,1,0,1,0,0,1,0,1,0,1
2782,-0.43991649313097614,-0.3408762181180675,1.1379789229917707,1,0,1,0,0,1,1,0,1,0,1,0,0,1
860,-0.43991649313097614,-1.2367242199587352,0.8388713973484064,1,0,1,0,0,1,1,0,1,0,0,0,1,1
2452,-0.43991649313097614,1.2879383306831464,0.1409538375138897,0,1,0,1,0,1,0,1,0,1,0,1,0,0
5824,2.273158691738958,-1.1552834925186746,-1.4875204687666492,1,0,1,0,0,1,1,0,1,0,1,0,0,0
2869,-0.43991649313097614,1.4100994218432374,-1.3213496211870024,0,1,0,1,0,1,1,0,0,1,1,0,0,0
4405,-0.43991649313097614,1.2879383306831464,-1.3213496211870024,1,0,1,0,0,1,1,0,0,1,1,0,0,0
5415,-0.43991649313097614,-0.30015585439803716,-1.4875204687666492,0,1,1,0,0,1,0,1,0,1,0,1,0,0
4376,-0.43991649313097614,-0.5851984004382496,0.8388713973484064,0,1,1,0,0,1,0,1,0,1,0,1,0,0
5982,-0.43991649313097614,0.35136996512244845,0.3403588546094659,1,0,0,1,0,1,1,0,1,0,0,0,1,0
2664,-0.43991649313097614,-0.9924020376385531,-1.45428629925072,1,0,1,0,0,1,0,1,0,1,0,1,0,0
2752,-0.43991649313097614,0.8400143297628127,-1.4875204687666492,0,1,0,1,0,1,1,0,1,0,1,0,0,0
1671,-0.43991649313097614,-0.9924020376385531,0.3071246850935365,1,0,1,0,0,1,1,0,1,0,1,0,0,0
346,-0.43991649313097614,1.5729808767233588,1.6032572962147817,0,1,1,0,0,1,0,1,0,1,1,0,0,0
4176,-0.43991649313097614,0.35136996512244845,0.008017159450172232,0,1,1,0,0,1,1,0,1,0,0,1,0,0
6745,-0.43991649313097614,-1.0331224013585834,-0.8560712479639913,0,1,0,1,1,0,0,1,0,1,0,1,0,0
1983,-0.43991649313097614,0.758573602322752,0.7724030583165477,1,0,1,0,0,1,1,0,1,0,1,0,0,0
1264,-0.43991649313097614,-0.38159658183809786,-1.4875204687666492,0,1,0,1,0,1,0,1,0,1,1,0,0,0
2526,-0.43991649313097614,-0.46303730927815856,-0.6899004003843444,0,1,1,0,1,0,0,1,0,1,0,0,1,0
2821,-0.43991649313097614,-0.1779947632379461,-0.025217010065757134,0,1,0,1,0,1,0,1,1,0,0,1,0,0
369,-0.43991649313097614,-1.2774445836787656,-1.4875204687666492,1,0,1,0,0,1,0,1,0,1,0,1,0,1
2457,-0.43991649313097614,0.758573602322752,-1.288115451671073,1,0,1,0,0,1,0,1,1,0,0,0,1,0
378,2.273158691738958,1.6137012404433893,1.5035547876669937,0,1,1,0,0,1,0,1,0,1,1,0,0,0
4386,-0.43991649313097614,-0.9516816739185228,-1.4875204687666492,1,0,0,1,0,1,1,0,1,0,0,1,0,0
1525,-0.43991649313097614,0.3106496014024181,1.5035547876669937,0,1,0,1,0,1,0,1,0,1,1,0,0,0
6533,2.273158691738958,-0.748079855318371,0.47329553267318336,1,0,1,0,0,1,1,0,1,0,0,1,0,1
1656,-0.43991649313097614,-1.0331224013585834,0.3403588546094659,0,1,1,0,0,1,1,0,1,0,1,0,0,0
5513,-0.43991649313097614,-1.1960038562387048,-0.32432453570912145,0,1,0,1,0,1,0,1,1,0,1,0,0,1
6931,-0.43991649313097614,1.369379058123207,-1.3213496211870024,1,0,1,0,0,1,0,1,0,1,1,0,0,0
148,-0.43991649313097614,-0.38159658183809786,1.071510583959912,0,1,1,0,0,1,1,0,1,0,1,0,0,0
5928,2.273158691738958,0.880734693482843,0.5729980412209714,1,0,1,0,0,1,0,1,1,0,0,0,1,1
5578,-0.43991649313097614,1.3286586944031769,1.4703206181510644,1,0,0,1,0,1,1,0,1,0,0,1,0,0
1179,-0.43991649313097614,1.0436161483629645,-0.15815368812947458,1,0,0,1,1,0,1,0,0,1,1,0,0,0
4054,-0.43991649313097614,1.1657772395230555,1.3706181096032763,1,0,1,0,0,1,0,1,1,0,1,0,0,0
6292,-0.43991649313097614,-0.3408762181180675,0.6727005497687596,0,1,1,0,0,1,0,1,1,0,0,1,0,0
3596,-0.43991649313097614,-0.0965540357978854,-1.45428629925072,0,1,0,1,0,1,1,0,0,1,1,0,0,0
736,2.273158691738958,1.247217966963116,1.3041497705714176,1,0,1,0,0,1,1,0,1,0,1,0,0,0
3440,-0.43991649313097614,-0.0965540357978854,1.3706181096032763,1,0,1,0,0,1,0,1,0,1,0,0,1,0
347,-0.43991649313097614,-1.2774445836787656,-0.9890079260277087,1,0,1,0,1,0,1,0,0,1,1,0,0,0
2651,-0.43991649313097614,0.7178532386027215,-1.4875204687666492,1,0,0,1,0,1,0,1,0,1,1,0,0,0
227,-0.43991649313097614,-0.1779947632379461,-1.4875204687666492,0,1,0,1,0,1,1,0,1,0,0,1,0,0
467,2.273158691738958,1.2879383306831464,0.9718080754121239,0,1,1,0,0,1,0,1,0,1,0,0,1,0
6141,-0.43991649313097614,1.4100994218432374,-1.4875204687666492,1,0,1,0,0,1,1,0,1,0,1,0,0,0
747,-0.43991649313097614,-0.62591876415828,1.3041497705714176,1,0,0,1,0,1,0,1,0,1,0,0,1,1
6782,-0.43991649313097614,-1.0331224013585834,-1.3213496211870024,0,1,1,0,0,1,1,0,0,1,1,0,0,0
3508,-0.43991649313097614,-1.2774445836787656,-1.45428629925072,1,0,1,0,0,1,1,0,1,0,1,0,0,0
5608,-0.43991649313097614,1.369379058123207,-0.22462202716133334,1,0,0,1,0,1,1,0,1,0,1,0,0,0
6806,-0.43991649313097614,-1.2774445836787656,-1.4875204687666492,0,1,1,0,0,1,0,1,0,1,0,1,0,1
1393,-0.43991649313097614,-1.1145631287986442,0.805637227832477,0,1,1,0,0,1,1,0,1,0,0,1,0,0
6155,-0.43991649313097614,0.35136996512244845,1.6364914657307112,1,0,1,0,0,1,0,1,0,1,0,0,1,1
1569,-0.43991649313097614,-1.2774445836787656,0.20742217654574843,0,1,0,1,0,1,0,1,0,1,1,0,0,1
6926,-0.43991649313097614,-0.8295205827584317,-1.4875204687666492,1,0,1,0,0,1,1,0,1,0,0,1,0,0
1621,2.273158691738958,-0.748079855318371,-0.8228370784480619,1,0,1,0,1,0,1,0,1,0,1,0,0,0
6971,-0.43991649313097614,0.10704778280226633,-1.4875204687666492,1,0,0,1,0,1,0,1,0,1,1,0,0,0
5641,-0.43991649313097614,-1.1960038562387048,-1.1551787736073555,1,0,0,1,1,0,1,0,0,1,1,0,0,1
145,-0.43991649313097614,0.880734693482843,-1.4875204687666492,1,0,1,0,0,1,0,1,1,0,0,0,1,0
5747,-0.43991649313097614,1.0436161483629645,0.5729980412209714,0,1,0,1,0,1,0,1,0,1,1,0,0,0
3850,-0.43991649313097614,-0.748079855318371,-0.12491951861354524,0,1,0,1,0,1,0,1,0,1,0,0,1,0
5720,-0.43991649313097614,-0.0965540357978854,1.071510583959912,0,1,1,0,0,1,1,0,1,0,0,0,1,0
5813,-0.43991649313097614,0.06632741908223598,1.7029598047625698,1,0,0,1,0,1,1,0,0,1,1,0,0,0
6532,-0.43991649313097614,-1.2774445836787656,-1.4875204687666492,1,0,1,0,0,1,1,0,1,0,1,0,0,0
6635,-0.43991649313097614,-0.2594354906780068,-1.4875204687666492,0,1,0,1,0,1,0,1,0,1,1,0,0,0
3583,-0.43991649313097614,-0.9516816739185228,0.1409538375138897,1,0,0,1,0,1,1,0,0,1,1,0,0,0
3648,-0.43991649313097614,-0.9516816739185228,0.6727005497687596,1,0,1,0,0,1,1,0,0,1,1,0,0,0
264,-0.43991649313097614,0.18848851024232702,1.1712130925077,1,0,1,0,0,1,1,0,1,0,0,0,1,0
6619,-0.43991649313097614,1.369379058123207,1.0050422449280532,0,1,1,0,0,1,0,1,0,1,1,0,0,0
4859,-0.43991649313097614,1.0436161483629645,-0.49049538328876824,0,1,0,1,1,0,1,0,1,0,0,1,0,0
4156,2.273158691738958,-0.015113308357824713,0.6727005497687596,0,1,1,0,0,1,0,1,0,1,0,0,1,1
4193,-0.43991649313097614,-0.3408762181180675,-0.3575587052250508,1,0,1,0,1,0,1,0,1,0,0,1,0,1
5304,-0.43991649313097614,-0.5444780367182193,0.805637227832477,0,1,1,0,0,1,1,0,1,0,1,0,0,0
1004,-0.43991649313097614,-0.7888002190384014,-1.4875204687666492,0,1,1,0,0,1,1,0,1,0,0,0,1,0
1404,-0.43991649313097614,1.4915401492832983,1.6032572962147817,1,0,0,1,0,1,1,0,1,0,1,0,0,0
4553,2.273158691738958,-1.2367242199587352,-0.6899004003843444,1,0,1,0,0,1,1,0,1,0,1,0,0,0
3332,-0.43991649313097614,-0.13727439951791576,-1.3213496211870024,1,0,1,0,0,1,1,0,1,0,0,0,1,0
2337,-0.43991649313097614,-1.2774445836787656,0.37359302412539525,1,0,1,0,0,1,1,0,0,1,1,0,0,1
2928,-0.43991649313097614,-0.9924020376385531,1.2044472620236295,0,1,1,0,0,1,1,0,0,1,1,0,0,1
211,-0.43991649313097614,1.369379058123207,-1.3213496211870024,0,1,0,1,0,1,1,0,1,0,1,0,0,0
3368,-0.43991649313097614,-1.0331224013585834,-0.12491951861354524,1,0,1,0,0,1,0,1,1,0,0,0,1,0
1674,-0.43991649313097614,0.880734693482843,-1.1551787736073555,0,1,1,0,1,0,0,1,0,1,1,0,0,0
4286,2.273158691738958,0.9214550572028734,1.1712130925077,1,0,1,0,0,1,0,1,1,0,0,0,1,1
1996,-0.43991649313097614,-0.6666391278783103,-1.4875204687666492,0,1,1,0,0,1,1,0,0,1,1,0,0,1
3978,2.273158691738958,-0.38159658183809786,0.47329553267318336,1,0,1,0,0,1,1,0,0,1,0,0,1,0
3236,-0.43991649313097614,-0.46303730927815856,0.47329553267318336,1,0,1,0,0,1,1,0,1,0,0,1,0,0
4149,-0.43991649313097614,-1.2367242199587352,-0.09168534909761586,0,1,1,0,0,1,1,0,1,0,1,0,0,1
676,-0.43991649313097614,-0.2594354906780068,1.3373839400873468,1,0,0,1,0,1,0,1,0,1,0,0,1,0
839,-0.43991649313097614,0.6364125111626608,-1.3545837907029317,0,1,0,1,0,1,1,0,1,0,1,0,0,0
5753,2.273158691738958,0.758573602322752,0.6394663802528302,0,1,0,1,0,1,0,1,1,0,0,0,1,1
2973,-0.43991649313097614,-0.3408762181180675,0.9385739058961945,0,1,1,0,0,1,1,0,1,0,0,0,1,0
5287,-0.43991649313097614,-0.5851984004382496,-0.49049538328876824,1,0,1,0,0,1,1,0,0,1,1,0,0,0
5336,-0.43991649313097614,-0.8295205827584317,-1.4875204687666492,0,1,1,0,0,1,1,0,0,1,0,1,0,0
6207,-0.43991649313097614,1.6137012404433893,-1.4875204687666492,0,1,0,1,0,1,0,1,0,1,1,0,0,0
5421,-0.43991649313097614,-0.62591876415828,0.5065297021891128,0,1,1,0,0,1,0,1,0,1,0,0,1,0
1005,-0.43991649313097614,-1.2367242199587352,-1.5207546382825785,1,0,1,0,0,1,1,0,1,0,1,0,0,0
5676,-0.43991649313097614,0.9214550572028734,-0.32432453570912145,0,1,1,0,1,0,1,0,0,1,1,0,0,1
5187,-0.43991649313097614,0.3920903288424788,-0.49049538328876824,1,0,1,0,0,1,1,0,1,0,1,0,0,0
3393,-0.43991649313097614,0.18848851024232702,-1.5207546382825785,1,0,0,1,0,1,1,0,1,0,0,1,0,0
2671,-0.43991649313097614,1.2064976032430856,-0.6899004003843444,0,1,1,0,1,0,0,1,0,1,0,1,0,0
858,-0.43991649313097614,-0.7888002190384014,0.5397638717050421,1,0,1,0,0,1,1,0,1,0,1,0,0,1
4354,-0.43991649313097614,-0.9924020376385531,0.5065297021891128,1,0,1,0,0,1,1,0,0,1,1,0,0,1
5545,-0.43991649313097614,1.5729808767233588,0.7059347192846889,0,1,1,0,0,1,0,1,0,1,1,0,0,0
396,-0.43991649313097614,-1.1960038562387048,0.7059347192846889,0,1,1,0,0,1,0,1,1,0,0,0,1,0
473,-0.43991649313097614,-0.5037576729981889,-0.49049538328876824,0,1,1,0,0,1,1,0,1,0,1,0,0,0
3916,-0.43991649313097614,-0.46303730927815856,1.3706181096032763,0,1,1,0,0,1,1,0,0,1,0,1,0,1
4239,-0.43991649313097614,-0.9516816739185228,-1.1551787736073555,0,1,0,1,1,0,1,0,1,0,0,1,0,1
2573,-0.43991649313097614,0.26992923768238775,-1.3545837907029317,0,1,0,1,0,1,0,1,1,0,0,0,1,0
5401,-0.43991649313097614,-0.748079855318371,-1.4875204687666492,1,0,0,1,0,1,1,0,0,1,1,0,0,0
2021,2.273158691738958,1.4100994218432374,1.4038522791192056,1,0,1,0,0,1,1,0,1,0,0,1,0,0
5723,-0.43991649313097614,-0.8295205827584317,-1.3213496211870024,0,1,1,0,0,1,0,1,0,1,1,0,0,0
1673,-0.43991649313097614,-0.9109613101984924,0.37359302412539525,1,0,1,0,0,1,0,1,1,0,0,0,1,0
6800,-0.43991649313097614,0.5142514200025698,-1.5207546382825785,0,1,0,1,0,1,0,1,0,1,0,0,1,0
4115,2.273158691738958,0.3920903288424788,1.3373839400873468,1,0,1,0,0,1,1,0,1,0,0,0,1,0
5995,2.273158691738958,-0.7073594915983407,0.6062322107369008,1,0,1,0,0,1,0,1,0,1,1,0,0,1
4097,-0.43991649313097614,-0.8295205827584317,-1.1551787736073555,1,0,0,1,1,0,1,0,0,1,1,0,0,0
5567,-0.43991649313097614,1.002895784642934,-0.22462202716133334,0,1,1,0,1,0,0,1,1,0,0,0,1,0
1277,-0.43991649313097614,-1.0738427650786138,-1.4875204687666492,0,1,0,1,0,1,1,0,0,1,0,0,1,0
1516,-0.43991649313097614,-1.1552834925186746,-0.6566662308684151,0,1,1,0,0,1,0,1,1,0,0,1,0,0
2698,-0.43991649313097614,0.3106496014024181,0.6394663802528302,1,0,1,0,0,1,0,1,1,0,0,0,1,0
6571,-0.43991649313097614,-0.748079855318371,-1.4875204687666492,0,1,0,1,0,1,1,0,1,0,1,0,0,0
3421,-0.43991649313097614,0.025607055362205634,0.0412513289661016,0,1,1,0,0,1,0,1,1,0,1,0,0,0
6349,-0.43991649313097614,0.22920887396235737,0.17418800702981907,0,1,1,0,0,1,1,0,0,1,1,0,0,0
4855,2.273158691738958,-0.9924020376385531,1.2044472620236295,0,1,1,0,0,1,1,0,1,0,0,1,0,1
6764,-0.43991649313097614,0.26992923768238775,-1.4875204687666492,1,0,0,1,0,1,0,1,1,0,0,1,0,0
4522,-0.43991649313097614,-0.8295205827584317,0.6394663802528302,1,0,0,1,0,1,1,0,1,0,1,0,0,1
2395,2.273158691738958,-1.1552834925186746,0.805637227832477,1,0,1,0,0,1,0,1,0,1,0,1,0,1
1570,2.273158691738958,-0.5851984004382496,0.3071246850935365,1,0,1,0,0,1,1,0,1,0,1,0,0,0
4881,-0.43991649313097614,1.6137012404433893,1.7029598047625698,1,0,0,1,0,1,1,0,1,0,0,0,1,0
4328,-0.43991649313097614,-0.9516816739185228,0.9718080754121239,0,1,1,0,0,1,1,0,0,1,1,0,0,0
3350,2.273158691738958,-0.5444780367182193,0.0412513289661016,0,1,1,0,0,1,0,1,0,1,1,0,0,0
926,-0.43991649313097614,-0.46303730927815856,-1.45428629925072,1,0,0,1,0,1,1,0,1,0,1,0,0,0
1167,-0.43991649313097614,1.6137012404433893,1.4703206181510644,1,0,0,1,0,1,0,1,1,0,1,0,0,0
6744,-0.43991649313097614,0.43281069256250915,1.2044472620236295,0,1,1,0,0,1,0,1,1,0,1,0,0,1
3964,-0.43991649313097614,0.35136996512244845,0.1409538375138897,1,0,1,0,0,1,1,0,1,0,0,0,1,0
4821,-0.43991649313097614,-0.7073594915983407,-0.32432453570912145,0,1,0,1,0,1,0,1,1,0,0,0,1,0
3883,-0.43991649313097614,-0.9516816739185228,0.3403588546094659,1,0,1,0,0,1,1,0,1,0,1,0,0,0
6670,2.273158691738958,0.06632741908223598,0.6727005497687596,0,1,1,0,0,1,0,1,0,1,1,0,0,0
3660,2.273158691738958,-0.1779947632379461,1.3706181096032763,1,0,1,0,0,1,0,1,0,1,0,1,0,1
147,-0.43991649313097614,-0.4223169455581282,-0.15815368812947458,0,1,1,0,0,1,1,0,1,0,0,1,0,0
3509,-0.43991649313097614,-0.8702409464784621,0.9718080754121239,1,0,1,0,0,1,0,1,0,1,0,0,1,1
320,2.273158691738958,0.880734693482843,-1.5207546382825785,1,0,1,0,0,1,0,1,0,1,1,0,0,0
5205,-0.43991649313097614,1.6137012404433893,1.6364914657307112,0,1,0,1,0,1,1,0,1,0,1,0,0,0
5793,-0.43991649313097614,-0.7888002190384014,1.2376814315395588,0,1,1,0,0,1,1,0,0,1,1,0,0,1
1494,-0.43991649313097614,-1.2774445836787656,0.3071246850935365,1,0,1,0,0,1,1,0,0,1,1,0,0,1
339,-0.43991649313097614,-0.4223169455581282,0.5065297021891128,1,0,0,1,0,1,1,0,0,1,1,0,0,0
5346,-0.43991649313097614,1.6137012404433893,0.17418800702981907,1,0,0,1,0,1,1,0,0,1,1,0,0,0
41,-0.43991649313097614,-1.1145631287986442,0.17418800702981907,0,1,1,0,0,1,1,0,1,0,0,1,0,1
2613,-0.43991649313097614,-0.46303730927815856,-0.19138785764540397,1,0,0,1,0,1,0,1,1,0,1,0,0,0
1475,-0.43991649313097614,0.26992923768238775,-0.19138785764540397,1,0,1,0,0,1,0,1,0,1,1,0,0,0
6620,-0.43991649313097614,-1.2774445836787656,-0.49049538328876824,1,0,1,0,0,1,1,0,1,0,1,0,0,0
6333,-0.43991649313097614,1.2064976032430856,-1.3545837907029317,0,1,1,0,0,1,1,0,0,1,0,0,1,0
6429,-0.43991649313097614,-1.2774445836787656,-1.45428629925072,1,0,1,0,0,1,1,0,0,1,1,0,0,0
4351,2.273158691738958,-1.2774445836787656,0.47329553267318336,0,1,1,0,0,1,1,0,1,0,1,0,0,1
1134,-0.43991649313097614,0.10704778280226633,-1.5207546382825785,0,1,1,0,0,1,1,0,1,0,1,0,0,0
6225,-0.43991649313097614,1.2879383306831464,1.5035547876669937,1,0,1,0,0,1,0,1,0,1,0,1,0,0
2217,2.273158691738958,1.002895784642934,0.8721055668643357,0,1,1,0,0,1,0,1,0,1,1,0,0,0
3677,-0.43991649313097614,-1.2774445836787656,0.1409538375138897,0,1,1,0,0,1,1,0,1,0,0,1,0,1
6600,-0.43991649313097614,1.6137012404433893,-1.3213496211870024,1,0,0,1,0,1,0,1,0,1,1,0,0,0
3526,-0.43991649313097614,-0.3408762181180675,0.5065297021891128,0,1,1,0,0,1,0,1,0,1,1,0,0,0
3573,-0.43991649313097614,-0.30015585439803716,-1.45428629925072,0,1,1,0,0,1,1,0,0,1,1,0,0,0
7012,-0.43991649313097614,1.4915401492832983,-1.4875204687666492,0,1,0,1,0,1,1,0,1,0,1,0,0,0
5931,-0.43991649313097614,1.4100994218432374,-0.4572612137728389,1,0,0,1,0,1,0,1,0,1,0,0,1,0
1703,2.273158691738958,-1.1145631287986442,0.5065297021891128,0,1,1,0,0,1,0,1,0,1,1,0,0,1
1614,-0.43991649313097614,1.002895784642934,-0.19138785764540397,1,0,0,1,0,1,1,0,1,0,1,0,0,0
2068,-0.43991649313097614,-1.1960038562387048,-1.4875204687666492,1,0,1,0,0,1,0,1,0,1,0,1,0,0
5952,-0.43991649313097614,-0.8295205827584317,-1.5207546382825785,1,0,1,0,0,1,0,1,0,1,1,0,0,0
5214,-0.43991649313097614,-0.1779947632379461,-0.3575587052250508,0,1,0,1,0,1,0,1,0,1,1,0,0,0
3362,-0.43991649313097614,-0.9109613101984924,0.17418800702981907,1,0,0,1,0,1,0,1,1,0,1,0,0,0
4872,-0.43991649313097614,0.47353105628253944,-0.29109036619319206,1,0,0,1,0,1,1,0,1,0,0,1,0,0
4962,-0.43991649313097614,1.5729808767233588,1.6364914657307112,1,0,0,1,0,1,1,0,1,0,1,0,0,0
5964,-0.43991649313097614,-0.5444780367182193,-1.4875204687666492,0,1,0,1,0,1,0,1,1,0,0,1,0,0
4469,-0.43991649313097614,0.5142514200025698,1.437086448635135,0,1,1,0,0,1,0,1,1,0,1,0,0,0
979,2.273158691738958,0.47353105628253944,1.3041497705714176,1,0,1,0,0,1,0,1,0,1,0,1,0,0
6287,-0.43991649313097614,-0.5444780367182193,0.7059347192846889,0,1,1,0,0,1,1,0,1,0,1,0,0,1
6024,-0.43991649313097614,0.025607055362205634,0.805637227832477,0,1,1,0,0,1,1,0,1,0,0,0,1,0
151,-0.43991649313097614,0.06632741908223598,-1.45428629925072,0,1,0,1,0,1,1,0,1,0,1,0,0,0
6233,-0.43991649313097614,-0.2594354906780068,0.3403588546094659,1,0,1,0,0,1,0,1,0,1,1,0,0,1
1296,-0.43991649313097614,0.6364125111626608,1.3706181096032763,0,1,1,0,0,1,0,1,1,0,0,0,1,1
3204,-0.43991649313097614,-1.2774445836787656,-1.4875204687666492,1,0,1,0,0,1,0,1,1,0,0,0,1,1
422,-0.43991649313097614,-0.055833672077855064,0.6394663802528302,1,0,1,0,0,1,1,0,0,1,1,0,0,0
316,-0.43991649313097614,-0.9516816739185228,0.6727005497687596,1,0,0,1,0,1,0,1,0,1,0,1,0,1
5349,-0.43991649313097614,1.4508197855632678,-1.288115451671073,1,0,1,0,0,1,1,0,1,0,0,1,0,0
6826,-0.43991649313097614,-0.5444780367182193,1.071510583959912,1,0,1,0,0,1,0,1,0,1,1,0,0,0
6120,-0.43991649313097614,1.4100994218432374,1.270915601055488,0,1,0,1,0,1,1,0,1,0,0,1,0,0
503,-0.43991649313097614,-0.5037576729981889,-0.49049538328876824,0,1,0,1,0,1,0,1,1,0,0,1,0,0
1371,-0.43991649313097614,-1.2367242199587352,-1.45428629925072,1,0,1,0,0,1,1,0,1,0,0,0,1,1
1021,-0.43991649313097614,-0.3408762181180675,0.805637227832477,1,0,1,0,0,1,1,0,1,0,1,0,0,0
830,-0.43991649313097614,-0.7073594915983407,-1.4875204687666492,0,1,1,0,0,1,1,0,1,0,1,0,0,0
5604,-0.43991649313097614,-0.748079855318371,-0.19138785764540397,1,0,1,0,0,1,1,0,1,0,1,0,0,0
3360,2.273158691738958,-0.5851984004382496,0.5397638717050421,0,1,1,0,0,1,1,0,1,0,1,0,0,0
3395,-0.43991649313097614,0.6771328748826912,1.2044472620236295,1,0,1,0,0,1,0,1,1,0,0,1,0,0
5997,-0.43991649313097614,-1.2774445836787656,-0.32432453570912145,1,0,1,0,0,1,1,0,1,0,0,0,1,0
2765,-0.43991649313097614,-1.1145631287986442,-1.4875204687666492,0,1,0,1,0,1,0,1,1,0,1,0,0,0
3626,-0.43991649313097614,-0.13727439951791576,0.1409538375138897,1,0,1,0,0,1,1,0,1,0,0,0,1,1
5411,-0.43991649313097614,-0.62591876415828,-1.5207546382825785,1,0,1,0,0,1,1,0,0,1,0,0,1,0
5457,-0.43991649313097614,1.0843365120829946,-0.12491951861354524,0,1,1,0,0,1,1,0,1,0,1,0,0,0
4166,-0.43991649313097614,0.5142514200025698,1.6032572962147817,1,0,1,0,0,1,0,1,0,1,1,0,0,0
4288,-0.43991649313097614,0.47353105628253944,0.1409538375138897,0,1,1,0,0,1,0,1,0,1,0,1,0,0
1020,-0.43991649313097614,1.1657772395230555,-1.5207546382825785,1,0,1,0,0,1,1,0,1,0,1,0,0,0
3969,-0.43991649313097614,-0.7073594915983407,0.9385739058961945,0,1,1,0,0,1,1,0,1,0,0,0,1,1
5010,-0.43991649313097614,-1.0331224013585834,-1.45428629925072,1,0,0,1,0,1,0,1,0,1,0,1,0,0
4811,-0.43991649313097614,1.247217966963116,1.1047447534758412,1,0,1,0,0,1,0,1,0,1,1,0,0,0
3521,-0.43991649313097614,-0.38159658183809786,-1.4875204687666492,1,0,0,1,0,1,1,0,1,0,1,0,0,0
6031,-0.43991649313097614,1.5729808767233588,-1.5207546382825785,1,0,1,0,0,1,1,0,1,0,1,0,0,0
5731,-0.43991649313097614,-1.0331224013585834,-1.5207546382825785,0,1,1,0,0,1,1,0,1,0,0,0,1,1
973,-0.43991649313097614,-0.9516816739185228,0.3071246850935365,1,0,1,0,0,1,1,0,1,0,0,0,1,1
6321,-0.43991649313097614,0.9621754209229036,-1.3545837907029317,0,1,0,1,0,1,1,0,1,0,0,1,0,0
4047,2.273158691738958,-1.2774445836787656,0.17418800702981907,1,0,1,0,0,1,0,1,1,0,1,0,0,1
1096,-0.43991649313097614,-0.9109613101984924,-1.5207546382825785,1,0,1,0,0,1,1,0,0,1,1,0,0,0
1736,-0.43991649313097614,1.0843365120829946,-1.5207546382825785,0,1,1,0,0,1,0,1,0,1,0,0,1,1
1839,-0.43991649313097614,0.025607055362205634,-1.4875204687666492,0,1,0,1,0,1,0,1,0,1,1,0,0,0
5261,-0.43991649313097614,-0.4223169455581282,-1.45428629925072,1,0,0,1,0,1,0,1,0,1,1,0,0,0
169,-0.43991649313097614,1.4508197855632678,1.2044472620236295,0,1,1,0,0,1,1,0,1,0,1,0,0,0
4928,-0.43991649313097614,-1.1552834925186746,0.5065297021891128,0,1,1,0,0,1,1,0,1,0,0,0,1,0
6724,-0.43991649313097614,0.43281069256250915,1.3706181096032763,1,0,0,1,0,1,1,0,1,0,0,0,1,0
121,-0.43991649313097614,0.3920903288424788,0.44006136315725397,1,0,1,0,0,1,0,1,0,1,0,1,0,0
5541,-0.43991649313097614,1.247217966963116,1.5035547876669937,1,0,1,0,0,1,1,0,1,0,1,0,0,0
5356,2.273158691738958,0.5549717837226001,1.2044472620236295,0,1,1,0,0,1,0,1,0,1,1,0,0,1
3701,2.273158691738958,1.6137012404433893,0.8388713973484064,1,0,0,1,0,1,1,0,1,0,1,0,0,0
5272,2.273158691738958,-0.30015585439803716,0.8388713973484064,1,0,1,0,0,1,1,0,1,0,1,0,0,1
2244,-0.43991649313097614,-0.2594354906780068,-0.8228370784480619,0,1,0,1,1,0,0,1,0,1,1,0,0,0
3690,-0.43991649313097614,-1.2774445836787656,0.8388713973484064,0,1,0,1,0,1,1,0,0,1,1,0,0,0
310,-0.43991649313097614,-1.2774445836787656,0.7059347192846889,1,0,1,0,0,1,0,1,1,0,0,1,0,1
6612,-0.43991649313097614,1.1657772395230555,-1.3213496211870024,1,0,0,1,0,1,0,1,1,0,0,1,0,0
559,2.273158691738958,-0.13727439951791576,1.3041497705714176,0,1,0,1,0,1,1,0,0,1,1,0,0,0
6499,-0.43991649313097614,-1.0331224013585834,-1.4875204687666492,1,0,0,1,0,1,1,0,0,1,1,0,0,0
1415,-0.43991649313097614,-1.0331224013585834,0.17418800702981907,0,1,1,0,0,1,0,1,0,1,1,0,0,0
2191,-0.43991649313097614,-1.1960038562387048,0.7059347192846889,1,0,1,0,0,1,0,1,1,0,0,0,1,1
685,-0.43991649313097614,0.5549717837226001,-1.4875204687666492,0,1,0,1,0,1,1,0,0,1,1,0,0,0
101,-0.43991649313097614,-0.748079855318371,0.17418800702981907,1,0,0,1,0,1,1,0,1,0,1,0,0,0
2414,-0.43991649313097614,-1.1552834925186746,-1.4875204687666492,1,0,1,0,0,1,1,0,1,0,0,0,1,0
507,-0.43991649313097614,-0.9516816739185228,-0.5237295528046976,1,0,1,0,1,0,0,1,0,1,1,0,0,1
5622,-0.43991649313097614,0.9214550572028734,-0.19138785764540397,0,1,0,1,0,1,0,1,0,1,1,0,0,0
1669,-0.43991649313097614,-0.9516816739185228,-0.8228370784480619,0,1,1,0,1,0,0,1,0,1,1,0,0,0
1701,-0.43991649313097614,-1.1552834925186746,-0.7563687394162032,0,1,1,0,1,0,1,0,1,0,0,0,1,0
3868,-0.43991649313097614,-0.7888002190384014,-0.3575587052250508,0,1,1,0,1,0,1,0,1,0,0,0,1,1
4259,-0.43991649313097614,-1.0738427650786138,-1.1551787736073555,0,1,1,0,1,0,0,1,0,1,0,1,0,1
666,-0.43991649313097614,-1.2367242199587352,-0.6566662308684151,0,1,1,0,0,1,1,0,0,1,1,0,0,1
2090,-0.43991649313097614,1.369379058123207,1.3373839400873468,1,0,1,0,0,1,1,0,1,0,0,0,1,0
4302,-0.43991649313097614,-1.1960038562387048,-0.9890079260277087,1,0,1,0,1,0,1,0,1,0,0,0,1,0
6191,2.273158691738958,0.880734693482843,-1.3213496211870024,0,1,1,0,1,0,1,0,0,1,1,0,0,0
6879,-0.43991649313097614,0.7178532386027215,1.5035547876669937,1,0,1,0,0,1,1,0,0,1,1,0,0,1
306,-0.43991649313097614,0.8400143297628127,-1.5207546382825785,0,1,0,1,0,1,0,1,1,0,0,0,1,0
792,-0.43991649313097614,-1.0738427650786138,0.6727005497687596,0,1,1,0,0,1,0,1,1,0,0,1,0,1
483,2.273158691738958,0.9214550572028734,1.1379789229917707,0,1,1,0,0,1,1,0,0,1,1,0,0,1
653,-0.43991649313097614,-0.748079855318371,-1.4875204687666492,0,1,0,1,0,1,1,0,1,0,0,0,1,0
2234,-0.43991649313097614,-1.2774445836787656,-1.4875204687666492,0,1,1,0,0,1,1,0,1,0,1,0,0,0
3439,-0.43991649313097614,-0.5037576729981889,-0.025217010065757134,0,1,1,0,0,1,0,1,0,1,1,0,0,0
1291,-0.43991649313097614,-1.0738427650786138,-0.29109036619319206,1,0,1,0,0,1,0,1,1,0,0,0,1,1
1043,-0.43991649313097614,1.125056875803025,1.2376814315395588,0,1,1,0,0,1,1,0,0,1,1,0,0,0
5297,-0.43991649313097614,1.6137012404433893,1.437086448635135,1,0,0,1,0,1,1,0,1,0,0,1,0,0
4896,-0.43991649313097614,0.14776814652229667,-0.3575587052250508,0,1,0,1,0,1,1,0,0,1,1,0,0,0
2652,-0.43991649313097614,0.9214550572028734,-1.288115451671073,1,0,0,1,0,1,1,0,0,1,1,0,0,0
1003,-0.43991649313097614,-1.0738427650786138,-0.19138785764540397,0,1,1,0,0,1,1,0,0,1,1,0,0,0
4196,-0.43991649313097614,0.880734693482843,1.3041497705714176,0,1,1,0,0,1,0,1,1,0,1,0,0,1
4647,2.273158691738958,-0.7888002190384014,-0.6566662308684151,1,0,1,0,1,0,1,0,0,1,1,0,0,0
954,-0.43991649313097614,1.247217966963116,-0.19138785764540397,1,0,1,0,0,1,1,0,1,0,1,0,0,0
5871,-0.43991649313097614,0.10704778280226633,0.1409538375138897,0,1,1,0,0,1,0,1,1,0,1,0,0,0
4975,-0.43991649313097614,1.1657772395230555,0.5397638717050421,0,1,1,0,0,1,1,0,1,0,1,0,0,0
1386,-0.43991649313097614,-1.1960038562387048,0.17418800702981907,1,0,1,0,0,1,1,0,0,1,0,0,1,0
317,-0.43991649313097614,1.6137012404433893,-1.4875204687666492,1,0,1,0,0,1,1,0,1,0,0,0,1,0
6572,-0.43991649313097614,-1.0738427650786138,-0.49049538328876824,0,1,1,0,0,1,1,0,1,0,0,1,0,0
532,2.273158691738958,1.0843365120829946,0.47329553267318336,1,0,1,0,0,1,1,0,1,0,0,0,1,0
6273,-0.43991649313097614,1.1657772395230555,-1.4875204687666492,0,1,0,1,0,1,1,0,1,0,0,1,0,0
672,2.273158691738958,0.9214550572028734,0.37359302412539525,1,0,0,1,0,1,0,1,1,0,0,0,1,0
2091,-0.43991649313097614,-0.13727439951791576,0.37359302412539525,0,1,0,1,0,1,1,0,1,0,1,0,0,0
3606,-0.43991649313097614,1.247217966963116,0.2406563460616778,0,1,1,0,0,1,1,0,1,0,1,0,0,0
3816,-0.43991649313097614,1.2879383306831464,1.2376814315395588,0,1,1,0,0,1,0,1,0,1,1,0,0,0
2120,-0.43991649313097614,-0.8295205827584317,0.6727005497687596,1,0,1,0,0,1,1,0,1,0,0,1,0,0
383,-0.43991649313097614,1.5729808767233588,-1.288115451671073,1,0,1,0,0,1,1,0,1,0,0,0,1,0
6668,-0.43991649313097614,1.5729808767233588,0.07448549848203097,1,0,1,0,1,0,1,0,0,1,1,0,0,0
1278,-0.43991649313097614,-1.2367242199587352,0.7059347192846889,0,1,1,0,0,1,1,0,1,0,0,0,1,1
3270,-0.43991649313097614,1.0436161483629645,-1.3213496211870024,0,1,1,0,0,1,0,1,1,0,0,1,0,0
5884,-0.43991649313097614,-1.0738427650786138,-1.3213496211870024,0,1,1,0,0,1,1,0,1,0,1,0,0,0
4671,2.273158691738958,0.9621754209229036,1.071510583959912,1,0,1,0,0,1,1,0,1,0,1,0,0,0
4058,-0.43991649313097614,-0.3408762181180675,-1.4875204687666492,1,0,1,0,0,1,0,1,1,0,0,0,1,0
2636,-0.43991649313097614,-1.1960038562387048,1.0050422449280532,1,0,1,0,0,1,0,1,1,0,0,0,1,0
4610,-0.43991649313097614,0.6771328748826912,1.1379789229917707,0,1,1,0,0,1,0,1,1,0,0,1,0,0
1262,-0.43991649313097614,1.4100994218432374,-0.15815368812947458,0,1,0,1,0,1,1,0,0,1,1,0,0,0
1914,-0.43991649313097614,-0.5037576729981889,-1.5207546382825785,1,0,1,0,0,1,0,1,0,1,0,1,0,0
6158,2.273158691738958,-1.0331224013585834,0.6727005497687596,1,0,1,0,0,1,1,0,1,0,1,0,0,1
5249,2.273158691738958,-0.9109613101984924,0.6727005497687596,1,0,1,0,0,1,1,0,1,0,0,0,1,1
838,-0.43991649313097614,-1.0331224013585834,0.3403588546094659,1,0,1,0,0,1,1,0,1,0,1,0,0,1
3418,-0.43991649313097614,0.5549717837226001,1.3373839400873468,1,0,0,1,0,1,1,0,1,0,1,0,0,1
5074,2.273158691738958,-0.5037576729981889,0.47329553267318336,1,0,1,0,0,1,1,0,1,0,0,1,0,1
4207,-0.43991649313097614,0.8400143297628127,0.9718080754121239,0,1,1,0,0,1,0,1,0,1,0,0,1,1
1425,-0.43991649313097614,0.14776814652229667,-0.3907928747409802,1,0,1,0,1,0,1,0,1,0,0,1,0,0
2576,-0.43991649313097614,0.5956921474426305,-0.8228370784480619,1,0,1,0,1,0,1,0,1,0,1,0,0,0
2992,-0.43991649313097614,0.18848851024232702,-0.8228370784480619,0,1,0,1,1,0,1,0,0,1,1,0,0,1
6043,-0.43991649313097614,1.002895784642934,1.270915601055488,0,1,1,0,0,1,1,0,1,0,0,1,0,0
5566,-0.43991649313097614,0.43281069256250915,-0.6899004003843444,0,1,1,0,1,0,1,0,1,0,1,0,0,0
2266,-0.43991649313097614,-0.1779947632379461,0.40682719364132464,0,1,1,0,0,1,0,1,0,1,1,0,0,0
130,-0.43991649313097614,-0.9109613101984924,0.7059347192846889,0,1,1,0,0,1,1,0,1,0,0,1,0,1
3363,-0.43991649313097614,0.26992923768238775,-0.49049538328876824,0,1,1,0,0,1,1,0,1,0,1,0,0,0
1247,2.273158691738958,-0.21871512695797646,0.6727005497687596,1,0,1,0,0,1,0,1,0,1,1,0,0,1
5437,-0.43991649313097614,-1.1552834925186746,-1.4875204687666492,1,0,1,0,0,1,1,0,1,0,1,0,0,0
6663,-0.43991649313097614,0.47353105628253944,0.9385739058961945,0,1,0,1,0,1,1,0,1,0,0,1,0,0
1488,-0.43991649313097614,-1.2367242199587352,-0.5237295528046976,0,1,1,0,1,0,0,1,0,1,0,1,0,1
5238,-0.43991649313097614,1.5322605130033284,0.008017159450172232,0,1,0,1,0,1,1,0,1,0,1,0,0,0
62,-0.43991649313097614,-0.9109613101984924,-0.3575587052250508,1,0,1,0,0,1,0,1,0,1,1,0,0,0
4385,2.273158691738958,-1.1145631287986442,0.5397638717050421,1,0,1,0,0,1,1,0,0,1,1,0,0,1
631,-0.43991649313097614,1.1657772395230555,0.8388713973484064,1,0,1,0,0,1,0,1,0,1,1,0,0,0
4382,2.273158691738958,-1.1552834925186746,0.17418800702981907,0,1,1,0,0,1,0,1,0,1,1,0,0,0
1280,-0.43991649313097614,-1.2367242199587352,-1.4875204687666492,0,1,1,0,0,1,1,0,1,0,0,1,0,0
4415,-0.43991649313097614,0.06632741908223598,0.6727005497687596,1,0,0,1,0,1,1,0,1,0,1,0,0,0
4029,-0.43991649313097614,-1.2774445836787656,1.2044472620236295,0,1,1,0,0,1,1,0,0,1,0,0,1,1
4112,-0.43991649313097614,-1.1960038562387048,-1.5207546382825785,1,0,0,1,0,1,1,0,1,0,0,1,0,0
4697,-0.43991649313097614,-1.2774445836787656,-0.6566662308684151,1,0,1,0,0,1,1,0,0,1,0,0,1,0
4411,2.273158691738958,-0.5037576729981889,0.20742217654574843,0,1,1,0,0,1,1,0,0,1,1,0,0,1
6726,-0.43991649313097614,-0.5851984004382496,-1.4875204687666492,1,0,0,1,0,1,1,0,1,0,1,0,0,0
3921,-0.43991649313097614,-0.9109613101984924,1.5035547876669937,0,1,1,0,0,1,0,1,0,1,0,0,1,1
4292,-0.43991649313097614,1.5729808767233588,-1.288115451671073,0,1,1,0,0,1,0,1,0,1,0,0,1,0
1490,-0.43991649313097614,-1.0331224013585834,-1.4875204687666492,1,0,1,0,0,1,1,0,1,0,0,1,0,0
3145,-0.43991649313097614,-1.2774445836787656,-1.45428629925072,1,0,1,0,0,1,1,0,1,0,1,0,0,1
6336,-0.43991649313097614,-0.9516816739185228,-0.32432453570912145,1,0,0,1,0,1,1,0,1,0,1,0,0,0
6154,-0.43991649313097614,-1.2367242199587352,-0.3575587052250508,0,1,1,0,0,1,1,0,1,0,0,0,1,1
4509,-0.43991649313097614,-0.8295205827584317,-0.2578561966772627,0,1,1,0,0,1,1,0,1,0,1,0,0,1
2728,-0.43991649313097614,0.10704778280226633,-1.4875204687666492,0,1,0,1,0,1,0,1,0,1,1,0,0,0
5672,-0.43991649313097614,0.025607055362205634,-1.4875204687666492,1,0,0,1,0,1,0,1,1,0,0,0,1,0
